   287.500000       1.13000000    
          37          37
   1.25000000       20.0000000    
   1.25000000       20.0000000    
           2           3
          25          70          15
   IIN     XIN       REL SPACING 
    1       0.00000   0.50000
    2       0.10000   0.70000
    3       0.20000   1.00000
    4       0.30000   1.40000
    5       0.40000   2.00000
    6       0.50000   3.00000
    7       0.60000   3.00000
    8       0.70000   3.00000
    9       0.80000   2.50000
   10       0.90000   2.00000
   11       1.00000   1.50000

 INTERPOLATED POSITIONS OF THE GRID POINTS ON THE BLADE
 AND THE RELATIVE SPACING OF THE POINTS 

    1       0.00000   0.50000
    2       0.01449   0.52279
    3       0.02899   0.54768
    4       0.04348   0.57467
    5       0.05797   0.60376
    6       0.07246   0.63495
    7       0.08696   0.66824
    8       0.10145   0.70363
    9       0.11594   0.74113
   10       0.13043   0.78072
   11       0.14493   0.82241
   12       0.15942   0.86620
   13       0.17391   0.91210
   14       0.18841   0.96009
   15       0.20290   1.00970
   16       0.21739   1.05957
   17       0.23188   1.11190
   18       0.24638   1.16701
   19       0.26087   1.22518
   20       0.27536   1.28674
   21       0.28986   1.35198
   22       0.30435   1.42048
   23       0.31884   1.49170
   24       0.33333   1.56790
   25       0.34783   1.64971
   26       0.36232   1.73773
   27       0.37681   1.83256
   28       0.39130   1.93482
   29       0.40580   2.06053
   30       0.42029   2.21595
   31       0.43478   2.37380
   32       0.44928   2.52982
   33       0.46377   2.67976
   34       0.47826   2.81935
   35       0.49275   2.94432
   36       0.50725   3.02159
   37       0.52174   3.05055
   38       0.53623   3.06306
   39       0.55072   3.06219
   40       0.56522   3.05096
   41       0.57971   3.03242
   42       0.59420   3.00963
   43       0.60870   3.00719
   44       0.62319   3.01828
   45       0.63768   3.02694
   46       0.65217   3.03164
   47       0.66667   3.03086
   48       0.68116   3.02308
   49       0.69565   3.00678
   50       0.71014   2.96370
   51       0.72464   2.90395
   52       0.73913   2.83628
   53       0.75362   2.76222
   54       0.76812   2.68329
   55       0.78261   2.60101
   56       0.79710   2.51691
   57       0.81159   2.44203
   58       0.82609   2.36957
   59       0.84058   2.29710
   60       0.85507   2.22464
   61       0.86957   2.15217
   62       0.88406   2.07971
   63       0.89855   2.00725
   64       0.91304   1.93478
   65       0.92754   1.86232
   66       0.94203   1.78985
   67       0.95652   1.71739
   68       0.97101   1.64493
   69       0.98551   1.57246
   70       1.00000   1.50000

  BLADE TRUE CHORD:AXIAL CHORD RATIO =    1.21910214    


    TKLE      TKTE      TKMAX     XTMAX     XMODLE     XMODTE    TK_TYP 
    0.0200    0.0100    0.0750    0.4000    0.0200    0.0100    2.0000


 FCHORD=    1.00000000      FPERP=    0.00000000     FTKSCALE=    1.00000000    


  CENTRELINE COORDINATES AND THICKNESS FOR INTYPE = 1

    XIN        YIN       TKIN 
   0.00000   0.00000   0.02438
   0.00006  -0.00007   0.02457
   0.00025  -0.00030   0.02492
   0.00056  -0.00067   0.02537
   0.00100  -0.00118   0.02590
   0.00156  -0.00185   0.02651
   0.00224  -0.00266   0.02718
   0.00305  -0.00362   0.02790
   0.00398  -0.00472   0.02867
   0.00504  -0.00597   0.02948
   0.00622  -0.00736   0.03034
   0.00752  -0.00890   0.03123
   0.00895  -0.01057   0.03216
   0.01049  -0.01239   0.03312
   0.01216  -0.01435   0.03411
   0.01395  -0.01644   0.03513
   0.01587  -0.01867   0.03617
   0.01790  -0.02103   0.03723
   0.02005  -0.02352   0.03831
   0.02232  -0.02615   0.03941
   0.02472  -0.02890   0.04053
   0.02723  -0.03178   0.04166
   0.02985  -0.03479   0.04280
   0.03260  -0.03792   0.04395
   0.03546  -0.04117   0.04512
   0.03844  -0.04454   0.04629
   0.04153  -0.04802   0.04747
   0.04474  -0.05162   0.04865
   0.04806  -0.05532   0.04984
   0.05149  -0.05914   0.05103
   0.05504  -0.06306   0.05222
   0.05869  -0.06709   0.05341
   0.06246  -0.07122   0.05459
   0.06633  -0.07545   0.05578
   0.07031  -0.07977   0.05696
   0.07440  -0.08418   0.05813
   0.07860  -0.08869   0.05930
   0.08290  -0.09328   0.06046
   0.08730  -0.09796   0.06161
   0.09181  -0.10273   0.06275
   0.09642  -0.10757   0.06388
   0.10113  -0.11249   0.06500
   0.10594  -0.11748   0.06611
   0.11085  -0.12255   0.06720
   0.11585  -0.12768   0.06828
   0.12095  -0.13288   0.06934
   0.12615  -0.13815   0.07038
   0.13144  -0.14347   0.07141
   0.13682  -0.14886   0.07242
   0.14229  -0.15430   0.07341
   0.14784  -0.15979   0.07438
   0.15349  -0.16533   0.07533
   0.15923  -0.17092   0.07625
   0.16504  -0.17656   0.07716
   0.17095  -0.18224   0.07804
   0.17693  -0.18796   0.07890
   0.18299  -0.19371   0.07974
   0.18914  -0.19950   0.08055
   0.19536  -0.20533   0.08133
   0.20166  -0.21119   0.08209
   0.20803  -0.21707   0.08282
   0.21447  -0.22298   0.08353
   0.22099  -0.22891   0.08421
   0.22757  -0.23487   0.08486
   0.23422  -0.24084   0.08548
   0.24094  -0.24683   0.08608
   0.24772  -0.25284   0.08664
   0.25457  -0.25885   0.08718
   0.26148  -0.26488   0.08768
   0.26845  -0.27092   0.08816
   0.27547  -0.27696   0.08860
   0.28255  -0.28301   0.08902
   0.28968  -0.28906   0.08940
   0.29687  -0.29510   0.08976
   0.30411  -0.30115   0.09008
   0.31140  -0.30718   0.09037
   0.31873  -0.31321   0.09063
   0.32611  -0.31923   0.09086
   0.33353  -0.32523   0.09106
   0.34099  -0.33122   0.09122
   0.34850  -0.33719   0.09136
   0.35604  -0.34315   0.09146
   0.36362  -0.34909   0.09153
   0.37123  -0.35500   0.09157
   0.37887  -0.36089   0.09157
   0.38654  -0.36676   0.09155
   0.39424  -0.37260   0.09149
   0.40197  -0.37841   0.09141
   0.40972  -0.38419   0.09129
   0.41750  -0.38994   0.09114
   0.42529  -0.39566   0.09096
   0.43311  -0.40134   0.09075
   0.44094  -0.40699   0.09051
   0.44878  -0.41260   0.09024
   0.45664  -0.41817   0.08994
   0.46451  -0.42371   0.08961
   0.47239  -0.42920   0.08926
   0.48027  -0.43465   0.08887
   0.48816  -0.44006   0.08846
   0.49605  -0.44542   0.08801
   0.50395  -0.45074   0.08754
   0.51184  -0.45601   0.08705
   0.51973  -0.46123   0.08652
   0.52761  -0.46640   0.08597
   0.53549  -0.47152   0.08540
   0.54336  -0.47659   0.08479
   0.55122  -0.48160   0.08417
   0.55906  -0.48657   0.08352
   0.56689  -0.49147   0.08284
   0.57471  -0.49633   0.08215
   0.58250  -0.50113   0.08143
   0.59028  -0.50587   0.08069
   0.59803  -0.51055   0.07992
   0.60576  -0.51518   0.07914
   0.61346  -0.51974   0.07834
   0.62113  -0.52425   0.07751
   0.62877  -0.52870   0.07667
   0.63638  -0.53309   0.07581
   0.64396  -0.53742   0.07493
   0.65150  -0.54169   0.07404
   0.65901  -0.54590   0.07313
   0.66647  -0.55005   0.07220
   0.67389  -0.55413   0.07126
   0.68127  -0.55816   0.07031
   0.68860  -0.56212   0.06934
   0.69589  -0.56602   0.06836
   0.70313  -0.56986   0.06736
   0.71031  -0.57363   0.06636
   0.71745  -0.57735   0.06535
   0.72453  -0.58100   0.06432
   0.73155  -0.58459   0.06329
   0.73852  -0.58811   0.06225
   0.74543  -0.59158   0.06120
   0.75228  -0.59498   0.06015
   0.75906  -0.59832   0.05909
   0.76578  -0.60159   0.05803
   0.77243  -0.60481   0.05696
   0.77901  -0.60796   0.05589
   0.78553  -0.61105   0.05481
   0.79197  -0.61408   0.05374
   0.79834  -0.61705   0.05266
   0.80464  -0.61996   0.05158
   0.81086  -0.62280   0.05050
   0.81701  -0.62559   0.04943
   0.82307  -0.62831   0.04836
   0.82905  -0.63098   0.04729
   0.83496  -0.63358   0.04622
   0.84077  -0.63613   0.04516
   0.84651  -0.63862   0.04410
   0.85216  -0.64105   0.04305
   0.85771  -0.64342   0.04201
   0.86318  -0.64573   0.04097
   0.86856  -0.64799   0.03994
   0.87385  -0.65019   0.03892
   0.87905  -0.65233   0.03791
   0.88415  -0.65442   0.03692
   0.88915  -0.65645   0.03593
   0.89406  -0.65843   0.03495
   0.89887  -0.66035   0.03399
   0.90358  -0.66221   0.03304
   0.90819  -0.66403   0.03210
   0.91270  -0.66579   0.03118
   0.91710  -0.66749   0.03028
   0.92140  -0.66915   0.02939
   0.92560  -0.67075   0.02851
   0.92969  -0.67230   0.02766
   0.93367  -0.67380   0.02682
   0.93754  -0.67525   0.02600
   0.94131  -0.67665   0.02520
   0.94496  -0.67800   0.02442
   0.94851  -0.67930   0.02366
   0.95194  -0.68056   0.02291
   0.95526  -0.68176   0.02219
   0.95847  -0.68292   0.02150
   0.96156  -0.68402   0.02082
   0.96454  -0.68509   0.02017
   0.96740  -0.68610   0.01954
   0.97015  -0.68707   0.01893
   0.97277  -0.68799   0.01835
   0.97528  -0.68887   0.01779
   0.97768  -0.68970   0.01725
   0.97995  -0.69049   0.01674
   0.98210  -0.69123   0.01626
   0.98413  -0.69193   0.01580
   0.98605  -0.69258   0.01537
   0.98784  -0.69319   0.01497
   0.98951  -0.69376   0.01459
   0.99105  -0.69429   0.01424
   0.99248  -0.69477   0.01391
   0.99378  -0.69521   0.01361
   0.99496  -0.69560   0.01335
   0.99602  -0.69596   0.01310
   0.99695  -0.69627   0.01289
   0.99776  -0.69654   0.01271
   0.99844  -0.69677   0.01255
   0.99900  -0.69696   0.01242
   0.99944  -0.69710   0.01232
   0.99975  -0.69720   0.01225
   0.99994  -0.69727   0.01221
   1.00000  -0.69729   0.01219

  BLADE SURFACE COORDINATES GENERATED USING INTYPE = 1

  XUP          YUP       XLOW      YLOW 
   0.00001   0.01219  -0.00001  -0.01219
   0.00007   0.01221   0.00005  -0.01236
   0.00026   0.01216   0.00024  -0.01276
   0.00057   0.01202   0.00055  -0.01335
   0.00101   0.01177   0.00099  -0.01414
   0.00157   0.01140   0.00155  -0.01510
   0.00225   0.01093   0.00223  -0.01625
   0.00306   0.01033   0.00304  -0.01757
   0.00399   0.00961   0.00397  -0.01906
   0.00505   0.00877   0.00503  -0.02071
   0.00623   0.00781   0.00621  -0.02253
   0.00753   0.00672   0.00751  -0.02452
   0.00896   0.00551   0.00894  -0.02666
   0.01050   0.00417   0.01048  -0.02895
   0.01217   0.00271   0.01215  -0.03140
   0.01396   0.00112   0.01394  -0.03400
   0.01588  -0.00058   0.01586  -0.03675
   0.01791  -0.00242   0.01789  -0.03964
   0.02006  -0.00437   0.02004  -0.04268
   0.02233  -0.00645   0.02231  -0.04585
   0.02473  -0.00864   0.02471  -0.04917
   0.02724  -0.01096   0.02722  -0.05261
   0.02986  -0.01339   0.02984  -0.05619
   0.03261  -0.01594   0.03259  -0.05990
   0.03547  -0.01861   0.03545  -0.06373
   0.03845  -0.02139   0.03843  -0.06768
   0.04154  -0.02428   0.04152  -0.07175
   0.04475  -0.02729   0.04473  -0.07594
   0.04807  -0.03040   0.04805  -0.08024
   0.05150  -0.03363   0.05148  -0.08465
   0.05505  -0.03696   0.05503  -0.08917
   0.05870  -0.04039   0.05868  -0.09379
   0.06247  -0.04392   0.06245  -0.09852
   0.06634  -0.04756   0.06632  -0.10333
   0.07032  -0.05129   0.07030  -0.10825
   0.07441  -0.05512   0.07439  -0.11325
   0.07861  -0.05904   0.07859  -0.11834
   0.08291  -0.06305   0.08289  -0.12352
   0.08731  -0.06716   0.08729  -0.12877
   0.09182  -0.07135   0.09180  -0.13410
   0.09643  -0.07563   0.09641  -0.13951
   0.10114  -0.07999   0.10112  -0.14499
   0.10595  -0.08443   0.10593  -0.15054
   0.11086  -0.08895   0.11084  -0.15615
   0.11586  -0.09354   0.11584  -0.16182
   0.12096  -0.09821   0.12094  -0.16755
   0.12616  -0.10296   0.12614  -0.17334
   0.13145  -0.10777   0.13143  -0.17918
   0.13683  -0.11265   0.13681  -0.18507
   0.14230  -0.11759   0.14228  -0.19100
   0.14785  -0.12260   0.14783  -0.19698
   0.15350  -0.12767   0.15348  -0.20299
   0.15924  -0.13279   0.15922  -0.20905
   0.16505  -0.13798   0.16503  -0.21514
   0.17096  -0.14321   0.17094  -0.22126
   0.17694  -0.14850   0.17692  -0.22741
   0.18300  -0.15384   0.18298  -0.23358
   0.18915  -0.15923   0.18913  -0.23978
   0.19537  -0.16466   0.19535  -0.24600
   0.20167  -0.17014   0.20165  -0.25223
   0.20804  -0.17566   0.20802  -0.25848
   0.21448  -0.18121   0.21446  -0.26474
   0.22100  -0.18681   0.22098  -0.27102
   0.22758  -0.19244   0.22756  -0.27730
   0.23423  -0.19810   0.23421  -0.28358
   0.24095  -0.20379   0.24093  -0.28987
   0.24773  -0.20952   0.24771  -0.29616
   0.25458  -0.21527   0.25456  -0.30244
   0.26149  -0.22104   0.26147  -0.30872
   0.26846  -0.22684   0.26844  -0.31500
   0.27548  -0.23266   0.27546  -0.32126
   0.28256  -0.23850   0.28254  -0.32752
   0.28969  -0.24435   0.28967  -0.33376
   0.29688  -0.25022   0.29686  -0.33998
   0.30412  -0.25611   0.30410  -0.34618
   0.31141  -0.26200   0.31139  -0.35237
   0.31874  -0.26789   0.31872  -0.35852
   0.32612  -0.27380   0.32610  -0.36466
   0.33354  -0.27970   0.33352  -0.37076
   0.34100  -0.28561   0.34098  -0.37683
   0.34851  -0.29152   0.34849  -0.38287
   0.35605  -0.29742   0.35603  -0.38888
   0.36363  -0.30332   0.36361  -0.39485
   0.37124  -0.30922   0.37122  -0.40078
   0.37888  -0.31510   0.37886  -0.40668
   0.38655  -0.32098   0.38653  -0.41253
   0.39425  -0.32685   0.39423  -0.41834
   0.40198  -0.33270   0.40196  -0.42411
   0.40973  -0.33854   0.40971  -0.42983
   0.41751  -0.34437   0.41749  -0.43551
   0.42530  -0.35018   0.42528  -0.44114
   0.43312  -0.35597   0.43310  -0.44672
   0.44095  -0.36173   0.44093  -0.45225
   0.44879  -0.36748   0.44877  -0.45772
   0.45665  -0.37320   0.45663  -0.46315
   0.46452  -0.37890   0.46450  -0.46851
   0.47240  -0.38457   0.47238  -0.47383
   0.48028  -0.39021   0.48026  -0.47909
   0.48817  -0.39583   0.48815  -0.48428
   0.49606  -0.40141   0.49604  -0.48943
   0.50396  -0.40697   0.50394  -0.49451
   0.51185  -0.41248   0.51183  -0.49953
   0.51974  -0.41797   0.51972  -0.50449
   0.52762  -0.42341   0.52760  -0.50938
   0.53550  -0.42882   0.53548  -0.51422
   0.54337  -0.43419   0.54335  -0.51899
   0.55123  -0.43952   0.55121  -0.52369
   0.55907  -0.44481   0.55905  -0.52833
   0.56690  -0.45005   0.56688  -0.53290
   0.57472  -0.45525   0.57470  -0.53740
   0.58251  -0.46041   0.58249  -0.54184
   0.59029  -0.46552   0.59027  -0.54621
   0.59804  -0.47059   0.59802  -0.55051
   0.60577  -0.47561   0.60575  -0.55475
   0.61347  -0.48058   0.61345  -0.55891
   0.62114  -0.48550   0.62112  -0.56301
   0.62878  -0.49037   0.62876  -0.56704
   0.63639  -0.49519   0.63637  -0.57100
   0.64397  -0.49996   0.64395  -0.57489
   0.65151  -0.50467   0.65149  -0.57871
   0.65902  -0.50934   0.65900  -0.58246
   0.66648  -0.51395   0.66646  -0.58615
   0.67390  -0.51850   0.67388  -0.58976
   0.68128  -0.52300   0.68126  -0.59331
   0.68861  -0.52745   0.68859  -0.59679
   0.69590  -0.53184   0.69588  -0.60020
   0.70314  -0.53618   0.70312  -0.60354
   0.71033  -0.54045   0.71030  -0.60681
   0.71746  -0.54467   0.71744  -0.61002
   0.72454  -0.54884   0.72452  -0.61316
   0.73156  -0.55294   0.73154  -0.61623
   0.73853  -0.55699   0.73851  -0.61924
   0.74544  -0.56097   0.74542  -0.62218
   0.75229  -0.56490   0.75227  -0.62505
   0.75907  -0.56877   0.75905  -0.62786
   0.76579  -0.57258   0.76577  -0.63061
   0.77244  -0.57633   0.77242  -0.63329
   0.77902  -0.58002   0.77900  -0.63590
   0.78554  -0.58365   0.78552  -0.63846
   0.79198  -0.58721   0.79196  -0.64095
   0.79835  -0.59072   0.79833  -0.64338
   0.80465  -0.59417   0.80463  -0.64575
   0.81087  -0.59755   0.81085  -0.64805
   0.81702  -0.60087   0.81700  -0.65030
   0.82308  -0.60413   0.82306  -0.65249
   0.82906  -0.60734   0.82904  -0.65462
   0.83497  -0.61047   0.83495  -0.65669
   0.84078  -0.61355   0.84076  -0.65871
   0.84652  -0.61657   0.84650  -0.66067
   0.85217  -0.61952   0.85215  -0.66257
   0.85772  -0.62242   0.85770  -0.66442
   0.86319  -0.62525   0.86317  -0.66622
   0.86857  -0.62802   0.86855  -0.66796
   0.87386  -0.63073   0.87384  -0.66965
   0.87906  -0.63337   0.87904  -0.67129
   0.88416  -0.63596   0.88414  -0.67288
   0.88916  -0.63849   0.88914  -0.67441
   0.89407  -0.64095   0.89405  -0.67590
   0.89888  -0.64335   0.89886  -0.67734
   0.90359  -0.64569   0.90357  -0.67873
   0.90820  -0.64797   0.90818  -0.68008
   0.91271  -0.65020   0.91269  -0.68138
   0.91711  -0.65236   0.91709  -0.68263
   0.92141  -0.65446   0.92139  -0.68384
   0.92561  -0.65649   0.92559  -0.68501
   0.92970  -0.65847   0.92968  -0.68613
   0.93368  -0.66039   0.93366  -0.68721
   0.93755  -0.66225   0.93753  -0.68825
   0.94132  -0.66405   0.94130  -0.68925
   0.94497  -0.66579   0.94495  -0.69021
   0.94852  -0.66748   0.94850  -0.69113
   0.95195  -0.66910   0.95193  -0.69201
   0.95527  -0.67066   0.95525  -0.69286
   0.95848  -0.67217   0.95846  -0.69366
   0.96157  -0.67361   0.96155  -0.69443
   0.96455  -0.67500   0.96453  -0.69517
   0.96741  -0.67633   0.96739  -0.69587
   0.97016  -0.67760   0.97014  -0.69653
   0.97278  -0.67882   0.97276  -0.69716
   0.97529  -0.67997   0.97527  -0.69776
   0.97769  -0.68107   0.97767  -0.69833
   0.97996  -0.68212   0.97994  -0.69886
   0.98211  -0.68310   0.98209  -0.69936
   0.98414  -0.68403   0.98412  -0.69983
   0.98606  -0.68490   0.98604  -0.70027
   0.98785  -0.68571   0.98783  -0.70068
   0.98952  -0.68647   0.98950  -0.70105
   0.99106  -0.68717   0.99104  -0.70140
   0.99249  -0.68781   0.99247  -0.70172
   0.99379  -0.68840   0.99377  -0.70201
   0.99497  -0.68893   0.99495  -0.70228
   0.99603  -0.68941   0.99601  -0.70251
   0.99696  -0.68982   0.99694  -0.70272
   0.99777  -0.69019   0.99775  -0.70289
   0.99845  -0.69049   0.99843  -0.70304
   0.99901  -0.69075   0.99899  -0.70317
   0.99945  -0.69094   0.99943  -0.70326
   0.99976  -0.69108   0.99974  -0.70333
   0.99995  -0.69116   0.99993  -0.70337
   1.00001  -0.69119   0.99999  -0.70338

XIN,   MODIFIED LEADING EDGE THICKNESS     0.00000     0.00000
XIN,   MODIFIED LEADING EDGE THICKNESS     0.00006     0.09653
XIN,   MODIFIED LEADING EDGE THICKNESS     0.00025     0.19214
XIN,   MODIFIED LEADING EDGE THICKNESS     0.00056     0.28594
XIN,   MODIFIED LEADING EDGE THICKNESS     0.00100     0.37704
XIN,   MODIFIED LEADING EDGE THICKNESS     0.00156     0.46456
XIN,   MODIFIED LEADING EDGE THICKNESS     0.00224     0.54766
XIN,   MODIFIED LEADING EDGE THICKNESS     0.00305     0.62551
XIN,   MODIFIED LEADING EDGE THICKNESS     0.00398     0.69735
XIN,   MODIFIED LEADING EDGE THICKNESS     0.00504     0.76246
XIN,   MODIFIED LEADING EDGE THICKNESS     0.00622     0.82022
XIN,   MODIFIED LEADING EDGE THICKNESS     0.00752     0.87008
XIN,   MODIFIED LEADING EDGE THICKNESS     0.00895     0.91166
XIN,   MODIFIED LEADING EDGE THICKNESS     0.01049     0.94477
XIN,   MODIFIED LEADING EDGE THICKNESS     0.01216     0.96944
XIN,   MODIFIED LEADING EDGE THICKNESS     0.01395     0.98609
XIN,   MODIFIED LEADING EDGE THICKNESS     0.01587     0.99557
XIN,   MODIFIED LEADING EDGE THICKNESS     0.01790     0.99942
 XIN,   MODIFIED TRAILING EDGE THICKNESS     0.99105     0.99442
 XIN,   MODIFIED TRAILING EDGE THICKNESS     0.99248     0.96876
 XIN,   MODIFIED TRAILING EDGE THICKNESS     0.99378     0.92571
 XIN,   MODIFIED TRAILING EDGE THICKNESS     0.99496     0.86823
 XIN,   MODIFIED TRAILING EDGE THICKNESS     0.99602     0.79867
 XIN,   MODIFIED TRAILING EDGE THICKNESS     0.99695     0.71900
 XIN,   MODIFIED TRAILING EDGE THICKNESS     0.99776     0.63090
 XIN,   MODIFIED TRAILING EDGE THICKNESS     0.99844     0.53585
 XIN,   MODIFIED TRAILING EDGE THICKNESS     0.99900     0.43519
 XIN,   MODIFIED TRAILING EDGE THICKNESS     0.99944     0.33013
 XIN,   MODIFIED TRAILING EDGE THICKNESS     0.99975     0.22186
 XIN,   MODIFIED TRAILING EDGE THICKNESS     0.99994     0.11149
 XIN,   MODIFIED TRAILING EDGE THICKNESS     1.00000     0.00000

  POINTS NEARLY PERPENDICULAR TO THE CENTRE LINE BEFORE THINNING 
        N        XUPP      YUPP        XLOW        YLOW 
         1     0.00776     0.00652    -0.00393    -0.00330
         2     0.00783     0.00646    -0.00389    -0.00340
         3     0.00806     0.00627    -0.00377    -0.00367
         4     0.00843     0.00595    -0.00356    -0.00414
         5     0.00895     0.00550    -0.00328    -0.00478
         6     0.00961     0.00494    -0.00291    -0.00561
         7     0.01042     0.00423    -0.00246    -0.00663
         8     0.01137     0.00340    -0.00193    -0.00783
         9     0.01247     0.00245    -0.00133    -0.00921
        10     0.01370     0.00135    -0.00063    -0.01078
        11     0.01507     0.00014     0.00013    -0.01252
        12     0.01657    -0.00121     0.00111    -0.01435
        13     0.01821    -0.00269     0.00225    -0.01628
        14     0.01998    -0.00430     0.00352    -0.01833
        15     0.02188    -0.00604     0.00492    -0.02053
        16     0.02392    -0.00790     0.00644    -0.02288
        17     0.02608    -0.00989     0.00807    -0.02536
        18     0.02837    -0.01201     0.00983    -0.02798
        19     0.03079    -0.01425     0.01170    -0.03073
        20     0.03333    -0.01661     0.01369    -0.03362
        21     0.03599    -0.01910     0.01580    -0.03665
        22     0.03878    -0.02170     0.01802    -0.03982
        23     0.04169    -0.02442     0.02035    -0.04311
        24     0.04472    -0.02727     0.02280    -0.04653
        25     0.04787    -0.03022     0.02537    -0.05007
        26     0.05114    -0.03329     0.02805    -0.05374
        27     0.05452    -0.03646     0.03084    -0.05753
        28     0.05802    -0.03975     0.03374    -0.06144
        29     0.06163    -0.04314     0.03676    -0.06546
        30     0.06536    -0.04664     0.03989    -0.06960
        31     0.06920    -0.05023     0.04313    -0.07385
        32     0.07315    -0.05393     0.04648    -0.07820
        33     0.07721    -0.05773     0.04994    -0.08266
        34     0.08137    -0.06162     0.05350    -0.08723
        35     0.08565    -0.06560     0.05718    -0.09189
        36     0.09002    -0.06968     0.06097    -0.09665
        37     0.09451    -0.07384     0.06486    -0.10151
        38     0.09909    -0.07809     0.06886    -0.10646
        39     0.10378    -0.08242     0.07296    -0.11149
        40     0.10856    -0.08683     0.07717    -0.11661
        41     0.11344    -0.09132     0.08149    -0.12182
        42     0.11842    -0.09588     0.08590    -0.12710
        43     0.12350    -0.10052     0.09042    -0.13246
        44     0.12866    -0.10523     0.09504    -0.13789
        45     0.13392    -0.11001     0.09976    -0.14340
        46     0.13927    -0.11486     0.10458    -0.14897
        47     0.14471    -0.11977     0.10950    -0.15461
        48     0.15024    -0.12474     0.11452    -0.16031
        49     0.15585    -0.12977     0.11963    -0.16607
        50     0.16155    -0.13486     0.12484    -0.17188
        51     0.16733    -0.14000     0.13014    -0.17775
        52     0.17319    -0.14519     0.13554    -0.18367
        53     0.17913    -0.15044     0.14103    -0.18963
        54     0.18515    -0.15573     0.14661    -0.19564
        55     0.19125    -0.16106     0.15227    -0.20169
        56     0.19742    -0.16644     0.15803    -0.20778
        57     0.20366    -0.17187     0.16387    -0.21390
        58     0.20997    -0.17733     0.16980    -0.22006
        59     0.21636    -0.18283     0.17582    -0.22625
        60     0.22281    -0.18836     0.18191    -0.23247
        61     0.22933    -0.19392     0.18809    -0.23871
        62     0.23591    -0.19952     0.19435    -0.24498
        63     0.24255    -0.20515     0.20069    -0.25126
        64     0.24926    -0.21080     0.20710    -0.25756
        65     0.25603    -0.21647     0.21359    -0.26388
        66     0.26285    -0.22217     0.22016    -0.27020
        67     0.26973    -0.22789     0.22679    -0.27654
        68     0.27666    -0.23363     0.23350    -0.28289
        69     0.28365    -0.23939     0.24028    -0.28924
        70     0.29068    -0.24516     0.24713    -0.29559
        71     0.29777    -0.25094     0.25404    -0.30194
        72     0.30490    -0.25674     0.26102    -0.30829
        73     0.31208    -0.26254     0.26806    -0.31463
        74     0.31930    -0.26834     0.27517    -0.32097
        75     0.32656    -0.27415     0.28233    -0.32730
        76     0.33386    -0.27996     0.28955    -0.33362
        77     0.34120    -0.28576     0.29683    -0.33992
        78     0.34857    -0.29157     0.30417    -0.34624
        79     0.35598    -0.29735     0.31155    -0.35251
        80     0.36342    -0.30315     0.31899    -0.35875
        81     0.37089    -0.30894     0.32648    -0.36496
        82     0.37839    -0.31472     0.33401    -0.37116
        83     0.38592    -0.32048     0.34159    -0.37732
        84     0.39347    -0.32624     0.34921    -0.38345
        85     0.40105    -0.33199     0.35687    -0.38954
        86     0.40865    -0.33771     0.36458    -0.39561
        87     0.41626    -0.34343     0.37232    -0.40163
        88     0.42390    -0.34912     0.38009    -0.40762
        89     0.43155    -0.35479     0.38790    -0.41357
        90     0.43921    -0.36045     0.39575    -0.41947
        91     0.44689    -0.36608     0.40362    -0.42533
        92     0.45458    -0.37169     0.41152    -0.43115
        93     0.46228    -0.37727     0.41944    -0.43692
        94     0.46998    -0.38283     0.42739    -0.44264
        95     0.47769    -0.38835     0.43536    -0.44831
        96     0.48541    -0.39386     0.44334    -0.45393
        97     0.49312    -0.39933     0.45135    -0.45950
        98     0.50084    -0.40477     0.45937    -0.46501
        99     0.50855    -0.41017     0.46740    -0.47047
       100     0.51626    -0.41555     0.47545    -0.47587
       101     0.52397    -0.42088     0.48350    -0.48122
       102     0.53166    -0.42618     0.49156    -0.48650
       103     0.53935    -0.43144     0.49963    -0.49173
       104     0.54702    -0.43667     0.50770    -0.49689
       105     0.55469    -0.44185     0.51577    -0.50200
       106     0.56234    -0.44699     0.52383    -0.50703
       107     0.56997    -0.45209     0.53189    -0.51201
       108     0.57758    -0.45715     0.53995    -0.51691
       109     0.58518    -0.46216     0.54799    -0.52175
       110     0.59276    -0.46713     0.55603    -0.52653
       111     0.60031    -0.47206     0.56405    -0.53123
       112     0.60783    -0.47694     0.57206    -0.53587
       113     0.61534    -0.48177     0.58005    -0.54043
       114     0.62281    -0.48656     0.58802    -0.54493
       115     0.63025    -0.49130     0.59597    -0.54936
       116     0.63766    -0.49599     0.60389    -0.55371
       117     0.64504    -0.50063     0.61179    -0.55800
       118     0.65239    -0.50522     0.61966    -0.56221
       119     0.65970    -0.50976     0.62750    -0.56635
       120     0.66697    -0.51425     0.63530    -0.57042
       121     0.67420    -0.51868     0.64307    -0.57442
       122     0.68139    -0.52307     0.65081    -0.57834
       123     0.68854    -0.52739     0.65850    -0.58220
       124     0.69564    -0.53167     0.66616    -0.58598
       125     0.70270    -0.53590     0.67377    -0.58969
       126     0.70971    -0.54007     0.68133    -0.59335
       127     0.71667    -0.54420     0.68885    -0.59691
       128     0.72358    -0.54826     0.69632    -0.60040
       129     0.73044    -0.55227     0.70374    -0.60382
       130     0.73724    -0.55623     0.71110    -0.60717
       131     0.74399    -0.56013     0.71840    -0.61045
       132     0.75068    -0.56397     0.72565    -0.61366
       133     0.75731    -0.56776     0.73284    -0.61679
       134     0.76388    -0.57150     0.73997    -0.61986
       135     0.77040    -0.57517     0.74704    -0.62286
       136     0.77684    -0.57879     0.75403    -0.62578
       137     0.78323    -0.58235     0.76096    -0.62864
       138     0.78955    -0.58586     0.76783    -0.63143
       139     0.79580    -0.58931     0.77462    -0.63416
       140     0.80198    -0.59270     0.78133    -0.63681
       141     0.80809    -0.59603     0.78798    -0.63940
       142     0.81413    -0.59931     0.79454    -0.64193
       143     0.82010    -0.60253     0.80103    -0.64439
       144     0.82599    -0.60569     0.80744    -0.64678
       145     0.83180    -0.60879     0.81376    -0.64911
       146     0.83754    -0.61184     0.82000    -0.65138
       147     0.84320    -0.61482     0.82616    -0.65359
       148     0.84878    -0.61775     0.83223    -0.65574
       149     0.85428    -0.62062     0.83821    -0.65782
       150     0.85970    -0.62344     0.84410    -0.65985
       151     0.86503    -0.62619     0.84990    -0.66181
       152     0.87028    -0.62889     0.85561    -0.66372
       153     0.87544    -0.63153     0.86122    -0.66557
       154     0.88051    -0.63411     0.86674    -0.66737
       155     0.88550    -0.63663     0.87215    -0.66911
       156     0.89039    -0.63910     0.87747    -0.67079
       157     0.89519    -0.64151     0.88269    -0.67242
       158     0.89990    -0.64386     0.88781    -0.67400
       159     0.90452    -0.64615     0.89283    -0.67553
       160     0.90904    -0.64839     0.89774    -0.67700
       161     0.91346    -0.65057     0.90254    -0.67843
       162     0.91779    -0.65269     0.90724    -0.67980
       163     0.92202    -0.65475     0.91183    -0.68113
       164     0.92615    -0.65676     0.91632    -0.68241
       165     0.93018    -0.65871     0.92069    -0.68364
       166     0.93411    -0.66060     0.92495    -0.68483
       167     0.93794    -0.66244     0.92910    -0.68597
       168     0.94166    -0.66422     0.93314    -0.68707
       169     0.94528    -0.66594     0.93706    -0.68812
       170     0.94879    -0.66761     0.94087    -0.68913
       171     0.95220    -0.66922     0.94456    -0.69010
       172     0.95550    -0.67077     0.94813    -0.69103
       173     0.95869    -0.67227     0.95159    -0.69192
       174     0.96178    -0.67371     0.95493    -0.69277
       175     0.96475    -0.67510     0.95814    -0.69358
       176     0.96762    -0.67643     0.96124    -0.69435
       177     0.97037    -0.67770     0.96422    -0.69509
       178     0.97301    -0.67892     0.96708    -0.69579
       179     0.97554    -0.68009     0.96981    -0.69645
       180     0.97796    -0.68120     0.97242    -0.69708
       181     0.98026    -0.68225     0.97491    -0.69767
       182     0.98245    -0.68325     0.97727    -0.69823
       183     0.98452    -0.68420     0.97951    -0.69876
       184     0.98648    -0.68509     0.98162    -0.69925
       185     0.98832    -0.68593     0.98361    -0.69971
       186     0.99005    -0.68671     0.98547    -0.70014
       187     0.99165    -0.68743     0.98721    -0.70053
       188     0.99315    -0.68811     0.98882    -0.70090
       189     0.99452    -0.68873     0.99030    -0.70123
       190     0.99577    -0.68929     0.99165    -0.70154
       191     0.99691    -0.68980     0.99288    -0.70181
       192     0.99793    -0.69026     0.99397    -0.70206
       193     0.99883    -0.69066     0.99494    -0.70227
       194     0.99961    -0.69101     0.99578    -0.70246
       195     1.00027    -0.69131     0.99649    -0.70262
       196     1.00081    -0.69155     0.99707    -0.70274
       197     1.00123    -0.69174     0.99753    -0.70284
       198     1.00153    -0.69187     0.99785    -0.70292
       199     1.00171    -0.69195     0.99804    -0.70296
       200     1.00177    -0.69198     0.99811    -0.70297
  COORDINATES GOING ROUND THE BLADE AFTER ANY ROTATION
     N        XSURF        YSURF 
         1     0.00220     0.00185
         2     0.00254     0.00201
         3     0.00328     0.00225
         4     0.00415     0.00235
         5     0.00514     0.00230
         6     0.00626     0.00211
         7     0.00751     0.00177
         8     0.00888     0.00130
         9     0.01038     0.00068
        10     0.01200    -0.00009
        11     0.01372    -0.00100
        12     0.01557    -0.00206
        13     0.01750    -0.00329
        14     0.01953    -0.00469
        15     0.02163    -0.00626
        16     0.02380    -0.00801
        17     0.02604    -0.00993
        18     0.02836    -0.01201
        19     0.03079    -0.01425
        20     0.03333    -0.01661
        21     0.03599    -0.01910
        22     0.03878    -0.02170
        23     0.04169    -0.02442
        24     0.04472    -0.02727
        25     0.04787    -0.03022
        26     0.05114    -0.03329
        27     0.05452    -0.03646
        28     0.05802    -0.03975
        29     0.06163    -0.04314
        30     0.06536    -0.04664
        31     0.06920    -0.05024
        32     0.07315    -0.05393
        33     0.07721    -0.05773
        34     0.08137    -0.06162
        35     0.08565    -0.06560
        36     0.09002    -0.06968
        37     0.09451    -0.07384
        38     0.09909    -0.07809
        39     0.10378    -0.08242
        40     0.10856    -0.08683
        41     0.11344    -0.09132
        42     0.11842    -0.09588
        43     0.12350    -0.10052
        44     0.12866    -0.10523
        45     0.13392    -0.11001
        46     0.13927    -0.11486
        47     0.14471    -0.11977
        48     0.15024    -0.12474
        49     0.15585    -0.12977
        50     0.16155    -0.13486
        51     0.16733    -0.14000
        52     0.17319    -0.14519
        53     0.17913    -0.15044
        54     0.18515    -0.15573
        55     0.19125    -0.16106
        56     0.19742    -0.16644
        57     0.20366    -0.17187
        58     0.20997    -0.17733
        59     0.21636    -0.18283
        60     0.22281    -0.18836
        61     0.22933    -0.19392
        62     0.23591    -0.19952
        63     0.24255    -0.20515
        64     0.24926    -0.21080
        65     0.25603    -0.21647
        66     0.26285    -0.22217
        67     0.26973    -0.22789
        68     0.27666    -0.23363
        69     0.28365    -0.23939
        70     0.29068    -0.24516
        71     0.29777    -0.25094
        72     0.30490    -0.25674
        73     0.31208    -0.26254
        74     0.31930    -0.26834
        75     0.32656    -0.27415
        76     0.33386    -0.27996
        77     0.34120    -0.28576
        78     0.34857    -0.29157
        79     0.35598    -0.29735
        80     0.36342    -0.30315
        81     0.37089    -0.30894
        82     0.37839    -0.31472
        83     0.38592    -0.32048
        84     0.39347    -0.32624
        85     0.40105    -0.33199
        86     0.40865    -0.33771
        87     0.41626    -0.34343
        88     0.42390    -0.34912
        89     0.43155    -0.35479
        90     0.43921    -0.36045
        91     0.44689    -0.36608
        92     0.45458    -0.37169
        93     0.46228    -0.37727
        94     0.46998    -0.38283
        95     0.47769    -0.38835
        96     0.48541    -0.39386
        97     0.49312    -0.39933
        98     0.50084    -0.40477
        99     0.50855    -0.41017
       100     0.51626    -0.41555
       101     0.52397    -0.42088
       102     0.53166    -0.42618
       103     0.53935    -0.43144
       104     0.54702    -0.43667
       105     0.55469    -0.44185
       106     0.56234    -0.44699
       107     0.56997    -0.45209
       108     0.57758    -0.45715
       109     0.58518    -0.46216
       110     0.59275    -0.46713
       111     0.60031    -0.47206
       112     0.60783    -0.47694
       113     0.61534    -0.48177
       114     0.62281    -0.48656
       115     0.63025    -0.49130
       116     0.63766    -0.49599
       117     0.64504    -0.50063
       118     0.65239    -0.50522
       119     0.65970    -0.50976
       120     0.66697    -0.51425
       121     0.67420    -0.51868
       122     0.68139    -0.52307
       123     0.68854    -0.52739
       124     0.69564    -0.53167
       125     0.70270    -0.53590
       126     0.70971    -0.54007
       127     0.71667    -0.54420
       128     0.72358    -0.54826
       129     0.73044    -0.55227
       130     0.73724    -0.55623
       131     0.74399    -0.56013
       132     0.75068    -0.56397
       133     0.75731    -0.56776
       134     0.76388    -0.57150
       135     0.77040    -0.57517
       136     0.77684    -0.57879
       137     0.78323    -0.58235
       138     0.78955    -0.58586
       139     0.79580    -0.58931
       140     0.80198    -0.59270
       141     0.80809    -0.59603
       142     0.81413    -0.59931
       143     0.82010    -0.60253
       144     0.82599    -0.60569
       145     0.83180    -0.60879
       146     0.83754    -0.61184
       147     0.84320    -0.61482
       148     0.84878    -0.61775
       149     0.85428    -0.62062
       150     0.85970    -0.62344
       151     0.86503    -0.62619
       152     0.87028    -0.62889
       153     0.87544    -0.63153
       154     0.88051    -0.63411
       155     0.88550    -0.63663
       156     0.89039    -0.63910
       157     0.89519    -0.64151
       158     0.89990    -0.64386
       159     0.90452    -0.64615
       160     0.90904    -0.64839
       161     0.91346    -0.65057
       162     0.91779    -0.65269
       163     0.92202    -0.65475
       164     0.92615    -0.65676
       165     0.93018    -0.65871
       166     0.93411    -0.66060
       167     0.93794    -0.66244
       168     0.94166    -0.66422
       169     0.94528    -0.66594
       170     0.94879    -0.66761
       171     0.95220    -0.66922
       172     0.95550    -0.67077
       173     0.95869    -0.67227
       174     0.96178    -0.67371
       175     0.96475    -0.67510
       176     0.96762    -0.67643
       177     0.97037    -0.67770
       178     0.97301    -0.67892
       179     0.97554    -0.68009
       180     0.97796    -0.68120
       181     0.98026    -0.68225
       182     0.98245    -0.68325
       183     0.98452    -0.68420
       184     0.98648    -0.68509
       185     0.98832    -0.68593
       186     0.99005    -0.68671
       187     0.99165    -0.68743
       188     0.99313    -0.68814
       189     0.99445    -0.68892
       190     0.99562    -0.68975
       191     0.99664    -0.69059
       192     0.99753    -0.69145
       193     0.99828    -0.69229
       194     0.99890    -0.69312
       195     0.99939    -0.69393
       196     0.99975    -0.69471
       197     0.99999    -0.69546
       198     1.00010    -0.69617
       199     1.00008    -0.69684
       200     1.00004    -0.69717
       201     0.99984    -0.69778
       202     0.99967    -0.69807
       203     0.99928    -0.69862
       204     0.99877    -0.69912
       205     0.99813    -0.69958
       206     0.99737    -0.69999
       207     0.99649    -0.70035
       208     0.99549    -0.70064
       209     0.99437    -0.70087
       210     0.99314    -0.70102
       211     0.99180    -0.70108
       212     0.99036    -0.70104
       213     0.98883    -0.70086
       214     0.98721    -0.70053
       215     0.98547    -0.70014
       216     0.98361    -0.69971
       217     0.98162    -0.69925
       218     0.97951    -0.69876
       219     0.97727    -0.69823
       220     0.97491    -0.69767
       221     0.97242    -0.69708
       222     0.96981    -0.69645
       223     0.96708    -0.69579
       224     0.96422    -0.69509
       225     0.96124    -0.69435
       226     0.95814    -0.69358
       227     0.95493    -0.69277
       228     0.95159    -0.69192
       229     0.94813    -0.69103
       230     0.94456    -0.69010
       231     0.94087    -0.68913
       232     0.93706    -0.68812
       233     0.93314    -0.68707
       234     0.92910    -0.68597
       235     0.92495    -0.68483
       236     0.92069    -0.68364
       237     0.91632    -0.68241
       238     0.91183    -0.68113
       239     0.90724    -0.67980
       240     0.90254    -0.67843
       241     0.89774    -0.67700
       242     0.89283    -0.67553
       243     0.88781    -0.67400
       244     0.88269    -0.67242
       245     0.87747    -0.67079
       246     0.87215    -0.66911
       247     0.86674    -0.66737
       248     0.86122    -0.66557
       249     0.85561    -0.66372
       250     0.84990    -0.66181
       251     0.84410    -0.65985
       252     0.83821    -0.65782
       253     0.83223    -0.65574
       254     0.82616    -0.65359
       255     0.82000    -0.65138
       256     0.81376    -0.64911
       257     0.80744    -0.64678
       258     0.80103    -0.64439
       259     0.79454    -0.64193
       260     0.78798    -0.63940
       261     0.78133    -0.63681
       262     0.77462    -0.63416
       263     0.76783    -0.63143
       264     0.76096    -0.62864
       265     0.75403    -0.62578
       266     0.74704    -0.62286
       267     0.73997    -0.61986
       268     0.73284    -0.61679
       269     0.72565    -0.61366
       270     0.71840    -0.61045
       271     0.71110    -0.60717
       272     0.70373    -0.60382
       273     0.69632    -0.60040
       274     0.68885    -0.59691
       275     0.68133    -0.59335
       276     0.67377    -0.58969
       277     0.66616    -0.58598
       278     0.65850    -0.58220
       279     0.65081    -0.57834
       280     0.64307    -0.57442
       281     0.63530    -0.57042
       282     0.62750    -0.56635
       283     0.61966    -0.56221
       284     0.61179    -0.55800
       285     0.60389    -0.55371
       286     0.59597    -0.54936
       287     0.58802    -0.54493
       288     0.58005    -0.54043
       289     0.57206    -0.53587
       290     0.56405    -0.53123
       291     0.55603    -0.52653
       292     0.54799    -0.52175
       293     0.53995    -0.51691
       294     0.53189    -0.51201
       295     0.52383    -0.50703
       296     0.51577    -0.50200
       297     0.50770    -0.49689
       298     0.49963    -0.49173
       299     0.49156    -0.48650
       300     0.48350    -0.48122
       301     0.47545    -0.47587
       302     0.46740    -0.47047
       303     0.45937    -0.46501
       304     0.45135    -0.45950
       305     0.44334    -0.45393
       306     0.43536    -0.44831
       307     0.42739    -0.44264
       308     0.41944    -0.43692
       309     0.41152    -0.43115
       310     0.40362    -0.42533
       311     0.39575    -0.41947
       312     0.38790    -0.41357
       313     0.38009    -0.40762
       314     0.37232    -0.40163
       315     0.36458    -0.39561
       316     0.35687    -0.38954
       317     0.34921    -0.38345
       318     0.34159    -0.37732
       319     0.33401    -0.37116
       320     0.32648    -0.36496
       321     0.31899    -0.35875
       322     0.31155    -0.35251
       323     0.30417    -0.34624
       324     0.29683    -0.33992
       325     0.28955    -0.33362
       326     0.28233    -0.32730
       327     0.27517    -0.32097
       328     0.26806    -0.31463
       329     0.26102    -0.30829
       330     0.25404    -0.30194
       331     0.24713    -0.29559
       332     0.24028    -0.28924
       333     0.23350    -0.28289
       334     0.22679    -0.27654
       335     0.22016    -0.27020
       336     0.21359    -0.26388
       337     0.20710    -0.25756
       338     0.20069    -0.25126
       339     0.19435    -0.24498
       340     0.18809    -0.23871
       341     0.18191    -0.23247
       342     0.17582    -0.22625
       343     0.16980    -0.22006
       344     0.16387    -0.21390
       345     0.15803    -0.20778
       346     0.15227    -0.20169
       347     0.14661    -0.19564
       348     0.14103    -0.18963
       349     0.13554    -0.18367
       350     0.13014    -0.17775
       351     0.12484    -0.17188
       352     0.11963    -0.16607
       353     0.11452    -0.16031
       354     0.10950    -0.15461
       355     0.10458    -0.14897
       356     0.09976    -0.14340
       357     0.09504    -0.13789
       358     0.09042    -0.13246
       359     0.08590    -0.12710
       360     0.08149    -0.12182
       361     0.07717    -0.11661
       362     0.07296    -0.11149
       363     0.06886    -0.10646
       364     0.06486    -0.10151
       365     0.06097    -0.09665
       366     0.05718    -0.09189
       367     0.05350    -0.08723
       368     0.04994    -0.08266
       369     0.04648    -0.07820
       370     0.04313    -0.07385
       371     0.03989    -0.06960
       372     0.03676    -0.06546
       373     0.03374    -0.06144
       374     0.03084    -0.05753
       375     0.02805    -0.05374
       376     0.02537    -0.05007
       377     0.02280    -0.04653
       378     0.02035    -0.04311
       379     0.01802    -0.03982
       380     0.01580    -0.03665
       381     0.01369    -0.03362
       382     0.01170    -0.03073
       383     0.00984    -0.02797
       384     0.00811    -0.02533
       385     0.00656    -0.02278
       386     0.00518    -0.02031
       387     0.00398    -0.01795
       388     0.00295    -0.01568
       389     0.00211    -0.01349
       390     0.00147    -0.01138
       391     0.00107    -0.00933
       392     0.00076    -0.00745
       393     0.00056    -0.00573
       394     0.00045    -0.00417
       395     0.00044    -0.00279
       396     0.00053    -0.00158
       397     0.00072    -0.00054
       398     0.00101     0.00034
       399     0.00141     0.00106
       400     0.00163     0.00137
  LEADING EDGE POINT =          395  TE POINT =         198

  NO OF SUCT S POINTS         204  NO PRESS S POINTS         198
  XMIN,XMAX, XCHORD     4.41385433E-04   1.00009596      0.999654591    

   SUCTION SURFACE POINTS FROM LE TO TE.
         1     0.00044    -0.00279
         2     0.00053    -0.00158
         3     0.00072    -0.00054
         4     0.00101     0.00034
         5     0.00141     0.00106
         6     0.00163     0.00137
         7     0.00220     0.00185
         8     0.00254     0.00201
         9     0.00328     0.00225
        10     0.00415     0.00235
        11     0.00514     0.00230
        12     0.00626     0.00211
        13     0.00751     0.00177
        14     0.00888     0.00130
        15     0.01038     0.00068
        16     0.01200    -0.00009
        17     0.01372    -0.00100
        18     0.01557    -0.00206
        19     0.01750    -0.00329
        20     0.01953    -0.00469
        21     0.02163    -0.00626
        22     0.02380    -0.00801
        23     0.02604    -0.00993
        24     0.02836    -0.01201
        25     0.03079    -0.01425
        26     0.03333    -0.01661
        27     0.03599    -0.01910
        28     0.03878    -0.02170
        29     0.04169    -0.02442
        30     0.04472    -0.02727
        31     0.04787    -0.03022
        32     0.05114    -0.03329
        33     0.05452    -0.03646
        34     0.05802    -0.03975
        35     0.06163    -0.04314
        36     0.06536    -0.04664
        37     0.06920    -0.05024
        38     0.07315    -0.05393
        39     0.07721    -0.05773
        40     0.08137    -0.06162
        41     0.08565    -0.06560
        42     0.09002    -0.06968
        43     0.09451    -0.07384
        44     0.09909    -0.07809
        45     0.10378    -0.08242
        46     0.10856    -0.08683
        47     0.11344    -0.09132
        48     0.11842    -0.09588
        49     0.12350    -0.10052
        50     0.12866    -0.10523
        51     0.13392    -0.11001
        52     0.13927    -0.11486
        53     0.14471    -0.11977
        54     0.15024    -0.12474
        55     0.15585    -0.12977
        56     0.16155    -0.13486
        57     0.16733    -0.14000
        58     0.17319    -0.14519
        59     0.17913    -0.15044
        60     0.18515    -0.15573
        61     0.19125    -0.16106
        62     0.19742    -0.16644
        63     0.20366    -0.17187
        64     0.20997    -0.17733
        65     0.21636    -0.18283
        66     0.22281    -0.18836
        67     0.22933    -0.19392
        68     0.23591    -0.19952
        69     0.24255    -0.20515
        70     0.24926    -0.21080
        71     0.25603    -0.21647
        72     0.26285    -0.22217
        73     0.26973    -0.22789
        74     0.27666    -0.23363
        75     0.28365    -0.23939
        76     0.29068    -0.24516
        77     0.29777    -0.25094
        78     0.30490    -0.25674
        79     0.31208    -0.26254
        80     0.31930    -0.26834
        81     0.32656    -0.27415
        82     0.33386    -0.27996
        83     0.34120    -0.28576
        84     0.34857    -0.29157
        85     0.35598    -0.29735
        86     0.36342    -0.30315
        87     0.37089    -0.30894
        88     0.37839    -0.31472
        89     0.38592    -0.32048
        90     0.39347    -0.32624
        91     0.40105    -0.33199
        92     0.40865    -0.33771
        93     0.41626    -0.34343
        94     0.42390    -0.34912
        95     0.43155    -0.35479
        96     0.43921    -0.36045
        97     0.44689    -0.36608
        98     0.45458    -0.37169
        99     0.46228    -0.37727
       100     0.46998    -0.38283
       101     0.47769    -0.38835
       102     0.48541    -0.39386
       103     0.49312    -0.39933
       104     0.50084    -0.40477
       105     0.50855    -0.41017
       106     0.51626    -0.41555
       107     0.52397    -0.42088
       108     0.53166    -0.42618
       109     0.53935    -0.43144
       110     0.54702    -0.43667
       111     0.55469    -0.44185
       112     0.56234    -0.44699
       113     0.56997    -0.45209
       114     0.57758    -0.45715
       115     0.58518    -0.46216
       116     0.59275    -0.46713
       117     0.60031    -0.47206
       118     0.60783    -0.47694
       119     0.61534    -0.48177
       120     0.62281    -0.48656
       121     0.63025    -0.49130
       122     0.63766    -0.49599
       123     0.64504    -0.50063
       124     0.65239    -0.50522
       125     0.65970    -0.50976
       126     0.66697    -0.51425
       127     0.67420    -0.51868
       128     0.68139    -0.52307
       129     0.68854    -0.52739
       130     0.69564    -0.53167
       131     0.70270    -0.53590
       132     0.70971    -0.54007
       133     0.71667    -0.54420
       134     0.72358    -0.54826
       135     0.73044    -0.55227
       136     0.73724    -0.55623
       137     0.74399    -0.56013
       138     0.75068    -0.56397
       139     0.75731    -0.56776
       140     0.76388    -0.57150
       141     0.77040    -0.57517
       142     0.77684    -0.57879
       143     0.78323    -0.58235
       144     0.78955    -0.58586
       145     0.79580    -0.58931
       146     0.80198    -0.59270
       147     0.80809    -0.59603
       148     0.81413    -0.59931
       149     0.82010    -0.60253
       150     0.82599    -0.60569
       151     0.83180    -0.60879
       152     0.83754    -0.61184
       153     0.84320    -0.61482
       154     0.84878    -0.61775
       155     0.85428    -0.62062
       156     0.85970    -0.62344
       157     0.86503    -0.62619
       158     0.87028    -0.62889
       159     0.87544    -0.63153
       160     0.88051    -0.63411
       161     0.88550    -0.63663
       162     0.89039    -0.63910
       163     0.89519    -0.64151
       164     0.89990    -0.64386
       165     0.90452    -0.64615
       166     0.90904    -0.64839
       167     0.91346    -0.65057
       168     0.91779    -0.65269
       169     0.92202    -0.65475
       170     0.92615    -0.65676
       171     0.93018    -0.65871
       172     0.93411    -0.66060
       173     0.93794    -0.66244
       174     0.94166    -0.66422
       175     0.94528    -0.66594
       176     0.94879    -0.66761
       177     0.95220    -0.66922
       178     0.95550    -0.67077
       179     0.95869    -0.67227
       180     0.96178    -0.67371
       181     0.96475    -0.67510
       182     0.96762    -0.67643
       183     0.97037    -0.67770
       184     0.97301    -0.67892
       185     0.97554    -0.68009
       186     0.97796    -0.68120
       187     0.98026    -0.68225
       188     0.98245    -0.68325
       189     0.98452    -0.68420
       190     0.98648    -0.68509
       191     0.98832    -0.68593
       192     0.99005    -0.68671
       193     0.99165    -0.68743
       194     0.99313    -0.68814
       195     0.99445    -0.68892
       196     0.99562    -0.68975
       197     0.99664    -0.69059
       198     0.99753    -0.69145
       199     0.99828    -0.69229
       200     0.99890    -0.69312
       201     0.99939    -0.69393
       202     0.99975    -0.69471
       203     0.99999    -0.69546
       204     1.00010    -0.69617

   PRESSURE SURFACE POINTS FROM LE TO TE.
         1     0.00044    -0.00279
         2     0.00045    -0.00417
         3     0.00056    -0.00573
         4     0.00076    -0.00745
         5     0.00107    -0.00933
         6     0.00147    -0.01138
         7     0.00211    -0.01349
         8     0.00295    -0.01568
         9     0.00398    -0.01795
        10     0.00518    -0.02031
        11     0.00656    -0.02278
        12     0.00811    -0.02533
        13     0.00984    -0.02797
        14     0.01170    -0.03073
        15     0.01369    -0.03362
        16     0.01580    -0.03665
        17     0.01802    -0.03982
        18     0.02035    -0.04311
        19     0.02280    -0.04653
        20     0.02537    -0.05007
        21     0.02805    -0.05374
        22     0.03084    -0.05753
        23     0.03374    -0.06144
        24     0.03676    -0.06546
        25     0.03989    -0.06960
        26     0.04313    -0.07385
        27     0.04648    -0.07820
        28     0.04994    -0.08266
        29     0.05350    -0.08723
        30     0.05718    -0.09189
        31     0.06097    -0.09665
        32     0.06486    -0.10151
        33     0.06886    -0.10646
        34     0.07296    -0.11149
        35     0.07717    -0.11661
        36     0.08149    -0.12182
        37     0.08590    -0.12710
        38     0.09042    -0.13246
        39     0.09504    -0.13789
        40     0.09976    -0.14340
        41     0.10458    -0.14897
        42     0.10950    -0.15461
        43     0.11452    -0.16031
        44     0.11963    -0.16607
        45     0.12484    -0.17188
        46     0.13014    -0.17775
        47     0.13554    -0.18367
        48     0.14103    -0.18963
        49     0.14661    -0.19564
        50     0.15227    -0.20169
        51     0.15803    -0.20778
        52     0.16387    -0.21390
        53     0.16980    -0.22006
        54     0.17582    -0.22625
        55     0.18191    -0.23247
        56     0.18809    -0.23871
        57     0.19435    -0.24498
        58     0.20069    -0.25126
        59     0.20710    -0.25756
        60     0.21359    -0.26388
        61     0.22016    -0.27020
        62     0.22679    -0.27654
        63     0.23350    -0.28289
        64     0.24028    -0.28924
        65     0.24713    -0.29559
        66     0.25404    -0.30194
        67     0.26102    -0.30829
        68     0.26806    -0.31463
        69     0.27517    -0.32097
        70     0.28233    -0.32730
        71     0.28955    -0.33362
        72     0.29683    -0.33992
        73     0.30417    -0.34624
        74     0.31155    -0.35251
        75     0.31899    -0.35875
        76     0.32648    -0.36496
        77     0.33401    -0.37116
        78     0.34159    -0.37732
        79     0.34921    -0.38345
        80     0.35687    -0.38954
        81     0.36458    -0.39561
        82     0.37232    -0.40163
        83     0.38009    -0.40762
        84     0.38790    -0.41357
        85     0.39575    -0.41947
        86     0.40362    -0.42533
        87     0.41152    -0.43115
        88     0.41944    -0.43692
        89     0.42739    -0.44264
        90     0.43536    -0.44831
        91     0.44334    -0.45393
        92     0.45135    -0.45950
        93     0.45937    -0.46501
        94     0.46740    -0.47047
        95     0.47545    -0.47587
        96     0.48350    -0.48122
        97     0.49156    -0.48650
        98     0.49963    -0.49173
        99     0.50770    -0.49689
       100     0.51577    -0.50200
       101     0.52383    -0.50703
       102     0.53189    -0.51201
       103     0.53995    -0.51691
       104     0.54799    -0.52175
       105     0.55603    -0.52653
       106     0.56405    -0.53123
       107     0.57206    -0.53587
       108     0.58005    -0.54043
       109     0.58802    -0.54493
       110     0.59597    -0.54936
       111     0.60389    -0.55371
       112     0.61179    -0.55800
       113     0.61966    -0.56221
       114     0.62750    -0.56635
       115     0.63530    -0.57042
       116     0.64307    -0.57442
       117     0.65081    -0.57834
       118     0.65850    -0.58220
       119     0.66616    -0.58598
       120     0.67377    -0.58969
       121     0.68133    -0.59335
       122     0.68885    -0.59691
       123     0.69632    -0.60040
       124     0.70373    -0.60382
       125     0.71110    -0.60717
       126     0.71840    -0.61045
       127     0.72565    -0.61366
       128     0.73284    -0.61679
       129     0.73997    -0.61986
       130     0.74704    -0.62286
       131     0.75403    -0.62578
       132     0.76096    -0.62864
       133     0.76783    -0.63143
       134     0.77462    -0.63416
       135     0.78133    -0.63681
       136     0.78798    -0.63940
       137     0.79454    -0.64193
       138     0.80103    -0.64439
       139     0.80744    -0.64678
       140     0.81376    -0.64911
       141     0.82000    -0.65138
       142     0.82616    -0.65359
       143     0.83223    -0.65574
       144     0.83821    -0.65782
       145     0.84410    -0.65985
       146     0.84990    -0.66181
       147     0.85561    -0.66372
       148     0.86122    -0.66557
       149     0.86674    -0.66737
       150     0.87215    -0.66911
       151     0.87747    -0.67079
       152     0.88269    -0.67242
       153     0.88781    -0.67400
       154     0.89283    -0.67553
       155     0.89774    -0.67700
       156     0.90254    -0.67843
       157     0.90724    -0.67980
       158     0.91183    -0.68113
       159     0.91632    -0.68241
       160     0.92069    -0.68364
       161     0.92495    -0.68483
       162     0.92910    -0.68597
       163     0.93314    -0.68707
       164     0.93706    -0.68812
       165     0.94087    -0.68913
       166     0.94456    -0.69010
       167     0.94813    -0.69103
       168     0.95159    -0.69192
       169     0.95493    -0.69277
       170     0.95814    -0.69358
       171     0.96124    -0.69435
       172     0.96422    -0.69509
       173     0.96708    -0.69579
       174     0.96981    -0.69645
       175     0.97242    -0.69708
       176     0.97491    -0.69767
       177     0.97727    -0.69823
       178     0.97951    -0.69876
       179     0.98162    -0.69925
       180     0.98361    -0.69971
       181     0.98547    -0.70014
       182     0.98721    -0.70053
       183     0.98883    -0.70086
       184     0.99036    -0.70104
       185     0.99180    -0.70108
       186     0.99314    -0.70102
       187     0.99437    -0.70087
       188     0.99549    -0.70064
       189     0.99649    -0.70035
       190     0.99737    -0.69999
       191     0.99813    -0.69958
       192     0.99877    -0.69912
       193     0.99928    -0.69862
       194     0.99967    -0.69807
       195     0.99984    -0.69778
       196     1.00004    -0.69717
       197     1.00008    -0.69684
       198     1.00010    -0.69617
  POINTS ON THE BLADE TO BE USED FOR PLOTTING 
  AND FINAL INTERPOLATION 
  N           X          YUP        YLOW        THICK 
    1      0.0000     -0.0028     -0.0028      0.0000
    2      0.0001     -0.0019     -0.0049      0.0030
    3      0.0002     -0.0007     -0.0068      0.0062
    4      0.0006      0.0003     -0.0089      0.0093
    5      0.0010      0.0011     -0.0112      0.0123
    6      0.0016      0.0017     -0.0131      0.0148
    7      0.0022      0.0021     -0.0150      0.0170
    8      0.0030      0.0023     -0.0169      0.0192
    9      0.0040      0.0023     -0.0188      0.0212
   10      0.0050      0.0022     -0.0209      0.0231
   11      0.0062      0.0020     -0.0229      0.0250
   12      0.0075      0.0016     -0.0251      0.0267
   13      0.0089      0.0011     -0.0273      0.0284
   14      0.0105      0.0004     -0.0296      0.0300
   15      0.0122     -0.0004     -0.0320      0.0316
   16      0.0140     -0.0014     -0.0346      0.0333
   17      0.0159     -0.0025     -0.0374      0.0349
   18      0.0179     -0.0039     -0.0403      0.0364
   19      0.0201     -0.0054     -0.0433      0.0379
   20      0.0223     -0.0072     -0.0465      0.0393
   21      0.0247     -0.0092     -0.0498      0.0406
   22      0.0272     -0.0114     -0.0532      0.0418
   23      0.0299     -0.0138     -0.0568      0.0430
   24      0.0326     -0.0163     -0.0605      0.0442
   25      0.0355     -0.0190     -0.0643      0.0453
   26      0.0384     -0.0218     -0.0683      0.0465
   27      0.0415     -0.0247     -0.0723      0.0477
   28      0.0447     -0.0277     -0.0765      0.0488
   29      0.0481     -0.0308     -0.0808      0.0500
   30      0.0515     -0.0340     -0.0852      0.0512
   31      0.0550     -0.0374     -0.0897      0.0524
   32      0.0587     -0.0408     -0.0944      0.0536
   33      0.0625     -0.0443     -0.0991      0.0547
   34      0.0663     -0.0480     -0.1039      0.0559
   35      0.0703     -0.0517     -0.1088      0.0571
   36      0.0744     -0.0555     -0.1138      0.0583
   37      0.0786     -0.0594     -0.1189      0.0594
   38      0.0829     -0.0634     -0.1240      0.0606
   39      0.0873     -0.0676     -0.1293      0.0617
   40      0.0918     -0.0717     -0.1346      0.0629
   41      0.0964     -0.0760     -0.1400      0.0640
   42      0.1011     -0.0804     -0.1455      0.0651
   43      0.1059     -0.0848     -0.1510      0.0662
   44      0.1108     -0.0893     -0.1566      0.0673
   45      0.1159     -0.0939     -0.1623      0.0684
   46      0.1210     -0.0986     -0.1680      0.0694
   47      0.1261     -0.1033     -0.1738      0.0705
   48      0.1314     -0.1081     -0.1797      0.0715
   49      0.1368     -0.1130     -0.1855      0.0725
   50      0.1423     -0.1180     -0.1915      0.0735
   51      0.1478     -0.1230     -0.1974      0.0745
   52      0.1535     -0.1280     -0.2035      0.0754
   53      0.1592     -0.1332     -0.2095      0.0763
   54      0.1650     -0.1384     -0.2156      0.0772
   55      0.1709     -0.1436     -0.2217      0.0781
   56      0.1769     -0.1489     -0.2279      0.0790
   57      0.1830     -0.1542     -0.2340      0.0798
   58      0.1891     -0.1596     -0.2402      0.0806
   59      0.1954     -0.1650     -0.2464      0.0814
   60      0.2017     -0.1705     -0.2527      0.0822
   61      0.2080     -0.1760     -0.2589      0.0829
   62      0.2145     -0.1816     -0.2652      0.0836
   63      0.2210     -0.1872     -0.2714      0.0843
   64      0.2276     -0.1928     -0.2777      0.0849
   65      0.2342     -0.1985     -0.2840      0.0855
   66      0.2409     -0.2042     -0.2903      0.0861
   67      0.2477     -0.2099     -0.2966      0.0867
   68      0.2546     -0.2156     -0.3028      0.0872
   69      0.2615     -0.2214     -0.3091      0.0877
   70      0.2684     -0.2272     -0.3154      0.0882
   71      0.2755     -0.2330     -0.3217      0.0886
   72      0.2826     -0.2389     -0.3279      0.0891
   73      0.2897     -0.2447     -0.3341      0.0894
   74      0.2969     -0.2506     -0.3404      0.0898
   75      0.3041     -0.2565     -0.3466      0.0901
   76      0.3114     -0.2623     -0.3528      0.0904
   77      0.3187     -0.2682     -0.3589      0.0907
   78      0.3261     -0.2741     -0.3651      0.0909
   79      0.3335     -0.2800     -0.3712      0.0911
   80      0.3410     -0.2860     -0.3772      0.0913
   81      0.3485     -0.2919     -0.3833      0.0914
   82      0.3560     -0.2977     -0.3893      0.0915
   83      0.3636     -0.3036     -0.3952      0.0916
   84      0.3712     -0.3095     -0.4012      0.0916
   85      0.3789     -0.3154     -0.4071      0.0916
   86      0.3865     -0.3213     -0.4129      0.0916
   87      0.3942     -0.3272     -0.4187      0.0915
   88      0.4020     -0.3330     -0.4245      0.0915
   89      0.4097     -0.3389     -0.4302      0.0913
   90      0.4175     -0.3447     -0.4359      0.0912
   91      0.4253     -0.3505     -0.4415      0.0910
   92      0.4331     -0.3563     -0.4471      0.0908
   93      0.4409     -0.3620     -0.4526      0.0905
   94      0.4488     -0.3678     -0.4581      0.0903
   95      0.4566     -0.3735     -0.4635      0.0900
   96      0.4645     -0.3792     -0.4689      0.0896
   97      0.4724     -0.3849     -0.4742      0.0893
   98      0.4803     -0.3905     -0.4794      0.0889
   99      0.4882     -0.3961     -0.4846      0.0885
  100      0.4961     -0.4017     -0.4898      0.0880
  101      0.5039     -0.4073     -0.4948      0.0876
  102      0.5118     -0.4128     -0.4999      0.0871
  103      0.5197     -0.4183     -0.5048      0.0865
  104      0.5276     -0.4237     -0.5097      0.0860
  105      0.5355     -0.4291     -0.5145      0.0854
  106      0.5434     -0.4345     -0.5193      0.0848
  107      0.5512     -0.4398     -0.5240      0.0842
  108      0.5591     -0.4451     -0.5286      0.0835
  109      0.5669     -0.4504     -0.5332      0.0828
  110      0.5747     -0.4556     -0.5377      0.0822
  111      0.5825     -0.4607     -0.5421      0.0814
  112      0.5903     -0.4658     -0.5465      0.0807
  113      0.5980     -0.4709     -0.5508      0.0799
  114      0.6058     -0.4759     -0.5550      0.0791
  115      0.6135     -0.4809     -0.5592      0.0783
  116      0.6211     -0.4858     -0.5633      0.0775
  117      0.6288     -0.4907     -0.5673      0.0767
  118      0.6364     -0.4955     -0.5713      0.0758
  119      0.6440     -0.5003     -0.5752      0.0749
  120      0.6515     -0.5050     -0.5790      0.0740
  121      0.6590     -0.5096     -0.5828      0.0731
  122      0.6665     -0.5142     -0.5864      0.0722
  123      0.6739     -0.5188     -0.5900      0.0712
  124      0.6813     -0.5233     -0.5936      0.0703
  125      0.6886     -0.5277     -0.5971      0.0694
  126      0.6959     -0.5321     -0.6005      0.0684
  127      0.7031     -0.5365     -0.6038      0.0674
  128      0.7103     -0.5407     -0.6071      0.0664
  129      0.7174     -0.5450     -0.6103      0.0654
  130      0.7245     -0.5491     -0.6135      0.0643
  131      0.7316     -0.5532     -0.6165      0.0633
  132      0.7385     -0.5573     -0.6195      0.0623
  133      0.7454     -0.5613     -0.6225      0.0612
  134      0.7523     -0.5652     -0.6253      0.0602
  135      0.7591     -0.5691     -0.6281      0.0591
  136      0.7658     -0.5729     -0.6309      0.0580
  137      0.7724     -0.5766     -0.6336      0.0570
  138      0.7790     -0.5803     -0.6362      0.0559
  139      0.7855     -0.5839     -0.6387      0.0548
  140      0.7920     -0.5875     -0.6412      0.0537
  141      0.7983     -0.5910     -0.6437      0.0527
  142      0.8046     -0.5944     -0.6460      0.0516
  143      0.8109     -0.5978     -0.6483      0.0505
  144      0.8170     -0.6012     -0.6506      0.0494
  145      0.8231     -0.6044     -0.6528      0.0483
  146      0.8291     -0.6076     -0.6549      0.0473
  147      0.8350     -0.6108     -0.6570      0.0462
  148      0.8408     -0.6138     -0.6590      0.0451
  149      0.8465     -0.6168     -0.6609      0.0441
  150      0.8522     -0.6198     -0.6628      0.0430
  151      0.8577     -0.6227     -0.6647      0.0420
  152      0.8632     -0.6255     -0.6665      0.0410
  153      0.8686     -0.6283     -0.6682      0.0399
  154      0.8739     -0.6310     -0.6699      0.0389
  155      0.8790     -0.6337     -0.6716      0.0379
  156      0.8841     -0.6362     -0.6731      0.0369
  157      0.8892     -0.6388     -0.6747      0.0359
  158      0.8941     -0.6412     -0.6762      0.0349
  159      0.8989     -0.6436     -0.6776      0.0340
  160      0.9036     -0.6460     -0.6790      0.0330
  161      0.9082     -0.6483     -0.6803      0.0321
  162      0.9127     -0.6505     -0.6816      0.0312
  163      0.9171     -0.6526     -0.6829      0.0303
  164      0.9214     -0.6547     -0.6841      0.0294
  165      0.9256     -0.6568     -0.6853      0.0285
  166      0.9297     -0.6588     -0.6864      0.0276
  167      0.9337     -0.6607     -0.6875      0.0268
  168      0.9375     -0.6625     -0.6885      0.0260
  169      0.9413     -0.6643     -0.6895      0.0252
  170      0.9450     -0.6661     -0.6905      0.0244
  171      0.9485     -0.6678     -0.6914      0.0236
  172      0.9519     -0.6694     -0.6923      0.0229
  173      0.9553     -0.6709     -0.6931      0.0222
  174      0.9585     -0.6724     -0.6939      0.0215
  175      0.9616     -0.6739     -0.6947      0.0208
  176      0.9645     -0.6753     -0.6954      0.0202
  177      0.9674     -0.6766     -0.6961      0.0195
  178      0.9701     -0.6779     -0.6968      0.0189
  179      0.9728     -0.6791     -0.6974      0.0183
  180      0.9753     -0.6803     -0.6980      0.0178
  181      0.9777     -0.6814     -0.6986      0.0172
  182      0.9799     -0.6824     -0.6991      0.0167
  183      0.9821     -0.6834     -0.6996      0.0162
  184      0.9841     -0.6843     -0.7001      0.0158
  185      0.9860     -0.6852     -0.7005      0.0154
  186      0.9878     -0.6860     -0.7009      0.0149
  187      0.9895     -0.6867     -0.7012      0.0145
  188      0.9911     -0.6874     -0.7013      0.0139
  189      0.9925     -0.6881     -0.7013      0.0132
  190      0.9938     -0.6888     -0.7012      0.0124
  191      0.9950     -0.6896     -0.7010      0.0114
  192      0.9960     -0.6904     -0.7007      0.0103
  193      0.9970     -0.6912     -0.7004      0.0091
  194      0.9978     -0.6921     -0.7000      0.0079
  195      0.9984     -0.6929     -0.6995      0.0066
  196      0.9990     -0.6937     -0.6990      0.0053
  197      0.9994     -0.6945     -0.6985      0.0040
  198      0.9998     -0.6953     -0.6980      0.0027
  199      0.9999     -0.6960     -0.6974      0.0014
  200      1.0000     -0.6964     -0.6964      0.0000
 GRID EXPANSION RATIO UP=    1.12157 DOWN =    1.05711
  AXIAL,TANGENTIAL AND RADIAL COORDINATES ON THE STREAM
  SURFACE BEFORE TRANSFORMING TO R-THETA COORDINATES 
 J, XGRID,YGRID,RGRID            1  -2.86522564E-02   3.16965133E-02  0.449492484    
 J, XGRID,YGRID,RGRID            2  -2.55683176E-02   2.80282814E-02  0.449533701    
 J, XGRID,YGRID,RGRID            3  -2.28188150E-02   2.47576721E-02  0.449579358    
 J, XGRID,YGRID,RGRID            4  -2.03675181E-02   2.18415856E-02  0.449627429    
 J, XGRID,YGRID,RGRID            5  -1.81821100E-02   1.92415938E-02  0.449676484    
 J, XGRID,YGRID,RGRID            6  -1.62337571E-02   1.69234313E-02  0.449725330    
 J, XGRID,YGRID,RGRID            7  -1.44967409E-02   1.48565490E-02  0.449773014    
 J, XGRID,YGRID,RGRID            8  -1.29481507E-02   1.30137121E-02  0.449818969    
 J, XGRID,YGRID,RGRID            9  -1.15675284E-02   1.13706309E-02  0.449862659    
 J, XGRID,YGRID,RGRID           10  -1.03366571E-02   9.90565401E-03  0.449903935    
 J, XGRID,YGRID,RGRID           11  -9.23929363E-03   8.59947596E-03  0.449942559    
 J, XGRID,YGRID,RGRID           12  -8.26094206E-03   7.43488222E-03  0.449978381    
 J, XGRID,YGRID,RGRID           13  -7.38870120E-03   6.39652740E-03  0.450011522    
 J, XGRID,YGRID,RGRID           14  -6.61105337E-03   5.47072617E-03  0.450042009    
 J, XGRID,YGRID,RGRID           15  -5.91773866E-03   4.64527914E-03  0.450069994    
 J, XGRID,YGRID,RGRID           16  -5.29960683E-03   3.90930753E-03  0.450095594    
 J, XGRID,YGRID,RGRID           17  -4.74850414E-03   3.25311255E-03  0.450118840    
 J, XGRID,YGRID,RGRID           18  -4.25715977E-03   2.66804686E-03  0.450140029    
 J, XGRID,YGRID,RGRID           19  -3.81908985E-03   2.14640028E-03  0.450159132    
 J, XGRID,YGRID,RGRID           20  -3.42851947E-03   1.68129848E-03  0.450176477    
 J, XGRID,YGRID,RGRID           21  -3.08029680E-03   1.26661221E-03  0.450192183    
 J, XGRID,YGRID,RGRID           22  -2.76982994E-03   8.96876445E-04  0.450206310    
 J, XGRID,YGRID,RGRID           23  -2.49302341E-03   5.67218754E-04  0.450219035    
 J, XGRID,YGRID,RGRID           24  -2.24622455E-03   2.73294747E-04  0.450230449    
 J, XGRID,YGRID,RGRID           25  -2.02618330E-03   1.12311645E-05  0.450240701    
 J, XGRID,YGRID,RGRID           26  -1.82999996E-03  -2.22425631E-04  0.450250000    
 J, XGRID,YGRID,RGRID           27  -1.63433165E-03   1.25245570E-04  0.450265884    
 J, XGRID,YGRID,RGRID           28  -1.42975082E-03   8.74910766E-05  0.450282663    
 J, XGRID,YGRID,RGRID           29  -1.21543801E-03  -3.50966798E-06  0.450300366    
 J, XGRID,YGRID,RGRID           30  -9.90578672E-04  -1.30322995E-04  0.450319052    
 J, XGRID,YGRID,RGRID           31  -7.54343346E-04  -2.93156510E-04  0.450338960    
 J, XGRID,YGRID,RGRID           32  -5.05920034E-04  -4.94447711E-04  0.450359941    
 J, XGRID,YGRID,RGRID           33  -2.44478695E-04  -7.30559288E-04  0.450382292    
 J, XGRID,YGRID,RGRID           34   3.07885930E-05  -9.87627544E-04  0.450406015    
 J, XGRID,YGRID,RGRID           35   3.20713501E-04  -1.25974533E-03  0.450431198    
 J, XGRID,YGRID,RGRID           36   6.26104884E-04  -1.54728640E-03  0.450458139    
 J, XGRID,YGRID,RGRID           37   9.47790220E-04  -1.85046950E-03  0.450486630    
 J, XGRID,YGRID,RGRID           38   1.28658209E-03  -2.16992875E-03  0.450517088    
 J, XGRID,YGRID,RGRID           39   1.64329913E-03  -2.50612386E-03  0.450549453    
 J, XGRID,YGRID,RGRID           40   2.01876741E-03  -2.85950792E-03  0.450583786    
 J, XGRID,YGRID,RGRID           41   2.41360720E-03  -3.23034194E-03  0.450620472    
 J, XGRID,YGRID,RGRID           42   2.82792374E-03  -3.61836865E-03  0.450659335    
 J, XGRID,YGRID,RGRID           43   3.26267164E-03  -4.02412424E-03  0.450700551    
 J, XGRID,YGRID,RGRID           44   3.71892564E-03  -4.44822805E-03  0.450744241    
 J, XGRID,YGRID,RGRID           45   4.19789553E-03  -4.89138393E-03  0.450790763    
 J, XGRID,YGRID,RGRID           46   4.70088609E-03  -5.35436766E-03  0.450840175    
 J, XGRID,YGRID,RGRID           47   5.22934459E-03  -5.83802350E-03  0.450892746    
 J, XGRID,YGRID,RGRID           48   5.78453392E-03  -6.34300476E-03  0.450948477    
 J, XGRID,YGRID,RGRID           49   6.36751018E-03  -6.86972635E-03  0.451007843    
 J, XGRID,YGRID,RGRID           50   6.98021986E-03  -7.41936127E-03  0.451071024    
 J, XGRID,YGRID,RGRID           51   7.62485154E-03  -7.99323153E-03  0.451138198    
 J, XGRID,YGRID,RGRID           52   8.30381364E-03  -8.59278999E-03  0.451209754    
 J, XGRID,YGRID,RGRID           53   9.01977718E-03  -9.21961572E-03  0.451286256    
 J, XGRID,YGRID,RGRID           54   9.77563858E-03  -9.87538602E-03  0.451367795    
 J, XGRID,YGRID,RGRID           55   1.05805360E-02  -1.05670244E-02  0.451455712    
 J, XGRID,YGRID,RGRID           56   1.14460774E-02  -1.13031659E-02  0.451551288    
 J, XGRID,YGRID,RGRID           57   1.23732053E-02  -1.20830582E-02  0.451654732    
 J, XGRID,YGRID,RGRID           58   1.33612081E-02  -1.29044736E-02  0.451766282    
 J, XGRID,YGRID,RGRID           59   1.44076832E-02  -1.37634957E-02  0.451885462    
 J, XGRID,YGRID,RGRID           60   1.55085959E-02  -1.46544529E-02  0.452011913    
 J, XGRID,YGRID,RGRID           61   1.66582540E-02  -1.55709581E-02  0.452145040    
 J, XGRID,YGRID,RGRID           62   1.78380385E-02  -1.64959542E-02  0.452282488    
 J, XGRID,YGRID,RGRID           63   1.90290809E-02  -1.74158942E-02  0.452421993    
 J, XGRID,YGRID,RGRID           64   2.02249996E-02  -1.83248501E-02  0.452562392    
 J, XGRID,YGRID,RGRID           65   2.14205720E-02  -1.92189552E-02  0.452703059    
 J, XGRID,YGRID,RGRID           66   2.26117373E-02  -2.00954527E-02  0.452842951    
 J, XGRID,YGRID,RGRID           67   2.37957239E-02  -2.09526140E-02  0.452981889    
 J, XGRID,YGRID,RGRID           68   2.49708518E-02  -2.17896309E-02  0.453119397    
 J, XGRID,YGRID,RGRID           69   2.61450931E-02  -2.26122066E-02  0.453255892    
 J, XGRID,YGRID,RGRID           70   2.73236856E-02  -2.34238505E-02  0.453391731    
 J, XGRID,YGRID,RGRID           71   2.85057798E-02  -2.42238380E-02  0.453527153    
 J, XGRID,YGRID,RGRID           72   2.96898261E-02  -2.50111241E-02  0.453661323    
 J, XGRID,YGRID,RGRID           73   3.08736488E-02  -2.57843323E-02  0.453793526    
 J, XGRID,YGRID,RGRID           74   3.20546031E-02  -2.65418328E-02  0.453923821    
 J, XGRID,YGRID,RGRID           75   3.32293212E-02  -2.72817295E-02  0.454051375    
 J, XGRID,YGRID,RGRID           76   3.43873650E-02  -2.79979277E-02  0.454174697    
 J, XGRID,YGRID,RGRID           77   3.55222225E-02  -2.86862217E-02  0.454293191    
 J, XGRID,YGRID,RGRID           78   3.66308093E-02  -2.93472912E-02  0.454406440    
 J, XGRID,YGRID,RGRID           79   3.77106294E-02  -2.99797952E-02  0.454514384    
 J, XGRID,YGRID,RGRID           80   3.87597680E-02  -3.05835903E-02  0.454616606    
 J, XGRID,YGRID,RGRID           81   3.97769362E-02  -3.11588757E-02  0.454713315    
 J, XGRID,YGRID,RGRID           82   4.07613702E-02  -3.17062438E-02  0.454804301    
 J, XGRID,YGRID,RGRID           83   4.17166688E-02  -3.22285630E-02  0.454889894    
 J, XGRID,YGRID,RGRID           84   4.26438078E-02  -3.27271670E-02  0.454970628    
 J, XGRID,YGRID,RGRID           85   4.35427763E-02  -3.32028009E-02  0.455046624    
 J, XGRID,YGRID,RGRID           86   4.44135070E-02  -3.36561762E-02  0.455117553    
 J, XGRID,YGRID,RGRID           87   4.52560745E-02  -3.40880081E-02  0.455184132    
 J, XGRID,YGRID,RGRID           88   4.60704193E-02  -3.44989672E-02  0.455246270    
 J, XGRID,YGRID,RGRID           89   4.68565300E-02  -3.48896906E-02  0.455303967    
 J, XGRID,YGRID,RGRID           90   4.76144068E-02  -3.52608077E-02  0.455357522    
 J, XGRID,YGRID,RGRID           91   4.83440347E-02  -3.56129371E-02  0.455407113    
 J, XGRID,YGRID,RGRID           92   4.90453988E-02  -3.59466448E-02  0.455452949    
 J, XGRID,YGRID,RGRID           93   4.97184880E-02  -3.62624787E-02  0.455495149    
 J, XGRID,YGRID,RGRID           94   5.03632948E-02  -3.65609899E-02  0.455534011    
 J, XGRID,YGRID,RGRID           95   5.09798005E-02  -3.68426815E-02  0.455569565    
 J, XGRID,YGRID,RGRID           96   5.15679941E-02  -3.73730585E-02  0.455601990    
 J, XGRID,YGRID,RGRID           97   5.21566905E-02  -3.75692509E-02  0.455627978    
 J, XGRID,YGRID,RGRID           98   5.27790375E-02  -3.77764963E-02  0.455654889    
 J, XGRID,YGRID,RGRID           99   5.34369424E-02  -3.79955806E-02  0.455682695    
 J, XGRID,YGRID,RGRID          100   5.41324727E-02  -3.82271782E-02  0.455711544    
 J, XGRID,YGRID,RGRID          101   5.48677407E-02  -3.84720005E-02  0.455741167    
 J, XGRID,YGRID,RGRID          102   5.56450486E-02  -3.87308039E-02  0.455771744    
 J, XGRID,YGRID,RGRID          103   5.64667881E-02  -3.90043929E-02  0.455803216    
 J, XGRID,YGRID,RGRID          104   5.73354773E-02  -3.92936021E-02  0.455835432    
 J, XGRID,YGRID,RGRID          105   5.82538508E-02  -3.95993330E-02  0.455868006    
 J, XGRID,YGRID,RGRID          106   5.92247173E-02  -3.99225205E-02  0.455900788    
 J, XGRID,YGRID,RGRID          107   6.02510758E-02  -4.02641706E-02  0.455934435    
 J, XGRID,YGRID,RGRID          108   6.13360815E-02  -4.06253301E-02  0.455969185    
 J, XGRID,YGRID,RGRID          109   6.24830574E-02  -4.10071164E-02  0.456005186    
 J, XGRID,YGRID,RGRID          110   6.36955500E-02  -4.14107069E-02  0.456042737    
 J, XGRID,YGRID,RGRID          111   6.49764687E-02  -4.18373495E-02  0.456098378    

  THE BLADE CENTROID ON THE X-Y SURFACE IS AT X, Y=    0.02235  -0.02106


  THE J VALUE OF THE CENTROID IS J =           66

  THE CENTROID ON THE STREAM SURFACE IS AT   2.23450884E-02   0.00000000    
  THE HUB SECTION CENTROID IS AT   2.23450884E-02   0.00000000    

  AXIAL & RADIAL COORDINATES ON THE SS AFTER STACKING 
  J  , XGRID,RGRID            1  -2.86522564E-02  0.449492484    
  J  , XGRID,RGRID            2  -2.55683176E-02  0.449533701    
  J  , XGRID,RGRID            3  -2.28188150E-02  0.449579358    
  J  , XGRID,RGRID            4  -2.03675181E-02  0.449627429    
  J  , XGRID,RGRID            5  -1.81821100E-02  0.449676484    
  J  , XGRID,RGRID            6  -1.62337571E-02  0.449725330    
  J  , XGRID,RGRID            7  -1.44967409E-02  0.449773014    
  J  , XGRID,RGRID            8  -1.29481507E-02  0.449818969    
  J  , XGRID,RGRID            9  -1.15675284E-02  0.449862659    
  J  , XGRID,RGRID           10  -1.03366571E-02  0.449903935    
  J  , XGRID,RGRID           11  -9.23929363E-03  0.449942559    
  J  , XGRID,RGRID           12  -8.26094206E-03  0.449978381    
  J  , XGRID,RGRID           13  -7.38870120E-03  0.450011522    
  J  , XGRID,RGRID           14  -6.61105337E-03  0.450042009    
  J  , XGRID,RGRID           15  -5.91773866E-03  0.450069994    
  J  , XGRID,RGRID           16  -5.29960683E-03  0.450095594    
  J  , XGRID,RGRID           17  -4.74850414E-03  0.450118840    
  J  , XGRID,RGRID           18  -4.25715977E-03  0.450140029    
  J  , XGRID,RGRID           19  -3.81908985E-03  0.450159132    
  J  , XGRID,RGRID           20  -3.42851947E-03  0.450176477    
  J  , XGRID,RGRID           21  -3.08029680E-03  0.450192183    
  J  , XGRID,RGRID           22  -2.76982994E-03  0.450206310    
  J  , XGRID,RGRID           23  -2.49302341E-03  0.450219035    
  J  , XGRID,RGRID           24  -2.24622455E-03  0.450230449    
  J  , XGRID,RGRID           25  -2.02618330E-03  0.450240701    
  J  , XGRID,RGRID           26  -1.82999996E-03  0.450250000    
  J  , XGRID,RGRID           27  -1.63433165E-03  0.450265884    
  J  , XGRID,RGRID           28  -1.42975082E-03  0.450282663    
  J  , XGRID,RGRID           29  -1.21543801E-03  0.450300366    
  J  , XGRID,RGRID           30  -9.90578672E-04  0.450319052    
  J  , XGRID,RGRID           31  -7.54343346E-04  0.450338960    
  J  , XGRID,RGRID           32  -5.05920034E-04  0.450359941    
  J  , XGRID,RGRID           33  -2.44478695E-04  0.450382292    
  J  , XGRID,RGRID           34   3.07885930E-05  0.450406015    
  J  , XGRID,RGRID           35   3.20713501E-04  0.450431198    
  J  , XGRID,RGRID           36   6.26104884E-04  0.450458139    
  J  , XGRID,RGRID           37   9.47790220E-04  0.450486630    
  J  , XGRID,RGRID           38   1.28658209E-03  0.450517088    
  J  , XGRID,RGRID           39   1.64329913E-03  0.450549453    
  J  , XGRID,RGRID           40   2.01876741E-03  0.450583786    
  J  , XGRID,RGRID           41   2.41360720E-03  0.450620472    
  J  , XGRID,RGRID           42   2.82792374E-03  0.450659335    
  J  , XGRID,RGRID           43   3.26267164E-03  0.450700551    
  J  , XGRID,RGRID           44   3.71892564E-03  0.450744241    
  J  , XGRID,RGRID           45   4.19789553E-03  0.450790763    
  J  , XGRID,RGRID           46   4.70088609E-03  0.450840175    
  J  , XGRID,RGRID           47   5.22934459E-03  0.450892746    
  J  , XGRID,RGRID           48   5.78453392E-03  0.450948477    
  J  , XGRID,RGRID           49   6.36751018E-03  0.451007843    
  J  , XGRID,RGRID           50   6.98021986E-03  0.451071024    
  J  , XGRID,RGRID           51   7.62485154E-03  0.451138198    
  J  , XGRID,RGRID           52   8.30381364E-03  0.451209754    
  J  , XGRID,RGRID           53   9.01977718E-03  0.451286256    
  J  , XGRID,RGRID           54   9.77563858E-03  0.451367795    
  J  , XGRID,RGRID           55   1.05805360E-02  0.451455712    
  J  , XGRID,RGRID           56   1.14460774E-02  0.451551288    
  J  , XGRID,RGRID           57   1.23732053E-02  0.451654732    
  J  , XGRID,RGRID           58   1.33612081E-02  0.451766282    
  J  , XGRID,RGRID           59   1.44076832E-02  0.451885462    
  J  , XGRID,RGRID           60   1.55085959E-02  0.452011913    
  J  , XGRID,RGRID           61   1.66582540E-02  0.452145040    
  J  , XGRID,RGRID           62   1.78380385E-02  0.452282488    
  J  , XGRID,RGRID           63   1.90290809E-02  0.452421993    
  J  , XGRID,RGRID           64   2.02249996E-02  0.452562392    
  J  , XGRID,RGRID           65   2.14205720E-02  0.452703059    
  J  , XGRID,RGRID           66   2.26117373E-02  0.452842951    
  J  , XGRID,RGRID           67   2.37957239E-02  0.452981889    
  J  , XGRID,RGRID           68   2.49708518E-02  0.453119397    
  J  , XGRID,RGRID           69   2.61450931E-02  0.453255892    
  J  , XGRID,RGRID           70   2.73236856E-02  0.453391731    
  J  , XGRID,RGRID           71   2.85057798E-02  0.453527153    
  J  , XGRID,RGRID           72   2.96898261E-02  0.453661323    
  J  , XGRID,RGRID           73   3.08736488E-02  0.453793526    
  J  , XGRID,RGRID           74   3.20546031E-02  0.453923821    
  J  , XGRID,RGRID           75   3.32293212E-02  0.454051375    
  J  , XGRID,RGRID           76   3.43873650E-02  0.454174697    
  J  , XGRID,RGRID           77   3.55222225E-02  0.454293191    
  J  , XGRID,RGRID           78   3.66308093E-02  0.454406440    
  J  , XGRID,RGRID           79   3.77106294E-02  0.454514384    
  J  , XGRID,RGRID           80   3.87597680E-02  0.454616606    
  J  , XGRID,RGRID           81   3.97769362E-02  0.454713315    
  J  , XGRID,RGRID           82   4.07613702E-02  0.454804301    
  J  , XGRID,RGRID           83   4.17166688E-02  0.454889894    
  J  , XGRID,RGRID           84   4.26438078E-02  0.454970628    
  J  , XGRID,RGRID           85   4.35427763E-02  0.455046624    
  J  , XGRID,RGRID           86   4.44135070E-02  0.455117553    
  J  , XGRID,RGRID           87   4.52560745E-02  0.455184132    
  J  , XGRID,RGRID           88   4.60704193E-02  0.455246270    
  J  , XGRID,RGRID           89   4.68565300E-02  0.455303967    
  J  , XGRID,RGRID           90   4.76144068E-02  0.455357522    
  J  , XGRID,RGRID           91   4.83440347E-02  0.455407113    
  J  , XGRID,RGRID           92   4.90453988E-02  0.455452949    
  J  , XGRID,RGRID           93   4.97184880E-02  0.455495149    
  J  , XGRID,RGRID           94   5.03632948E-02  0.455534011    
  J  , XGRID,RGRID           95   5.09798005E-02  0.455569565    
  J  , XGRID,RGRID           96   5.15679941E-02  0.455601990    
  J  , XGRID,RGRID           97   5.21566905E-02  0.455627978    
  J  , XGRID,RGRID           98   5.27790375E-02  0.455654889    
  J  , XGRID,RGRID           99   5.34369424E-02  0.455682695    
  J  , XGRID,RGRID          100   5.41324727E-02  0.455711544    
  J  , XGRID,RGRID          101   5.48677407E-02  0.455741167    
  J  , XGRID,RGRID          102   5.56450486E-02  0.455771744    
  J  , XGRID,RGRID          103   5.64667881E-02  0.455803216    
  J  , XGRID,RGRID          104   5.73354773E-02  0.455835432    
  J  , XGRID,RGRID          105   5.82538508E-02  0.455868006    
  J  , XGRID,RGRID          106   5.92247173E-02  0.455900788    
  J  , XGRID,RGRID          107   6.02510758E-02  0.455934435    
  J  , XGRID,RGRID          108   6.13360815E-02  0.455969185    
  J  , XGRID,RGRID          109   6.24830574E-02  0.456005186    
  J  , XGRID,RGRID          110   6.36955500E-02  0.456042737    
  J  , XGRID,RGRID          111   6.49764687E-02  0.456098378    

  BLADE TRUE CHORD:AXIAL CHORD RATIO =    1.36356497    


    TKLE      TKTE      TKMAX     XTMAX     XMODLE     XMODTE    TK_TYP 
    0.0200    0.0100    0.0750    0.4000    0.0200    0.0100    2.0000


 FCHORD=    1.00000000      FPERP=    0.00000000     FTKSCALE=    1.00000000    


  CENTRELINE COORDINATES AND THICKNESS FOR INTYPE = 1

    XIN        YIN       TKIN 
   0.00000   0.00000   0.02727
   0.00006  -0.00009   0.02748
   0.00025  -0.00035   0.02787
   0.00056  -0.00078   0.02838
   0.00100  -0.00138   0.02897
   0.00156  -0.00216   0.02965
   0.00224  -0.00311   0.03040
   0.00305  -0.00423   0.03120
   0.00398  -0.00552   0.03206
   0.00504  -0.00698   0.03298
   0.00622  -0.00861   0.03393
   0.00752  -0.01040   0.03493
   0.00895  -0.01237   0.03597
   0.01049  -0.01449   0.03705
   0.01216  -0.01678   0.03815
   0.01395  -0.01923   0.03929
   0.01587  -0.02185   0.04045
   0.01790  -0.02462   0.04164
   0.02005  -0.02755   0.04285
   0.02232  -0.03063   0.04408
   0.02472  -0.03387   0.04533
   0.02723  -0.03726   0.04659
   0.02985  -0.04080   0.04787
   0.03260  -0.04448   0.04916
   0.03546  -0.04831   0.05046
   0.03844  -0.05228   0.05178
   0.04153  -0.05640   0.05309
   0.04474  -0.06065   0.05442
   0.04806  -0.06503   0.05574
   0.05149  -0.06955   0.05707
   0.05504  -0.07420   0.05840
   0.05869  -0.07898   0.05973
   0.06246  -0.08388   0.06106
   0.06633  -0.08890   0.06239
   0.07031  -0.09405   0.06371
   0.07440  -0.09931   0.06502
   0.07860  -0.10468   0.06633
   0.08290  -0.11016   0.06763
   0.08730  -0.11576   0.06891
   0.09181  -0.12146   0.07019
   0.09642  -0.12726   0.07145
   0.10113  -0.13316   0.07271
   0.10594  -0.13916   0.07394
   0.11085  -0.14525   0.07516
   0.11585  -0.15144   0.07637
   0.12095  -0.15771   0.07756
   0.12615  -0.16407   0.07872
   0.13144  -0.17051   0.07987
   0.13682  -0.17703   0.08100
   0.14229  -0.18362   0.08211
   0.14784  -0.19029   0.08319
   0.15349  -0.19704   0.08425
   0.15923  -0.20385   0.08529
   0.16504  -0.21072   0.08630
   0.17095  -0.21766   0.08729
   0.17693  -0.22466   0.08825
   0.18299  -0.23172   0.08918
   0.18914  -0.23883   0.09009
   0.19536  -0.24599   0.09097
   0.20166  -0.25321   0.09182
   0.20803  -0.26047   0.09264
   0.21447  -0.26777   0.09343
   0.22099  -0.27511   0.09419
   0.22757  -0.28250   0.09491
   0.23422  -0.28992   0.09561
   0.24094  -0.29737   0.09628
   0.24772  -0.30486   0.09691
   0.25457  -0.31237   0.09751
   0.26148  -0.31991   0.09807
   0.26845  -0.32748   0.09860
   0.27547  -0.33506   0.09910
   0.28255  -0.34267   0.09957
   0.28968  -0.35029   0.10000
   0.29687  -0.35793   0.10039
   0.30411  -0.36557   0.10075
   0.31140  -0.37322   0.10108
   0.31873  -0.38088   0.10137
   0.32611  -0.38854   0.10163
   0.33353  -0.39620   0.10185
   0.34099  -0.40385   0.10203
   0.34850  -0.41150   0.10218
   0.35604  -0.41915   0.10230
   0.36362  -0.42679   0.10237
   0.37123  -0.43441   0.10242
   0.37887  -0.44202   0.10243
   0.38654  -0.44962   0.10240
   0.39424  -0.45720   0.10234
   0.40197  -0.46476   0.10224
   0.40972  -0.47230   0.10211
   0.41750  -0.47982   0.10194
   0.42529  -0.48731   0.10174
   0.43311  -0.49477   0.10151
   0.44094  -0.50221   0.10124
   0.44878  -0.50961   0.10094
   0.45664  -0.51699   0.10060
   0.46451  -0.52432   0.10023
   0.47239  -0.53163   0.09983
   0.48027  -0.53889   0.09940
   0.48816  -0.54612   0.09894
   0.49605  -0.55330   0.09844
   0.50395  -0.56044   0.09792
   0.51184  -0.56754   0.09736
   0.51973  -0.57459   0.09677
   0.52761  -0.58159   0.09616
   0.53549  -0.58854   0.09551
   0.54336  -0.59544   0.09484
   0.55122  -0.60229   0.09414
   0.55906  -0.60909   0.09342
   0.56689  -0.61583   0.09266
   0.57471  -0.62251   0.09188
   0.58250  -0.62914   0.09108
   0.59028  -0.63571   0.09025
   0.59803  -0.64222   0.08939
   0.60576  -0.64867   0.08852
   0.61346  -0.65505   0.08762
   0.62113  -0.66137   0.08670
   0.62877  -0.66763   0.08576
   0.63638  -0.67383   0.08479
   0.64396  -0.67996   0.08381
   0.65150  -0.68602   0.08281
   0.65901  -0.69201   0.08179
   0.66647  -0.69794   0.08076
   0.67389  -0.70379   0.07971
   0.68127  -0.70958   0.07864
   0.68860  -0.71530   0.07755
   0.69589  -0.72094   0.07646
   0.70313  -0.72652   0.07535
   0.71031  -0.73202   0.07422
   0.71745  -0.73745   0.07309
   0.72453  -0.74281   0.07195
   0.73155  -0.74809   0.07079
   0.73852  -0.75329   0.06963
   0.74543  -0.75843   0.06846
   0.75228  -0.76348   0.06728
   0.75906  -0.76847   0.06609
   0.76578  -0.77337   0.06490
   0.77243  -0.77820   0.06371
   0.77901  -0.78295   0.06251
   0.78553  -0.78763   0.06131
   0.79197  -0.79223   0.06010
   0.79834  -0.79675   0.05890
   0.80464  -0.80119   0.05769
   0.81086  -0.80556   0.05649
   0.81701  -0.80985   0.05529
   0.82307  -0.81406   0.05409
   0.82905  -0.81819   0.05289
   0.83496  -0.82224   0.05170
   0.84077  -0.82622   0.05051
   0.84651  -0.83012   0.04933
   0.85216  -0.83394   0.04815
   0.85771  -0.83768   0.04698
   0.86318  -0.84134   0.04583
   0.86856  -0.84492   0.04468
   0.87385  -0.84842   0.04354
   0.87905  -0.85185   0.04241
   0.88415  -0.85520   0.04129
   0.88915  -0.85847   0.04019
   0.89406  -0.86166   0.03909
   0.89887  -0.86477   0.03802
   0.90358  -0.86781   0.03696
   0.90819  -0.87077   0.03591
   0.91270  -0.87364   0.03488
   0.91710  -0.87645   0.03387
   0.92140  -0.87917   0.03287
   0.92560  -0.88182   0.03189
   0.92969  -0.88439   0.03094
   0.93367  -0.88688   0.03000
   0.93754  -0.88930   0.02908
   0.94131  -0.89164   0.02818
   0.94496  -0.89390   0.02731
   0.94851  -0.89609   0.02646
   0.95194  -0.89820   0.02563
   0.95526  -0.90023   0.02482
   0.95847  -0.90219   0.02404
   0.96156  -0.90407   0.02329
   0.96454  -0.90588   0.02256
   0.96740  -0.90761   0.02185
   0.97015  -0.90927   0.02117
   0.97277  -0.91085   0.02052
   0.97528  -0.91236   0.01989
   0.97768  -0.91379   0.01930
   0.97995  -0.91515   0.01873
   0.98210  -0.91643   0.01819
   0.98413  -0.91764   0.01768
   0.98605  -0.91877   0.01719
   0.98784  -0.91983   0.01674
   0.98951  -0.92082   0.01632
   0.99105  -0.92174   0.01592
   0.99248  -0.92258   0.01556
   0.99378  -0.92334   0.01523
   0.99496  -0.92404   0.01493
   0.99602  -0.92466   0.01466
   0.99695  -0.92520   0.01442
   0.99776  -0.92568   0.01421
   0.99844  -0.92608   0.01404
   0.99900  -0.92641   0.01389
   0.99944  -0.92666   0.01378
   0.99975  -0.92684   0.01370
   0.99994  -0.92695   0.01365
   1.00000  -0.92699   0.01364

  BLADE SURFACE COORDINATES GENERATED USING INTYPE = 1

  XUP          YUP       XLOW      YLOW 
   0.00001   0.01364  -0.00001  -0.01364
   0.00007   0.01365   0.00005  -0.01383
   0.00026   0.01359   0.00024  -0.01428
   0.00057   0.01341   0.00055  -0.01497
   0.00101   0.01310   0.00099  -0.01587
   0.00157   0.01266   0.00155  -0.01699
   0.00225   0.01209   0.00223  -0.01831
   0.00306   0.01137   0.00304  -0.01983
   0.00399   0.01051   0.00397  -0.02155
   0.00505   0.00951   0.00503  -0.02347
   0.00623   0.00836   0.00621  -0.02557
   0.00753   0.00706   0.00751  -0.02787
   0.00896   0.00562   0.00894  -0.03035
   0.01050   0.00403   0.01048  -0.03301
   0.01217   0.00229   0.01215  -0.03586
   0.01396   0.00041   0.01394  -0.03888
   0.01588  -0.00162   0.01586  -0.04207
   0.01791  -0.00380   0.01789  -0.04544
   0.02006  -0.00612   0.02004  -0.04897
   0.02233  -0.00859   0.02231  -0.05267
   0.02473  -0.01121   0.02471  -0.05653
   0.02724  -0.01396   0.02722  -0.06056
   0.02986  -0.01686   0.02984  -0.06473
   0.03261  -0.01990   0.03259  -0.06906
   0.03547  -0.02308   0.03545  -0.07354
   0.03845  -0.02640   0.03843  -0.07817
   0.04154  -0.02985   0.04152  -0.08294
   0.04475  -0.03344   0.04473  -0.08786
   0.04807  -0.03716   0.04805  -0.09291
   0.05150  -0.04102   0.05148  -0.09809
   0.05505  -0.04500   0.05503  -0.10340
   0.05870  -0.04911   0.05868  -0.10885
   0.06247  -0.05335   0.06245  -0.11441
   0.06634  -0.05771   0.06632  -0.12010
   0.07032  -0.06219   0.07030  -0.12590
   0.07441  -0.06680   0.07439  -0.13182
   0.07861  -0.07152   0.07859  -0.13784
   0.08291  -0.07635   0.08289  -0.14398
   0.08731  -0.08130   0.08729  -0.15022
   0.09182  -0.08636   0.09180  -0.15655
   0.09643  -0.09153   0.09641  -0.16299
   0.10114  -0.09681   0.10112  -0.16951
   0.10595  -0.10219   0.10593  -0.17613
   0.11086  -0.10767   0.11084  -0.18283
   0.11586  -0.11325   0.11584  -0.18962
   0.12096  -0.11893   0.12094  -0.19649
   0.12616  -0.12470   0.12614  -0.20343
   0.13145  -0.13057   0.13143  -0.21044
   0.13683  -0.13652   0.13681  -0.21753
   0.14230  -0.14257   0.14228  -0.22468
   0.14785  -0.14870   0.14783  -0.23189
   0.15350  -0.15491   0.15348  -0.23916
   0.15924  -0.16120   0.15922  -0.24649
   0.16505  -0.16757   0.16503  -0.25387
   0.17096  -0.17402   0.17094  -0.26131
   0.17694  -0.18054   0.17692  -0.26879
   0.18300  -0.18713   0.18298  -0.27631
   0.18915  -0.19378   0.18913  -0.28387
   0.19537  -0.20051   0.19535  -0.29148
   0.20167  -0.20730   0.20165  -0.29911
   0.20804  -0.21415   0.20802  -0.30678
   0.21448  -0.22106   0.21446  -0.31448
   0.22100  -0.22802   0.22098  -0.32221
   0.22758  -0.23504   0.22756  -0.32996
   0.23423  -0.24211   0.23421  -0.33772
   0.24095  -0.24924   0.24093  -0.34551
   0.24773  -0.25641   0.24771  -0.35331
   0.25458  -0.26362   0.25456  -0.36113
   0.26149  -0.27088   0.26147  -0.36895
   0.26846  -0.27818   0.26844  -0.37678
   0.27548  -0.28551   0.27546  -0.38462
   0.28256  -0.29289   0.28254  -0.39245
   0.28969  -0.30029   0.28967  -0.40029
   0.29688  -0.30773   0.29686  -0.40812
   0.30412  -0.31519   0.30410  -0.41595
   0.31141  -0.32268   0.31139  -0.42376
   0.31874  -0.33019   0.31872  -0.43156
   0.32612  -0.33772   0.32610  -0.43935
   0.33354  -0.34527   0.33352  -0.44712
   0.34100  -0.35284   0.34098  -0.45487
   0.34851  -0.36041   0.34849  -0.46260
   0.35605  -0.36800   0.35603  -0.47030
   0.36363  -0.37560   0.36361  -0.47797
   0.37124  -0.38320   0.37122  -0.48562
   0.37888  -0.39081   0.37886  -0.49324
   0.38655  -0.39842   0.38653  -0.50082
   0.39425  -0.40603   0.39423  -0.50837
   0.40198  -0.41364   0.40196  -0.51588
   0.40973  -0.42125   0.40971  -0.52336
   0.41751  -0.42885   0.41749  -0.53079
   0.42530  -0.43644   0.42528  -0.53818
   0.43312  -0.44402   0.43310  -0.54553
   0.44095  -0.45159   0.44093  -0.55283
   0.44879  -0.45914   0.44877  -0.56008
   0.45665  -0.46668   0.45663  -0.56729
   0.46452  -0.47421   0.46450  -0.57444
   0.47240  -0.48171   0.47238  -0.58154
   0.48028  -0.48919   0.48026  -0.58859
   0.48817  -0.49665   0.48815  -0.59558
   0.49606  -0.50408   0.49604  -0.60252
   0.50396  -0.51148   0.50394  -0.60940
   0.51185  -0.51886   0.51183  -0.61622
   0.51974  -0.52620   0.51972  -0.62298
   0.52762  -0.53351   0.52760  -0.62967
   0.53550  -0.54079   0.53548  -0.63630
   0.54337  -0.54802   0.54335  -0.64287
   0.55123  -0.55522   0.55121  -0.64937
   0.55907  -0.56238   0.55905  -0.65580
   0.56690  -0.56950   0.56688  -0.66216
   0.57472  -0.57657   0.57470  -0.66846
   0.58251  -0.58360   0.58249  -0.67468
   0.59029  -0.59058   0.59027  -0.68083
   0.59804  -0.59752   0.59802  -0.68691
   0.60577  -0.60441   0.60575  -0.69292
   0.61347  -0.61124   0.61345  -0.69886
   0.62114  -0.61802   0.62112  -0.70472
   0.62878  -0.62475   0.62876  -0.71051
   0.63639  -0.63143   0.63637  -0.71622
   0.64397  -0.63805   0.64395  -0.72186
   0.65151  -0.64461   0.65149  -0.72742
   0.65902  -0.65111   0.65900  -0.73291
   0.66648  -0.65756   0.66646  -0.73832
   0.67390  -0.66394   0.67388  -0.74365
   0.68128  -0.67026   0.68126  -0.74890
   0.68861  -0.67652   0.68859  -0.75408
   0.69590  -0.68272   0.69588  -0.75917
   0.70314  -0.68885   0.70312  -0.76419
   0.71033  -0.69491   0.71030  -0.76913
   0.71746  -0.70090   0.71744  -0.77400
   0.72454  -0.70683   0.72452  -0.77878
   0.73156  -0.71269   0.73154  -0.78348
   0.73853  -0.71848   0.73851  -0.78811
   0.74544  -0.72420   0.74542  -0.79266
   0.75229  -0.72985   0.75227  -0.79712
   0.75907  -0.73542   0.75905  -0.80151
   0.76579  -0.74092   0.76577  -0.80582
   0.77244  -0.74635   0.77242  -0.81006
   0.77902  -0.75170   0.77900  -0.81421
   0.78554  -0.75698   0.78552  -0.81828
   0.79198  -0.76218   0.79196  -0.82228
   0.79835  -0.76730   0.79833  -0.82620
   0.80465  -0.77235   0.80463  -0.83004
   0.81087  -0.77732   0.81085  -0.83381
   0.81702  -0.78221   0.81700  -0.83749
   0.82308  -0.78702   0.82306  -0.84110
   0.82906  -0.79175   0.82904  -0.84464
   0.83497  -0.79640   0.83495  -0.84809
   0.84078  -0.80097   0.84076  -0.85147
   0.84652  -0.80545   0.84650  -0.85478
   0.85217  -0.80986   0.85215  -0.85801
   0.85772  -0.81418   0.85770  -0.86117
   0.86319  -0.81842   0.86317  -0.86425
   0.86857  -0.82258   0.86855  -0.86726
   0.87386  -0.82666   0.87384  -0.87019
   0.87906  -0.83065   0.87904  -0.87305
   0.88416  -0.83455   0.88414  -0.87584
   0.88916  -0.83837   0.88914  -0.87856
   0.89407  -0.84211   0.89405  -0.88121
   0.89888  -0.84576   0.89886  -0.88378
   0.90359  -0.84933   0.90357  -0.88629
   0.90820  -0.85281   0.90818  -0.88872
   0.91271  -0.85621   0.91269  -0.89108
   0.91711  -0.85951   0.91709  -0.89338
   0.92141  -0.86274   0.92139  -0.89561
   0.92561  -0.86587   0.92559  -0.89777
   0.92970  -0.86892   0.92968  -0.89986
   0.93368  -0.87188   0.93366  -0.90188
   0.93755  -0.87476   0.93753  -0.90384
   0.94132  -0.87754   0.94130  -0.90573
   0.94497  -0.88024   0.94495  -0.90755
   0.94852  -0.88286   0.94850  -0.90931
   0.95195  -0.88538   0.95193  -0.91101
   0.95527  -0.88782   0.95525  -0.91264
   0.95848  -0.89017   0.95846  -0.91421
   0.96157  -0.89243   0.96155  -0.91571
   0.96455  -0.89460   0.96453  -0.91716
   0.96741  -0.89668   0.96739  -0.91854
   0.97016  -0.89868   0.97014  -0.91985
   0.97278  -0.90059   0.97276  -0.92111
   0.97529  -0.90241   0.97527  -0.92230
   0.97769  -0.90414   0.97767  -0.92344
   0.97996  -0.90578   0.97994  -0.92451
   0.98211  -0.90734   0.98209  -0.92552
   0.98414  -0.90880   0.98412  -0.92648
   0.98606  -0.91018   0.98604  -0.92737
   0.98785  -0.91146   0.98783  -0.92820
   0.98952  -0.91266   0.98950  -0.92898
   0.99106  -0.91377   0.99104  -0.92970
   0.99249  -0.91480   0.99247  -0.93036
   0.99379  -0.91573   0.99377  -0.93096
   0.99497  -0.91657   0.99495  -0.93150
   0.99603  -0.91733   0.99601  -0.93198
   0.99696  -0.91799   0.99694  -0.93241
   0.99777  -0.91857   0.99775  -0.93278
   0.99845  -0.91906   0.99843  -0.93310
   0.99901  -0.91946   0.99899  -0.93335
   0.99945  -0.91977   0.99943  -0.93355
   0.99976  -0.91999   0.99974  -0.93369
   0.99995  -0.92013   0.99993  -0.93378
   1.00001  -0.92017   0.99999  -0.93381

XIN,   MODIFIED LEADING EDGE THICKNESS     0.00000     0.00000
XIN,   MODIFIED LEADING EDGE THICKNESS     0.00006     0.09653
XIN,   MODIFIED LEADING EDGE THICKNESS     0.00025     0.19214
XIN,   MODIFIED LEADING EDGE THICKNESS     0.00056     0.28594
XIN,   MODIFIED LEADING EDGE THICKNESS     0.00100     0.37704
XIN,   MODIFIED LEADING EDGE THICKNESS     0.00156     0.46456
XIN,   MODIFIED LEADING EDGE THICKNESS     0.00224     0.54766
XIN,   MODIFIED LEADING EDGE THICKNESS     0.00305     0.62551
XIN,   MODIFIED LEADING EDGE THICKNESS     0.00398     0.69735
XIN,   MODIFIED LEADING EDGE THICKNESS     0.00504     0.76246
XIN,   MODIFIED LEADING EDGE THICKNESS     0.00622     0.82022
XIN,   MODIFIED LEADING EDGE THICKNESS     0.00752     0.87008
XIN,   MODIFIED LEADING EDGE THICKNESS     0.00895     0.91166
XIN,   MODIFIED LEADING EDGE THICKNESS     0.01049     0.94477
XIN,   MODIFIED LEADING EDGE THICKNESS     0.01216     0.96944
XIN,   MODIFIED LEADING EDGE THICKNESS     0.01395     0.98609
XIN,   MODIFIED LEADING EDGE THICKNESS     0.01587     0.99557
XIN,   MODIFIED LEADING EDGE THICKNESS     0.01790     0.99942
 XIN,   MODIFIED TRAILING EDGE THICKNESS     0.99105     0.99442
 XIN,   MODIFIED TRAILING EDGE THICKNESS     0.99248     0.96876
 XIN,   MODIFIED TRAILING EDGE THICKNESS     0.99378     0.92571
 XIN,   MODIFIED TRAILING EDGE THICKNESS     0.99496     0.86823
 XIN,   MODIFIED TRAILING EDGE THICKNESS     0.99602     0.79867
 XIN,   MODIFIED TRAILING EDGE THICKNESS     0.99695     0.71900
 XIN,   MODIFIED TRAILING EDGE THICKNESS     0.99776     0.63090
 XIN,   MODIFIED TRAILING EDGE THICKNESS     0.99844     0.53585
 XIN,   MODIFIED TRAILING EDGE THICKNESS     0.99900     0.43519
 XIN,   MODIFIED TRAILING EDGE THICKNESS     0.99944     0.33013
 XIN,   MODIFIED TRAILING EDGE THICKNESS     0.99975     0.22186
 XIN,   MODIFIED TRAILING EDGE THICKNESS     0.99994     0.11149
 XIN,   MODIFIED TRAILING EDGE THICKNESS     1.00000     0.00000

  POINTS NEARLY PERPENDICULAR TO THE CENTRE LINE BEFORE THINNING 
        N        XUPP      YUPP        XLOW        YLOW 
         1     0.00848     0.00610    -0.00412    -0.00297
         2     0.00855     0.00602    -0.00408    -0.00307
         3     0.00878     0.00579    -0.00396    -0.00338
         4     0.00916     0.00541    -0.00377    -0.00389
         5     0.00968     0.00487    -0.00349    -0.00462
         6     0.01035     0.00417    -0.00313    -0.00554
         7     0.01117     0.00333    -0.00269    -0.00667
         8     0.01214     0.00232    -0.00218    -0.00801
         9     0.01324     0.00117    -0.00159    -0.00955
        10     0.01448    -0.00014    -0.00091    -0.01129
        11     0.01587    -0.00162    -0.00016    -0.01323
        12     0.01739    -0.00325     0.00073    -0.01533
        13     0.01904    -0.00503     0.00183    -0.01753
        14     0.02083    -0.00696     0.00307    -0.01989
        15     0.02276    -0.00905     0.00445    -0.02241
        16     0.02481    -0.01130     0.00594    -0.02509
        17     0.02699    -0.01370     0.00755    -0.02794
        18     0.02931    -0.01625     0.00928    -0.03095
        19     0.03174    -0.01895     0.01113    -0.03411
        20     0.03431    -0.02179     0.01309    -0.03744
        21     0.03700    -0.02478     0.01517    -0.04092
        22     0.03981    -0.02792     0.01737    -0.04456
        23     0.04275    -0.03120     0.01967    -0.04836
        24     0.04581    -0.03463     0.02210    -0.05231
        25     0.04899    -0.03819     0.02463    -0.05640
        26     0.05228    -0.04189     0.02728    -0.06066
        27     0.05570    -0.04573     0.03004    -0.06505
        28     0.05923    -0.04970     0.03292    -0.06958
        29     0.06287    -0.05380     0.03591    -0.07425
        30     0.06663    -0.05803     0.03900    -0.07906
        31     0.07050    -0.06239     0.04221    -0.08400
        32     0.07448    -0.06687     0.04553    -0.08907
        33     0.07857    -0.07147     0.04895    -0.09427
        34     0.08277    -0.07620     0.05249    -0.09960
        35     0.08708    -0.08104     0.05613    -0.10505
        36     0.09149    -0.08599     0.05988    -0.11062
        37     0.09601    -0.09106     0.06374    -0.11630
        38     0.10063    -0.09623     0.06770    -0.12210
        39     0.10535    -0.10151     0.07177    -0.12802
        40     0.11017    -0.10690     0.07594    -0.13404
        41     0.11509    -0.11239     0.08022    -0.14016
        42     0.12011    -0.11798     0.08459    -0.14639
        43     0.12522    -0.12366     0.08907    -0.15271
        44     0.13043    -0.12944     0.09365    -0.15913
        45     0.13573    -0.13531     0.09833    -0.16564
        46     0.14112    -0.14127     0.10311    -0.17225
        47     0.14660    -0.14731     0.10799    -0.17894
        48     0.15217    -0.15344     0.11296    -0.18571
        49     0.15782    -0.15965     0.11803    -0.19256
        50     0.16356    -0.16593     0.12319    -0.19949
        51     0.16938    -0.17229     0.12845    -0.20649
        52     0.17529    -0.17873     0.13380    -0.21356
        53     0.18127    -0.18524     0.13924    -0.22071
        54     0.18733    -0.19181     0.14477    -0.22791
        55     0.19347    -0.19845     0.15039    -0.23518
        56     0.19968    -0.20515     0.15610    -0.24251
        57     0.20597    -0.21192     0.16190    -0.24989
        58     0.21233    -0.21874     0.16778    -0.25732
        59     0.21875    -0.22562     0.17374    -0.26481
        60     0.22525    -0.23255     0.17979    -0.27234
        61     0.23181    -0.23953     0.18592    -0.27991
        62     0.23844    -0.24656     0.19212    -0.28753
        63     0.24512    -0.25364     0.19841    -0.29518
        64     0.25187    -0.26076     0.20477    -0.30287
        65     0.25868    -0.26793     0.21121    -0.31060
        66     0.26555    -0.27513     0.21773    -0.31835
        67     0.27247    -0.28237     0.22431    -0.32613
        68     0.27945    -0.28964     0.23097    -0.33393
        69     0.28648    -0.29695     0.23769    -0.34175
        70     0.29356    -0.30429     0.24449    -0.34959
        71     0.30069    -0.31165     0.25135    -0.35745
        72     0.30786    -0.31904     0.25827    -0.36532
        73     0.31508    -0.32645     0.26526    -0.37321
        74     0.32235    -0.33387     0.27232    -0.38110
        75     0.32965    -0.34131     0.27943    -0.38900
        76     0.33700    -0.34877     0.28660    -0.39690
        77     0.34438    -0.35624     0.29382    -0.40480
        78     0.35179    -0.36372     0.30110    -0.41269
        79     0.35924    -0.37120     0.30843    -0.42058
        80     0.36672    -0.37869     0.31581    -0.42846
        81     0.37424    -0.38619     0.32324    -0.43633
        82     0.38178    -0.39369     0.33072    -0.44418
        83     0.38934    -0.40118     0.33825    -0.45202
        84     0.39694    -0.40867     0.34582    -0.45983
        85     0.40455    -0.41616     0.35343    -0.46763
        86     0.41219    -0.42364     0.36108    -0.47540
        87     0.41984    -0.43112     0.36877    -0.48315
        88     0.42751    -0.43858     0.37649    -0.49087
        89     0.43520    -0.44603     0.38425    -0.49855
        90     0.44290    -0.45347     0.39205    -0.50621
        91     0.45061    -0.46089     0.39987    -0.51383
        92     0.45833    -0.46829     0.40772    -0.52142
        93     0.46606    -0.47567     0.41559    -0.52896
        94     0.47379    -0.48303     0.42350    -0.53647
        95     0.48153    -0.49037     0.43142    -0.54393
        96     0.48928    -0.49769     0.43936    -0.55135
        97     0.49702    -0.50497     0.44733    -0.55872
        98     0.50476    -0.51223     0.45530    -0.56605
        99     0.51250    -0.51946     0.46330    -0.57333
       100     0.52023    -0.52666     0.47130    -0.58055
       101     0.52796    -0.53382     0.47932    -0.58772
       102     0.53568    -0.54095     0.48734    -0.59484
       103     0.54338    -0.54804     0.49537    -0.60191
       104     0.55108    -0.55507     0.50340    -0.60891
       105     0.55876    -0.56208     0.51144    -0.61585
       106     0.56642    -0.56905     0.51947    -0.62274
       107     0.57407    -0.57598     0.52750    -0.62956
       108     0.58170    -0.58286     0.53553    -0.63634
       109     0.58931    -0.58970     0.54355    -0.64303
       110     0.59689    -0.59649     0.55156    -0.64966
       111     0.60445    -0.60323     0.55956    -0.65621
       112     0.61199    -0.60992     0.56755    -0.66270
       113     0.61950    -0.61656     0.57552    -0.66911
       114     0.62697    -0.62315     0.58347    -0.67546
       115     0.63442    -0.62969     0.59141    -0.68173
       116     0.64183    -0.63617     0.59932    -0.68793
       117     0.64921    -0.64260     0.60721    -0.69405
       118     0.65655    -0.64897     0.61507    -0.70010
       119     0.66385    -0.65528     0.62290    -0.70607
       120     0.67111    -0.66154     0.63071    -0.71197
       121     0.67834    -0.66774     0.63848    -0.71779
       122     0.68551    -0.67387     0.64621    -0.72353
       123     0.69265    -0.67995     0.65391    -0.72919
       124     0.69974    -0.68596     0.66157    -0.73477
       125     0.70678    -0.69191     0.66919    -0.74027
       126     0.71377    -0.69780     0.67677    -0.74570
       127     0.72071    -0.70362     0.68430    -0.75104
       128     0.72759    -0.70938     0.69178    -0.75630
       129     0.73443    -0.71507     0.69921    -0.76148
       130     0.74121    -0.72069     0.70660    -0.76658
       131     0.74793    -0.72625     0.71393    -0.77160
       132     0.75459    -0.73174     0.72120    -0.77653
       133     0.76119    -0.73716     0.72842    -0.78138
       134     0.76773    -0.74250     0.73557    -0.78615
       135     0.77420    -0.74778     0.74267    -0.79084
       136     0.78062    -0.75299     0.74970    -0.79544
       137     0.78696    -0.75813     0.75667    -0.79997
       138     0.79324    -0.76319     0.76357    -0.80441
       139     0.79945    -0.76818     0.77040    -0.80876
       140     0.80559    -0.77310     0.77716    -0.81304
       141     0.81166    -0.77794     0.78385    -0.81723
       142     0.81765    -0.78271     0.79046    -0.82134
       143     0.82357    -0.78740     0.79699    -0.82537
       144     0.82941    -0.79202     0.80345    -0.82931
       145     0.83518    -0.79657     0.80983    -0.83317
       146     0.84087    -0.80103     0.81612    -0.83696
       147     0.84648    -0.80542     0.82233    -0.84066
       148     0.85201    -0.80973     0.82846    -0.84428
       149     0.85745    -0.81397     0.83450    -0.84782
       150     0.86282    -0.81812     0.84045    -0.85128
       151     0.86809    -0.82220     0.84631    -0.85466
       152     0.87328    -0.82621     0.85208    -0.85796
       153     0.87839    -0.83013     0.85775    -0.86119
       154     0.88340    -0.83397     0.86333    -0.86434
       155     0.88833    -0.83774     0.86881    -0.86740
       156     0.89317    -0.84142     0.87420    -0.87039
       157     0.89791    -0.84503     0.87948    -0.87330
       158     0.90256    -0.84855     0.88467    -0.87613
       159     0.90712    -0.85199     0.88975    -0.87889
       160     0.91158    -0.85536     0.89473    -0.88157
       161     0.91595    -0.85864     0.89960    -0.88418
       162     0.92022    -0.86184     0.90437    -0.88671
       163     0.92439    -0.86496     0.90903    -0.88916
       164     0.92846    -0.86800     0.91358    -0.89155
       165     0.93244    -0.87096     0.91802    -0.89386
       166     0.93631    -0.87383     0.92234    -0.89610
       167     0.94008    -0.87662     0.92656    -0.89826
       168     0.94374    -0.87933     0.93066    -0.90036
       169     0.94731    -0.88196     0.93465    -0.90238
       170     0.95077    -0.88451     0.93852    -0.90433
       171     0.95412    -0.88697     0.94227    -0.90621
       172     0.95737    -0.88935     0.94591    -0.90803
       173     0.96051    -0.89165     0.94943    -0.90977
       174     0.96354    -0.89387     0.95282    -0.91145
       175     0.96647    -0.89600     0.95610    -0.91306
       176     0.96928    -0.89805     0.95925    -0.91460
       177     0.97199    -0.90001     0.96229    -0.91607
       178     0.97459    -0.90190     0.96520    -0.91748
       179     0.97707    -0.90369     0.96798    -0.91882
       180     0.97945    -0.90541     0.97064    -0.92010
       181     0.98171    -0.90704     0.97318    -0.92131
       182     0.98386    -0.90859     0.97559    -0.92245
       183     0.98589    -0.91006     0.97787    -0.92353
       184     0.98782    -0.91144     0.98003    -0.92455
       185     0.98962    -0.91274     0.98205    -0.92550
       186     0.99132    -0.91396     0.98395    -0.92639
       187     0.99290    -0.91509     0.98572    -0.92722
       188     0.99436    -0.91613     0.98737    -0.92799
       189     0.99571    -0.91710     0.98888    -0.92869
       190     0.99694    -0.91798     0.99026    -0.92933
       191     0.99805    -0.91878     0.99151    -0.92991
       192     0.99905    -0.91949     0.99263    -0.93043
       193     0.99993    -0.92012     0.99362    -0.93089
       194     1.00070    -0.92066     0.99448    -0.93128
       195     1.00134    -0.92112     0.99520    -0.93161
       196     1.00187    -0.92150     0.99580    -0.93189
       197     1.00229    -0.92179     0.99626    -0.93210
       198     1.00258    -0.92200     0.99659    -0.93225
       199     1.00276    -0.92213     0.99679    -0.93234
       200     1.00282    -0.92217     0.99685    -0.93237
  COORDINATES GOING ROUND THE BLADE AFTER ANY ROTATION
     N        XSURF        YSURF 
         1     0.00248     0.00178
         2     0.00285     0.00191
         3     0.00363     0.00208
         4     0.00454     0.00209
         5     0.00558     0.00192
         6     0.00674     0.00157
         7     0.00804     0.00107
         8     0.00945     0.00039
         9     0.01099    -0.00045
        10     0.01265    -0.00147
        11     0.01443    -0.00267
        12     0.01630    -0.00403
        13     0.01828    -0.00558
        14     0.02034    -0.00732
        15     0.02248    -0.00926
        16     0.02468    -0.01139
        17     0.02695    -0.01373
        18     0.02930    -0.01625
        19     0.03174    -0.01895
        20     0.03431    -0.02179
        21     0.03700    -0.02478
        22     0.03981    -0.02792
        23     0.04275    -0.03120
        24     0.04581    -0.03463
        25     0.04899    -0.03819
        26     0.05228    -0.04189
        27     0.05570    -0.04573
        28     0.05923    -0.04970
        29     0.06287    -0.05380
        30     0.06663    -0.05803
        31     0.07050    -0.06239
        32     0.07448    -0.06687
        33     0.07857    -0.07147
        34     0.08277    -0.07620
        35     0.08708    -0.08104
        36     0.09149    -0.08599
        37     0.09601    -0.09106
        38     0.10063    -0.09623
        39     0.10535    -0.10151
        40     0.11017    -0.10690
        41     0.11509    -0.11239
        42     0.12011    -0.11798
        43     0.12522    -0.12366
        44     0.13043    -0.12944
        45     0.13573    -0.13531
        46     0.14112    -0.14127
        47     0.14660    -0.14731
        48     0.15217    -0.15344
        49     0.15782    -0.15965
        50     0.16356    -0.16593
        51     0.16938    -0.17229
        52     0.17529    -0.17873
        53     0.18127    -0.18524
        54     0.18733    -0.19181
        55     0.19347    -0.19845
        56     0.19968    -0.20515
        57     0.20597    -0.21192
        58     0.21233    -0.21874
        59     0.21875    -0.22562
        60     0.22525    -0.23255
        61     0.23181    -0.23953
        62     0.23844    -0.24656
        63     0.24512    -0.25364
        64     0.25187    -0.26076
        65     0.25868    -0.26793
        66     0.26555    -0.27513
        67     0.27247    -0.28237
        68     0.27945    -0.28964
        69     0.28648    -0.29695
        70     0.29356    -0.30429
        71     0.30069    -0.31165
        72     0.30786    -0.31904
        73     0.31508    -0.32645
        74     0.32235    -0.33387
        75     0.32965    -0.34131
        76     0.33700    -0.34877
        77     0.34438    -0.35624
        78     0.35179    -0.36372
        79     0.35924    -0.37120
        80     0.36672    -0.37869
        81     0.37424    -0.38619
        82     0.38178    -0.39369
        83     0.38934    -0.40118
        84     0.39694    -0.40867
        85     0.40455    -0.41616
        86     0.41219    -0.42364
        87     0.41984    -0.43112
        88     0.42751    -0.43858
        89     0.43520    -0.44603
        90     0.44290    -0.45347
        91     0.45061    -0.46089
        92     0.45833    -0.46829
        93     0.46606    -0.47567
        94     0.47379    -0.48303
        95     0.48153    -0.49037
        96     0.48928    -0.49769
        97     0.49702    -0.50497
        98     0.50476    -0.51223
        99     0.51250    -0.51946
       100     0.52023    -0.52666
       101     0.52796    -0.53382
       102     0.53568    -0.54095
       103     0.54338    -0.54804
       104     0.55108    -0.55507
       105     0.55876    -0.56208
       106     0.56642    -0.56905
       107     0.57407    -0.57598
       108     0.58170    -0.58286
       109     0.58931    -0.58970
       110     0.59689    -0.59649
       111     0.60445    -0.60323
       112     0.61199    -0.60992
       113     0.61950    -0.61656
       114     0.62697    -0.62315
       115     0.63442    -0.62969
       116     0.64183    -0.63617
       117     0.64921    -0.64260
       118     0.65655    -0.64897
       119     0.66385    -0.65528
       120     0.67111    -0.66154
       121     0.67834    -0.66774
       122     0.68551    -0.67387
       123     0.69265    -0.67995
       124     0.69974    -0.68596
       125     0.70678    -0.69191
       126     0.71377    -0.69780
       127     0.72071    -0.70362
       128     0.72759    -0.70938
       129     0.73443    -0.71507
       130     0.74121    -0.72069
       131     0.74793    -0.72625
       132     0.75459    -0.73174
       133     0.76119    -0.73716
       134     0.76773    -0.74250
       135     0.77420    -0.74778
       136     0.78062    -0.75299
       137     0.78696    -0.75813
       138     0.79324    -0.76319
       139     0.79945    -0.76818
       140     0.80559    -0.77310
       141     0.81166    -0.77794
       142     0.81765    -0.78271
       143     0.82357    -0.78740
       144     0.82941    -0.79202
       145     0.83518    -0.79657
       146     0.84087    -0.80103
       147     0.84648    -0.80542
       148     0.85201    -0.80973
       149     0.85745    -0.81397
       150     0.86282    -0.81812
       151     0.86809    -0.82220
       152     0.87328    -0.82621
       153     0.87839    -0.83013
       154     0.88340    -0.83397
       155     0.88833    -0.83774
       156     0.89317    -0.84142
       157     0.89791    -0.84503
       158     0.90256    -0.84855
       159     0.90712    -0.85199
       160     0.91158    -0.85536
       161     0.91595    -0.85864
       162     0.92022    -0.86184
       163     0.92439    -0.86496
       164     0.92846    -0.86800
       165     0.93244    -0.87096
       166     0.93631    -0.87383
       167     0.94008    -0.87662
       168     0.94374    -0.87933
       169     0.94731    -0.88196
       170     0.95077    -0.88451
       171     0.95412    -0.88697
       172     0.95737    -0.88935
       173     0.96051    -0.89165
       174     0.96354    -0.89387
       175     0.96647    -0.89600
       176     0.96928    -0.89805
       177     0.97199    -0.90001
       178     0.97459    -0.90190
       179     0.97707    -0.90369
       180     0.97945    -0.90541
       181     0.98171    -0.90704
       182     0.98386    -0.90859
       183     0.98589    -0.91006
       184     0.98782    -0.91144
       185     0.98962    -0.91274
       186     0.99132    -0.91396
       187     0.99290    -0.91509
       188     0.99434    -0.91617
       189     0.99560    -0.91728
       190     0.99669    -0.91840
       191     0.99762    -0.91951
       192     0.99841    -0.92059
       193     0.99905    -0.92163
       194     0.99955    -0.92262
       195     0.99992    -0.92356
       196     1.00016    -0.92443
       197     1.00027    -0.92525
       198     1.00025    -0.92599
       199     1.00010    -0.92667
       200     1.00000    -0.92699
       201     0.99967    -0.92756
       202     0.99944    -0.92781
       203     0.99892    -0.92826
       204     0.99828    -0.92865
       205     0.99751    -0.92895
       206     0.99663    -0.92918
       207     0.99562    -0.92932
       208     0.99451    -0.92937
       209     0.99328    -0.92933
       210     0.99194    -0.92918
       211     0.99051    -0.92891
       212     0.98898    -0.92851
       213     0.98738    -0.92795
       214     0.98572    -0.92722
       215     0.98395    -0.92639
       216     0.98205    -0.92550
       217     0.98003    -0.92455
       218     0.97787    -0.92353
       219     0.97559    -0.92245
       220     0.97318    -0.92131
       221     0.97064    -0.92009
       222     0.96798    -0.91882
       223     0.96520    -0.91748
       224     0.96229    -0.91607
       225     0.95925    -0.91460
       226     0.95610    -0.91306
       227     0.95282    -0.91145
       228     0.94943    -0.90977
       229     0.94591    -0.90803
       230     0.94227    -0.90621
       231     0.93852    -0.90433
       232     0.93465    -0.90238
       233     0.93066    -0.90036
       234     0.92656    -0.89826
       235     0.92234    -0.89610
       236     0.91802    -0.89386
       237     0.91358    -0.89155
       238     0.90903    -0.88916
       239     0.90437    -0.88671
       240     0.89960    -0.88418
       241     0.89473    -0.88157
       242     0.88975    -0.87889
       243     0.88467    -0.87613
       244     0.87948    -0.87330
       245     0.87420    -0.87039
       246     0.86881    -0.86740
       247     0.86333    -0.86434
       248     0.85775    -0.86119
       249     0.85208    -0.85796
       250     0.84631    -0.85466
       251     0.84045    -0.85128
       252     0.83450    -0.84782
       253     0.82846    -0.84428
       254     0.82233    -0.84066
       255     0.81612    -0.83696
       256     0.80983    -0.83317
       257     0.80345    -0.82931
       258     0.79699    -0.82537
       259     0.79046    -0.82134
       260     0.78385    -0.81723
       261     0.77716    -0.81304
       262     0.77040    -0.80876
       263     0.76357    -0.80441
       264     0.75667    -0.79997
       265     0.74970    -0.79544
       266     0.74267    -0.79084
       267     0.73557    -0.78615
       268     0.72842    -0.78138
       269     0.72120    -0.77653
       270     0.71393    -0.77160
       271     0.70660    -0.76658
       272     0.69921    -0.76148
       273     0.69178    -0.75630
       274     0.68430    -0.75104
       275     0.67677    -0.74570
       276     0.66919    -0.74027
       277     0.66157    -0.73477
       278     0.65391    -0.72919
       279     0.64621    -0.72353
       280     0.63848    -0.71779
       281     0.63071    -0.71197
       282     0.62290    -0.70607
       283     0.61507    -0.70010
       284     0.60721    -0.69405
       285     0.59932    -0.68793
       286     0.59141    -0.68173
       287     0.58347    -0.67546
       288     0.57552    -0.66911
       289     0.56755    -0.66270
       290     0.55956    -0.65621
       291     0.55156    -0.64966
       292     0.54355    -0.64303
       293     0.53553    -0.63634
       294     0.52750    -0.62956
       295     0.51947    -0.62274
       296     0.51144    -0.61585
       297     0.50340    -0.60891
       298     0.49537    -0.60191
       299     0.48734    -0.59484
       300     0.47932    -0.58772
       301     0.47130    -0.58055
       302     0.46330    -0.57333
       303     0.45530    -0.56605
       304     0.44733    -0.55872
       305     0.43936    -0.55135
       306     0.43142    -0.54393
       307     0.42350    -0.53647
       308     0.41559    -0.52896
       309     0.40772    -0.52142
       310     0.39987    -0.51383
       311     0.39205    -0.50621
       312     0.38425    -0.49855
       313     0.37649    -0.49087
       314     0.36877    -0.48315
       315     0.36108    -0.47540
       316     0.35343    -0.46763
       317     0.34582    -0.45983
       318     0.33825    -0.45202
       319     0.33072    -0.44418
       320     0.32324    -0.43633
       321     0.31581    -0.42846
       322     0.30843    -0.42058
       323     0.30110    -0.41269
       324     0.29382    -0.40480
       325     0.28660    -0.39690
       326     0.27943    -0.38900
       327     0.27232    -0.38110
       328     0.26526    -0.37321
       329     0.25827    -0.36532
       330     0.25135    -0.35745
       331     0.24449    -0.34959
       332     0.23769    -0.34175
       333     0.23097    -0.33393
       334     0.22431    -0.32613
       335     0.21773    -0.31835
       336     0.21121    -0.31060
       337     0.20477    -0.30287
       338     0.19841    -0.29518
       339     0.19212    -0.28753
       340     0.18592    -0.27991
       341     0.17979    -0.27234
       342     0.17374    -0.26481
       343     0.16778    -0.25732
       344     0.16190    -0.24989
       345     0.15610    -0.24251
       346     0.15039    -0.23518
       347     0.14477    -0.22791
       348     0.13924    -0.22071
       349     0.13380    -0.21356
       350     0.12845    -0.20649
       351     0.12319    -0.19949
       352     0.11803    -0.19256
       353     0.11296    -0.18571
       354     0.10799    -0.17894
       355     0.10311    -0.17225
       356     0.09833    -0.16564
       357     0.09365    -0.15913
       358     0.08907    -0.15271
       359     0.08459    -0.14639
       360     0.08022    -0.14016
       361     0.07594    -0.13404
       362     0.07177    -0.12802
       363     0.06770    -0.12210
       364     0.06374    -0.11630
       365     0.05988    -0.11062
       366     0.05613    -0.10505
       367     0.05249    -0.09960
       368     0.04895    -0.09427
       369     0.04553    -0.08907
       370     0.04221    -0.08400
       371     0.03900    -0.07906
       372     0.03591    -0.07425
       373     0.03292    -0.06958
       374     0.03004    -0.06505
       375     0.02728    -0.06066
       376     0.02463    -0.05640
       377     0.02210    -0.05231
       378     0.01967    -0.04836
       379     0.01737    -0.04456
       380     0.01517    -0.04092
       381     0.01309    -0.03744
       382     0.01113    -0.03411
       383     0.00929    -0.03094
       384     0.00759    -0.02791
       385     0.00607    -0.02499
       386     0.00473    -0.02221
       387     0.00356    -0.01954
       388     0.00259    -0.01698
       389     0.00181    -0.01455
       390     0.00128    -0.01219
       391     0.00091    -0.00997
       392     0.00066    -0.00793
       393     0.00050    -0.00607
       394     0.00044    -0.00441
       395     0.00048    -0.00294
       396     0.00061    -0.00166
       397     0.00085    -0.00057
       398     0.00118     0.00032
       399     0.00163     0.00104
       400     0.00187     0.00135
  LEADING EDGE POINT =          394  TE POINT =         197

  NO OF SUCT S POINTS         204  NO PRESS S POINTS         198
  XMIN,XMAX, XCHORD     4.41346550E-04   1.00026715      0.999825776    

   SUCTION SURFACE POINTS FROM LE TO TE.
         1     0.00044    -0.00441
         2     0.00048    -0.00294
         3     0.00061    -0.00166
         4     0.00085    -0.00057
         5     0.00118     0.00032
         6     0.00163     0.00104
         7     0.00187     0.00135
         8     0.00248     0.00178
         9     0.00285     0.00191
        10     0.00363     0.00208
        11     0.00454     0.00209
        12     0.00558     0.00192
        13     0.00674     0.00157
        14     0.00804     0.00107
        15     0.00945     0.00039
        16     0.01099    -0.00045
        17     0.01265    -0.00147
        18     0.01443    -0.00267
        19     0.01630    -0.00403
        20     0.01828    -0.00558
        21     0.02034    -0.00732
        22     0.02248    -0.00926
        23     0.02468    -0.01139
        24     0.02695    -0.01373
        25     0.02930    -0.01625
        26     0.03174    -0.01895
        27     0.03431    -0.02179
        28     0.03700    -0.02478
        29     0.03981    -0.02792
        30     0.04275    -0.03120
        31     0.04581    -0.03463
        32     0.04899    -0.03819
        33     0.05228    -0.04189
        34     0.05570    -0.04573
        35     0.05923    -0.04970
        36     0.06287    -0.05380
        37     0.06663    -0.05803
        38     0.07050    -0.06239
        39     0.07448    -0.06687
        40     0.07857    -0.07147
        41     0.08277    -0.07620
        42     0.08708    -0.08104
        43     0.09149    -0.08599
        44     0.09601    -0.09106
        45     0.10063    -0.09623
        46     0.10535    -0.10151
        47     0.11017    -0.10690
        48     0.11509    -0.11239
        49     0.12011    -0.11798
        50     0.12522    -0.12366
        51     0.13043    -0.12944
        52     0.13573    -0.13531
        53     0.14112    -0.14127
        54     0.14660    -0.14731
        55     0.15217    -0.15344
        56     0.15782    -0.15965
        57     0.16356    -0.16593
        58     0.16938    -0.17229
        59     0.17529    -0.17873
        60     0.18127    -0.18524
        61     0.18733    -0.19181
        62     0.19347    -0.19845
        63     0.19968    -0.20515
        64     0.20597    -0.21192
        65     0.21233    -0.21874
        66     0.21875    -0.22562
        67     0.22525    -0.23255
        68     0.23181    -0.23953
        69     0.23844    -0.24656
        70     0.24512    -0.25364
        71     0.25187    -0.26076
        72     0.25868    -0.26793
        73     0.26555    -0.27513
        74     0.27247    -0.28237
        75     0.27945    -0.28964
        76     0.28648    -0.29695
        77     0.29356    -0.30429
        78     0.30069    -0.31165
        79     0.30786    -0.31904
        80     0.31508    -0.32645
        81     0.32235    -0.33387
        82     0.32965    -0.34131
        83     0.33700    -0.34877
        84     0.34438    -0.35624
        85     0.35179    -0.36372
        86     0.35924    -0.37120
        87     0.36672    -0.37869
        88     0.37424    -0.38619
        89     0.38178    -0.39369
        90     0.38934    -0.40118
        91     0.39694    -0.40867
        92     0.40455    -0.41616
        93     0.41219    -0.42364
        94     0.41984    -0.43112
        95     0.42751    -0.43858
        96     0.43520    -0.44603
        97     0.44290    -0.45347
        98     0.45061    -0.46089
        99     0.45833    -0.46829
       100     0.46606    -0.47567
       101     0.47379    -0.48303
       102     0.48153    -0.49037
       103     0.48928    -0.49769
       104     0.49702    -0.50497
       105     0.50476    -0.51223
       106     0.51250    -0.51946
       107     0.52023    -0.52666
       108     0.52796    -0.53382
       109     0.53568    -0.54095
       110     0.54338    -0.54804
       111     0.55108    -0.55507
       112     0.55876    -0.56208
       113     0.56642    -0.56905
       114     0.57407    -0.57598
       115     0.58170    -0.58286
       116     0.58931    -0.58970
       117     0.59689    -0.59649
       118     0.60445    -0.60323
       119     0.61199    -0.60992
       120     0.61950    -0.61656
       121     0.62697    -0.62315
       122     0.63442    -0.62969
       123     0.64183    -0.63617
       124     0.64921    -0.64260
       125     0.65655    -0.64897
       126     0.66385    -0.65528
       127     0.67111    -0.66154
       128     0.67834    -0.66774
       129     0.68551    -0.67387
       130     0.69265    -0.67995
       131     0.69974    -0.68596
       132     0.70678    -0.69191
       133     0.71377    -0.69780
       134     0.72071    -0.70362
       135     0.72759    -0.70938
       136     0.73443    -0.71507
       137     0.74121    -0.72069
       138     0.74793    -0.72625
       139     0.75459    -0.73174
       140     0.76119    -0.73716
       141     0.76773    -0.74250
       142     0.77420    -0.74778
       143     0.78062    -0.75299
       144     0.78696    -0.75813
       145     0.79324    -0.76319
       146     0.79945    -0.76818
       147     0.80559    -0.77310
       148     0.81166    -0.77794
       149     0.81765    -0.78271
       150     0.82357    -0.78740
       151     0.82941    -0.79202
       152     0.83518    -0.79657
       153     0.84087    -0.80103
       154     0.84648    -0.80542
       155     0.85201    -0.80973
       156     0.85745    -0.81397
       157     0.86282    -0.81812
       158     0.86809    -0.82220
       159     0.87328    -0.82621
       160     0.87839    -0.83013
       161     0.88340    -0.83397
       162     0.88833    -0.83774
       163     0.89317    -0.84142
       164     0.89791    -0.84503
       165     0.90256    -0.84855
       166     0.90712    -0.85199
       167     0.91158    -0.85536
       168     0.91595    -0.85864
       169     0.92022    -0.86184
       170     0.92439    -0.86496
       171     0.92846    -0.86800
       172     0.93244    -0.87096
       173     0.93631    -0.87383
       174     0.94008    -0.87662
       175     0.94374    -0.87933
       176     0.94731    -0.88196
       177     0.95077    -0.88451
       178     0.95412    -0.88697
       179     0.95737    -0.88935
       180     0.96051    -0.89165
       181     0.96354    -0.89387
       182     0.96647    -0.89600
       183     0.96928    -0.89805
       184     0.97199    -0.90001
       185     0.97459    -0.90190
       186     0.97707    -0.90369
       187     0.97945    -0.90541
       188     0.98171    -0.90704
       189     0.98386    -0.90859
       190     0.98589    -0.91006
       191     0.98782    -0.91144
       192     0.98962    -0.91274
       193     0.99132    -0.91396
       194     0.99290    -0.91509
       195     0.99434    -0.91617
       196     0.99560    -0.91728
       197     0.99669    -0.91840
       198     0.99762    -0.91951
       199     0.99841    -0.92059
       200     0.99905    -0.92163
       201     0.99955    -0.92262
       202     0.99992    -0.92356
       203     1.00016    -0.92443
       204     1.00027    -0.92525

   PRESSURE SURFACE POINTS FROM LE TO TE.
         1     0.00044    -0.00441
         2     0.00050    -0.00607
         3     0.00066    -0.00793
         4     0.00091    -0.00997
         5     0.00128    -0.01219
         6     0.00181    -0.01455
         7     0.00259    -0.01698
         8     0.00356    -0.01954
         9     0.00473    -0.02221
        10     0.00607    -0.02499
        11     0.00759    -0.02791
        12     0.00929    -0.03094
        13     0.01113    -0.03411
        14     0.01309    -0.03744
        15     0.01517    -0.04092
        16     0.01737    -0.04456
        17     0.01967    -0.04836
        18     0.02210    -0.05231
        19     0.02463    -0.05640
        20     0.02728    -0.06066
        21     0.03004    -0.06505
        22     0.03292    -0.06958
        23     0.03591    -0.07425
        24     0.03900    -0.07906
        25     0.04221    -0.08400
        26     0.04553    -0.08907
        27     0.04895    -0.09427
        28     0.05249    -0.09960
        29     0.05613    -0.10505
        30     0.05988    -0.11062
        31     0.06374    -0.11630
        32     0.06770    -0.12210
        33     0.07177    -0.12802
        34     0.07594    -0.13404
        35     0.08022    -0.14016
        36     0.08459    -0.14639
        37     0.08907    -0.15271
        38     0.09365    -0.15913
        39     0.09833    -0.16564
        40     0.10311    -0.17225
        41     0.10799    -0.17894
        42     0.11296    -0.18571
        43     0.11803    -0.19256
        44     0.12319    -0.19949
        45     0.12845    -0.20649
        46     0.13380    -0.21356
        47     0.13924    -0.22071
        48     0.14477    -0.22791
        49     0.15039    -0.23518
        50     0.15610    -0.24251
        51     0.16190    -0.24989
        52     0.16778    -0.25732
        53     0.17374    -0.26481
        54     0.17979    -0.27234
        55     0.18592    -0.27991
        56     0.19212    -0.28753
        57     0.19841    -0.29518
        58     0.20477    -0.30287
        59     0.21121    -0.31060
        60     0.21773    -0.31835
        61     0.22431    -0.32613
        62     0.23097    -0.33393
        63     0.23769    -0.34175
        64     0.24449    -0.34959
        65     0.25135    -0.35745
        66     0.25827    -0.36532
        67     0.26526    -0.37321
        68     0.27232    -0.38110
        69     0.27943    -0.38900
        70     0.28660    -0.39690
        71     0.29382    -0.40480
        72     0.30110    -0.41269
        73     0.30843    -0.42058
        74     0.31581    -0.42846
        75     0.32324    -0.43633
        76     0.33072    -0.44418
        77     0.33825    -0.45202
        78     0.34582    -0.45983
        79     0.35343    -0.46763
        80     0.36108    -0.47540
        81     0.36877    -0.48315
        82     0.37649    -0.49087
        83     0.38425    -0.49855
        84     0.39205    -0.50621
        85     0.39987    -0.51383
        86     0.40772    -0.52142
        87     0.41559    -0.52896
        88     0.42350    -0.53647
        89     0.43142    -0.54393
        90     0.43936    -0.55135
        91     0.44733    -0.55872
        92     0.45530    -0.56605
        93     0.46330    -0.57333
        94     0.47130    -0.58055
        95     0.47932    -0.58772
        96     0.48734    -0.59484
        97     0.49537    -0.60191
        98     0.50340    -0.60891
        99     0.51144    -0.61585
       100     0.51947    -0.62274
       101     0.52750    -0.62956
       102     0.53553    -0.63634
       103     0.54355    -0.64303
       104     0.55156    -0.64966
       105     0.55956    -0.65621
       106     0.56755    -0.66270
       107     0.57552    -0.66911
       108     0.58347    -0.67546
       109     0.59141    -0.68173
       110     0.59932    -0.68793
       111     0.60721    -0.69405
       112     0.61507    -0.70010
       113     0.62290    -0.70607
       114     0.63071    -0.71197
       115     0.63848    -0.71779
       116     0.64621    -0.72353
       117     0.65391    -0.72919
       118     0.66157    -0.73477
       119     0.66919    -0.74027
       120     0.67677    -0.74570
       121     0.68430    -0.75104
       122     0.69178    -0.75630
       123     0.69921    -0.76148
       124     0.70660    -0.76658
       125     0.71393    -0.77160
       126     0.72120    -0.77653
       127     0.72842    -0.78138
       128     0.73557    -0.78615
       129     0.74267    -0.79084
       130     0.74970    -0.79544
       131     0.75667    -0.79997
       132     0.76357    -0.80441
       133     0.77040    -0.80876
       134     0.77716    -0.81304
       135     0.78385    -0.81723
       136     0.79046    -0.82134
       137     0.79699    -0.82537
       138     0.80345    -0.82931
       139     0.80983    -0.83317
       140     0.81612    -0.83696
       141     0.82233    -0.84066
       142     0.82846    -0.84428
       143     0.83450    -0.84782
       144     0.84045    -0.85128
       145     0.84631    -0.85466
       146     0.85208    -0.85796
       147     0.85775    -0.86119
       148     0.86333    -0.86434
       149     0.86881    -0.86740
       150     0.87420    -0.87039
       151     0.87948    -0.87330
       152     0.88467    -0.87613
       153     0.88975    -0.87889
       154     0.89473    -0.88157
       155     0.89960    -0.88418
       156     0.90437    -0.88671
       157     0.90903    -0.88916
       158     0.91358    -0.89155
       159     0.91802    -0.89386
       160     0.92234    -0.89610
       161     0.92656    -0.89826
       162     0.93066    -0.90036
       163     0.93465    -0.90238
       164     0.93852    -0.90433
       165     0.94227    -0.90621
       166     0.94591    -0.90803
       167     0.94943    -0.90977
       168     0.95282    -0.91145
       169     0.95610    -0.91306
       170     0.95925    -0.91460
       171     0.96229    -0.91607
       172     0.96520    -0.91748
       173     0.96798    -0.91882
       174     0.97064    -0.92009
       175     0.97318    -0.92131
       176     0.97559    -0.92245
       177     0.97787    -0.92353
       178     0.98003    -0.92455
       179     0.98205    -0.92550
       180     0.98395    -0.92639
       181     0.98572    -0.92722
       182     0.98738    -0.92795
       183     0.98898    -0.92851
       184     0.99051    -0.92891
       185     0.99194    -0.92918
       186     0.99328    -0.92933
       187     0.99451    -0.92937
       188     0.99562    -0.92932
       189     0.99663    -0.92918
       190     0.99751    -0.92895
       191     0.99828    -0.92865
       192     0.99892    -0.92826
       193     0.99944    -0.92781
       194     0.99967    -0.92756
       195     1.00000    -0.92699
       196     1.00010    -0.92667
       197     1.00025    -0.92599
       198     1.00027    -0.92525
  POINTS ON THE BLADE TO BE USED FOR PLOTTING 
  AND FINAL INTERPOLATION 
  N           X          YUP        YLOW        THICK 
    1      0.0000     -0.0044     -0.0044      0.0000
    2      0.0001     -0.0027     -0.0061      0.0034
    3      0.0002     -0.0013     -0.0082      0.0069
    4      0.0006     -0.0002     -0.0105      0.0103
    5      0.0010      0.0007     -0.0129      0.0136
    6      0.0016      0.0014     -0.0151      0.0166
    7      0.0022      0.0019     -0.0172      0.0191
    8      0.0030      0.0021     -0.0193      0.0214
    9      0.0040      0.0021     -0.0215      0.0236
   10      0.0050      0.0019     -0.0238      0.0257
   11      0.0062      0.0016     -0.0261      0.0277
   12      0.0075      0.0011     -0.0286      0.0297
   13      0.0089      0.0004     -0.0311      0.0315
   14      0.0105     -0.0004     -0.0338      0.0334
   15      0.0122     -0.0014     -0.0366      0.0352
   16      0.0140     -0.0026     -0.0396      0.0370
   17      0.0159     -0.0040     -0.0428      0.0388
   18      0.0179     -0.0056     -0.0462      0.0405
   19      0.0201     -0.0075     -0.0497      0.0422
   20      0.0223     -0.0095     -0.0534      0.0439
   21      0.0247     -0.0119     -0.0572      0.0454
   22      0.0272     -0.0145     -0.0613      0.0468
   23      0.0299     -0.0173     -0.0654      0.0481
   24      0.0326     -0.0204     -0.0698      0.0494
   25      0.0355     -0.0236     -0.0742      0.0507
   26      0.0384     -0.0269     -0.0789      0.0520
   27      0.0415     -0.0303     -0.0836      0.0533
   28      0.0447     -0.0339     -0.0885      0.0546
   29      0.0481     -0.0376     -0.0936      0.0559
   30      0.0515     -0.0415     -0.0988      0.0573
   31      0.0550     -0.0455     -0.1041      0.0586
   32      0.0587     -0.0496     -0.1095      0.0599
   33      0.0625     -0.0538     -0.1151      0.0612
   34      0.0663     -0.0582     -0.1207      0.0626
   35      0.0703     -0.0627     -0.1265      0.0639
   36      0.0744     -0.0673     -0.1325      0.0652
   37      0.0786     -0.0720     -0.1385      0.0665
   38      0.0829     -0.0768     -0.1446      0.0678
   39      0.0873     -0.0818     -0.1508      0.0691
   40      0.0918     -0.0868     -0.1572      0.0703
   41      0.0964     -0.0920     -0.1636      0.0716
   42      0.1011     -0.0973     -0.1701      0.0728
   43      0.1059     -0.1027     -0.1767      0.0741
   44      0.1108     -0.1081     -0.1834      0.0753
   45      0.1159     -0.1137     -0.1902      0.0765
   46      0.1210     -0.1194     -0.1971      0.0777
   47      0.1261     -0.1252     -0.2040      0.0788
   48      0.1314     -0.1310     -0.2110      0.0800
   49      0.1368     -0.1370     -0.2181      0.0811
   50      0.1423     -0.1430     -0.2253      0.0822
   51      0.1478     -0.1492     -0.2325      0.0833
   52      0.1535     -0.1554     -0.2397      0.0844
   53      0.1592     -0.1617     -0.2471      0.0854
   54      0.1650     -0.1680     -0.2544      0.0864
   55      0.1709     -0.1745     -0.2619      0.0874
   56      0.1769     -0.1810     -0.2693      0.0883
   57      0.1830     -0.1876     -0.2769      0.0893
   58      0.1891     -0.1942     -0.2844      0.0902
   59      0.1954     -0.2010     -0.2920      0.0911
   60      0.2017     -0.2078     -0.2996      0.0919
   61      0.2080     -0.2146     -0.3073      0.0927
   62      0.2145     -0.2215     -0.3150      0.0935
   63      0.2210     -0.2285     -0.3227      0.0943
   64      0.2276     -0.2355     -0.3305      0.0950
   65      0.2342     -0.2426     -0.3382      0.0957
   66      0.2409     -0.2497     -0.3460      0.0963
   67      0.2477     -0.2569     -0.3538      0.0970
   68      0.2546     -0.2641     -0.3616      0.0976
   69      0.2615     -0.2713     -0.3694      0.0981
   70      0.2684     -0.2786     -0.3773      0.0987
   71      0.2755     -0.2860     -0.3851      0.0992
   72      0.2826     -0.2933     -0.3929      0.0996
   73      0.2897     -0.3007     -0.4008      0.1000
   74      0.2969     -0.3082     -0.4086      0.1004
   75      0.3041     -0.3156     -0.4164      0.1008
   76      0.3114     -0.3231     -0.4242      0.1011
   77      0.3187     -0.3306     -0.4320      0.1014
   78      0.3261     -0.3382     -0.4398      0.1017
   79      0.3335     -0.3457     -0.4476      0.1019
   80      0.3410     -0.3533     -0.4553      0.1021
   81      0.3485     -0.3608     -0.4630      0.1022
   82      0.3560     -0.3684     -0.4707      0.1023
   83      0.3636     -0.3760     -0.4784      0.1024
   84      0.3712     -0.3836     -0.4861      0.1024
   85      0.3789     -0.3912     -0.4937      0.1024
   86      0.3865     -0.3988     -0.5013      0.1024
   87      0.3942     -0.4065     -0.5088      0.1023
   88      0.4020     -0.4141     -0.5163      0.1022
   89      0.4097     -0.4217     -0.5238      0.1021
   90      0.4175     -0.4293     -0.5312      0.1019
   91      0.4253     -0.4369     -0.5386      0.1017
   92      0.4331     -0.4444     -0.5459      0.1015
   93      0.4409     -0.4520     -0.5532      0.1012
   94      0.4488     -0.4596     -0.5605      0.1009
   95      0.4566     -0.4671     -0.5677      0.1006
   96      0.4645     -0.4746     -0.5748      0.1002
   97      0.4724     -0.4821     -0.5819      0.0998
   98      0.4803     -0.4896     -0.5890      0.0994
   99      0.4882     -0.4971     -0.5960      0.0989
  100      0.4961     -0.5045     -0.6029      0.0984
  101      0.5039     -0.5119     -0.6098      0.0979
  102      0.5118     -0.5193     -0.6166      0.0973
  103      0.5197     -0.5266     -0.6234      0.0968
  104      0.5276     -0.5339     -0.6301      0.0961
  105      0.5355     -0.5412     -0.6367      0.0955
  106      0.5434     -0.5484     -0.6433      0.0948
  107      0.5512     -0.5556     -0.6498      0.0942
  108      0.5591     -0.5628     -0.6562      0.0934
  109      0.5669     -0.5699     -0.6626      0.0927
  110      0.5747     -0.5770     -0.6688      0.0919
  111      0.5825     -0.5840     -0.6751      0.0911
  112      0.5903     -0.5910     -0.6812      0.0903
  113      0.5980     -0.5979     -0.6873      0.0894
  114      0.6058     -0.6048     -0.6933      0.0885
  115      0.6135     -0.6116     -0.6992      0.0876
  116      0.6211     -0.6184     -0.7051      0.0867
  117      0.6288     -0.6251     -0.7109      0.0857
  118      0.6364     -0.6318     -0.7166      0.0848
  119      0.6440     -0.6384     -0.7222      0.0838
  120      0.6515     -0.6450     -0.7278      0.0828
  121      0.6590     -0.6515     -0.7333      0.0818
  122      0.6665     -0.6579     -0.7387      0.0807
  123      0.6739     -0.6643     -0.7440      0.0797
  124      0.6813     -0.6706     -0.7493      0.0786
  125      0.6886     -0.6769     -0.7544      0.0775
  126      0.6959     -0.6831     -0.7595      0.0764
  127      0.7031     -0.6892     -0.7645      0.0753
  128      0.7103     -0.6953     -0.7695      0.0742
  129      0.7174     -0.7013     -0.7743      0.0731
  130      0.7245     -0.7072     -0.7791      0.0719
  131      0.7316     -0.7131     -0.7838      0.0708
  132      0.7385     -0.7189     -0.7884      0.0696
  133      0.7454     -0.7246     -0.7930      0.0684
  134      0.7523     -0.7302     -0.7975      0.0672
  135      0.7591     -0.7358     -0.8018      0.0661
  136      0.7658     -0.7413     -0.8062      0.0649
  137      0.7724     -0.7467     -0.8104      0.0637
  138      0.7790     -0.7521     -0.8145      0.0625
  139      0.7855     -0.7573     -0.8186      0.0613
  140      0.7920     -0.7625     -0.8226      0.0601
  141      0.7983     -0.7677     -0.8265      0.0589
  142      0.8046     -0.7727     -0.8304      0.0576
  143      0.8109     -0.7777     -0.8341      0.0564
  144      0.8170     -0.7826     -0.8378      0.0552
  145      0.8231     -0.7874     -0.8414      0.0540
  146      0.8291     -0.7921     -0.8449      0.0528
  147      0.8350     -0.7968     -0.8484      0.0516
  148      0.8408     -0.8013     -0.8518      0.0505
  149      0.8465     -0.8058     -0.8551      0.0493
  150      0.8522     -0.8102     -0.8583      0.0481
  151      0.8577     -0.8145     -0.8615      0.0470
  152      0.8632     -0.8188     -0.8646      0.0458
  153      0.8686     -0.8229     -0.8676      0.0446
  154      0.8739     -0.8270     -0.8705      0.0435
  155      0.8790     -0.8310     -0.8734      0.0424
  156      0.8841     -0.8349     -0.8762      0.0413
  157      0.8892     -0.8387     -0.8789      0.0401
  158      0.8941     -0.8425     -0.8815      0.0391
  159      0.8989     -0.8461     -0.8841      0.0380
  160      0.9036     -0.8497     -0.8866      0.0369
  161      0.9082     -0.8532     -0.8890      0.0359
  162      0.9127     -0.8566     -0.8914      0.0348
  163      0.9171     -0.8599     -0.8937      0.0338
  164      0.9214     -0.8631     -0.8959      0.0328
  165      0.9256     -0.8662     -0.8981      0.0318
  166      0.9297     -0.8693     -0.9002      0.0309
  167      0.9337     -0.8722     -0.9022      0.0300
  168      0.9375     -0.8751     -0.9041      0.0290
  169      0.9413     -0.8779     -0.9060      0.0281
  170      0.9450     -0.8806     -0.9079      0.0273
  171      0.9485     -0.8832     -0.9096      0.0264
  172      0.9519     -0.8857     -0.9113      0.0256
  173      0.9553     -0.8882     -0.9129      0.0248
  174      0.9585     -0.8905     -0.9145      0.0240
  175      0.9616     -0.8928     -0.9160      0.0232
  176      0.9645     -0.8949     -0.9175      0.0225
  177      0.9674     -0.8970     -0.9188      0.0218
  178      0.9701     -0.8990     -0.9201      0.0211
  179      0.9728     -0.9009     -0.9214      0.0205
  180      0.9753     -0.9028     -0.9226      0.0198
  181      0.9777     -0.9045     -0.9237      0.0192
  182      0.9799     -0.9061     -0.9248      0.0187
  183      0.9821     -0.9077     -0.9258      0.0181
  184      0.9841     -0.9091     -0.9268      0.0176
  185      0.9860     -0.9105     -0.9276      0.0171
  186      0.9878     -0.9118     -0.9284      0.0166
  187      0.9895     -0.9130     -0.9289      0.0159
  188      0.9911     -0.9141     -0.9292      0.0151
  189      0.9925     -0.9151     -0.9294      0.0143
  190      0.9938     -0.9161     -0.9295      0.0134
  191      0.9950     -0.9171     -0.9295      0.0124
  192      0.9960     -0.9181     -0.9294      0.0112
  193      0.9970     -0.9192     -0.9292      0.0100
  194      0.9978     -0.9202     -0.9289      0.0087
  195      0.9984     -0.9212     -0.9286      0.0073
  196      0.9990     -0.9222     -0.9281      0.0059
  197      0.9994     -0.9232     -0.9277      0.0045
  198      0.9998     -0.9241     -0.9271      0.0030
  199      0.9999     -0.9249     -0.9264      0.0014
  200      1.0000     -0.9254     -0.9254      0.0000
 GRID EXPANSION RATIO UP=    1.12157 DOWN =    1.05711
  AXIAL,TANGENTIAL AND RADIAL COORDINATES ON THE STREAM
  SURFACE BEFORE TRANSFORMING TO R-THETA COORDINATES 
 J, XGRID,YGRID,RGRID            1  -2.51225512E-02   3.45513895E-02  0.499994159    
 J, XGRID,YGRID,RGRID            2  -2.22436599E-02   3.05518731E-02  0.499989271    
 J, XGRID,YGRID,RGRID            3  -1.96768269E-02   2.69858912E-02  0.499984503    
 J, XGRID,YGRID,RGRID            4  -1.73882265E-02   2.38064490E-02  0.499979943    
 J, XGRID,YGRID,RGRID            5  -1.53477089E-02   2.09716484E-02  0.499975741    
 J, XGRID,YGRID,RGRID            6  -1.35283694E-02   1.84441302E-02  0.499971896    
 J, XGRID,YGRID,RGRID            7  -1.19062485E-02   1.61905847E-02  0.499968499    
 J, XGRID,YGRID,RGRID            8  -1.04599521E-02   1.41813178E-02  0.499965340    
 J, XGRID,YGRID,RGRID            9  -9.17043444E-03   1.23898471E-02  0.499962568    
 J, XGRID,YGRID,RGRID           10  -8.02069623E-03   1.07925665E-02  0.499960154    
 J, XGRID,YGRID,RGRID           11  -6.99558621E-03   9.36842524E-03  0.499957949    
 J, XGRID,YGRID,RGRID           12  -6.08158950E-03   8.09865631E-03  0.499955982    
 J, XGRID,YGRID,RGRID           13  -5.26667060E-03   6.96652615E-03  0.499954313    
 J, XGRID,YGRID,RGRID           14  -4.54008533E-03   5.95711498E-03  0.499952883    
 J, XGRID,YGRID,RGRID           15  -3.89226107E-03   5.05712023E-03  0.499951482    
 J, XGRID,YGRID,RGRID           16  -3.31465644E-03   4.25468199E-03  0.499950439    
 J, XGRID,YGRID,RGRID           17  -2.79966276E-03   3.53922509E-03  0.499949306    
 J, XGRID,YGRID,RGRID           18  -2.34049535E-03   2.90132128E-03  0.499948382    
 J, XGRID,YGRID,RGRID           19  -1.93109806E-03   2.33256421E-03  0.499947608    
 J, XGRID,YGRID,RGRID           20  -1.56607653E-03   1.82545837E-03  0.499946833    
 J, XGRID,YGRID,RGRID           21  -1.24062470E-03   1.37332105E-03  0.499946266    
 J, XGRID,YGRID,RGRID           22  -9.50447400E-04   9.70193942E-04  0.499945700    
 J, XGRID,YGRID,RGRID           23  -6.91726746E-04   6.10764488E-04  0.499945134    
 J, XGRID,YGRID,RGRID           24  -4.61049785E-04   2.90295837E-04  0.499944657    
 J, XGRID,YGRID,RGRID           25  -2.55376974E-04   4.56493399E-06  0.499944329    
 J, XGRID,YGRID,RGRID           26  -7.20000025E-05  -2.50193727E-04  0.499944001    
 J, XGRID,YGRID,RGRID           27   1.11377216E-04   1.05123152E-04  0.499944150    
 J, XGRID,YGRID,RGRID           28   3.03113949E-04   5.58077991E-05  0.499944299    
 J, XGRID,YGRID,RGRID           29   5.03977761E-04  -5.09301717E-05  0.499944538    
 J, XGRID,YGRID,RGRID           30   7.14743277E-04  -1.95864704E-04  0.499944657    
 J, XGRID,YGRID,RGRID           31   9.36174067E-04  -3.76639859E-04  0.499944806    
 J, XGRID,YGRID,RGRID           32   1.16904895E-03  -5.98223705E-04  0.499945074    
 J, XGRID,YGRID,RGRID           33   1.41412788E-03  -8.58575280E-04  0.499945343    
 J, XGRID,YGRID,RGRID           34   1.67218922E-03  -1.14429474E-03  0.499945521    
 J, XGRID,YGRID,RGRID           35   1.94400549E-03  -1.44730997E-03  0.499945819    
 J, XGRID,YGRID,RGRID           36   2.23033829E-03  -1.76776631E-03  0.499946117    
 J, XGRID,YGRID,RGRID           37   2.53196340E-03  -2.10628053E-03  0.499946415    
 J, XGRID,YGRID,RGRID           38   2.84964917E-03  -2.46346695E-03  0.499946862    
 J, XGRID,YGRID,RGRID           39   3.18416208E-03  -2.83994200E-03  0.499947220    
 J, XGRID,YGRID,RGRID           40   3.53628583E-03  -3.23630939E-03  0.499947667    
 J, XGRID,YGRID,RGRID           41   3.90660111E-03  -3.65290372E-03  0.499948144    
 J, XGRID,YGRID,RGRID           42   4.29520570E-03  -4.08963533E-03  0.499948680    
 J, XGRID,YGRID,RGRID           43   4.70300484E-03  -4.54720808E-03  0.499949247    
 J, XGRID,YGRID,RGRID           44   5.13100903E-03  -5.02645178E-03  0.499949813    
 J, XGRID,YGRID,RGRID           45   5.58035728E-03  -5.52830100E-03  0.499950498    
 J, XGRID,YGRID,RGRID           46   6.05227239E-03  -6.05378672E-03  0.499951184    
 J, XGRID,YGRID,RGRID           47   6.54812157E-03  -6.60403492E-03  0.499952018    
 J, XGRID,YGRID,RGRID           48   7.06909038E-03  -7.17997039E-03  0.499952883    
 J, XGRID,YGRID,RGRID           49   7.61617906E-03  -7.78225670E-03  0.499953806    
 J, XGRID,YGRID,RGRID           50   8.19121860E-03  -8.41244310E-03  0.499954760    
 J, XGRID,YGRID,RGRID           51   8.79625976E-03  -9.07227304E-03  0.499955893    
 J, XGRID,YGRID,RGRID           52   9.43357870E-03  -9.76367667E-03  0.499957085    
 J, XGRID,YGRID,RGRID           53   1.01056825E-02  -1.04887532E-02  0.499958307    
 J, XGRID,YGRID,RGRID           54   1.08153000E-02  -1.12497648E-02  0.499959707    
 J, XGRID,YGRID,RGRID           55   1.15710124E-02  -1.20551251E-02  0.499961287    
 J, XGRID,YGRID,RGRID           56   1.23837143E-02  -1.29153989E-02  0.499962866    
 J, XGRID,YGRID,RGRID           57   1.32543221E-02  -1.38303014E-02  0.499964833    
 J, XGRID,YGRID,RGRID           58   1.41821504E-02  -1.47978421E-02  0.499966800    
 J, XGRID,YGRID,RGRID           59   1.51649788E-02  -1.58140995E-02  0.499969006    
 J, XGRID,YGRID,RGRID           60   1.61989890E-02  -1.68732628E-02  0.499971360    
 J, XGRID,YGRID,RGRID           61   1.72788426E-02  -1.79683901E-02  0.499973744    
 J, XGRID,YGRID,RGRID           62   1.83870345E-02  -1.90806929E-02  0.499976367    
 J, XGRID,YGRID,RGRID           63   1.95058249E-02  -2.01918893E-02  0.499978870    
 J, XGRID,YGRID,RGRID           64   2.06292272E-02  -2.12958809E-02  0.499981552    
 J, XGRID,YGRID,RGRID           65   2.17523091E-02  -2.23878901E-02  0.499984145    
 J, XGRID,YGRID,RGRID           66   2.28712633E-02  -2.34644264E-02  0.499986649    
 J, XGRID,YGRID,RGRID           67   2.39834301E-02  -2.45231669E-02  0.499989212    
 J, XGRID,YGRID,RGRID           68   2.50872336E-02  -2.55629346E-02  0.499991715    
 J, XGRID,YGRID,RGRID           69   2.61901394E-02  -2.65907459E-02  0.499994040    
 J, XGRID,YGRID,RGRID           70   2.72971094E-02  -2.76106577E-02  0.499996603    
 J, XGRID,YGRID,RGRID           71   2.84072608E-02  -2.86219828E-02  0.499998808    
 J, XGRID,YGRID,RGRID           72   2.95191482E-02  -2.96239723E-02  0.500001192    
 J, XGRID,YGRID,RGRID           73   3.06307226E-02  -3.06144170E-02  0.500003219    
 J, XGRID,YGRID,RGRID           74   3.17394510E-02  -3.15911248E-02  0.500005245    
 J, XGRID,YGRID,RGRID           75   3.28422263E-02  -3.25515196E-02  0.500007212    
 J, XGRID,YGRID,RGRID           76   3.39291692E-02  -3.34874280E-02  0.500008881    
 J, XGRID,YGRID,RGRID           77   3.49942110E-02  -3.43941748E-02  0.500010550    
 J, XGRID,YGRID,RGRID           78   3.60344425E-02  -3.52699831E-02  0.500012040    
 J, XGRID,YGRID,RGRID           79   3.70474942E-02  -3.61136459E-02  0.500013351    
 J, XGRID,YGRID,RGRID           80   3.80316153E-02  -3.69244628E-02  0.500014484    
 J, XGRID,YGRID,RGRID           81   3.89855541E-02  -3.77022028E-02  0.500015497    
 J, XGRID,YGRID,RGRID           82   3.99086401E-02  -3.84471193E-02  0.500016212    
 J, XGRID,YGRID,RGRID           83   4.08042707E-02  -3.91626544E-02  0.500016928    
 J, XGRID,YGRID,RGRID           84   4.16733325E-02  -3.98501828E-02  0.500017345    
 J, XGRID,YGRID,RGRID           85   4.25157957E-02  -4.05098796E-02  0.500017762    
 J, XGRID,YGRID,RGRID           86   4.33316864E-02  -4.11432050E-02  0.500018001    
 J, XGRID,YGRID,RGRID           87   4.41210270E-02  -4.17502932E-02  0.500018120    
 J, XGRID,YGRID,RGRID           88   4.48837690E-02  -4.23317067E-02  0.500018120    
 J, XGRID,YGRID,RGRID           89   4.56199571E-02  -4.28879783E-02  0.500018120    
 J, XGRID,YGRID,RGRID           90   4.63295393E-02  -4.34196144E-02  0.500017822    
 J, XGRID,YGRID,RGRID           91   4.70125563E-02  -4.39271331E-02  0.500017583    
 J, XGRID,YGRID,RGRID           92   4.76689935E-02  -4.44109812E-02  0.500017166    
 J, XGRID,YGRID,RGRID           93   4.82988618E-02  -4.48716395E-02  0.500016749    
 J, XGRID,YGRID,RGRID           94   4.89021502E-02  -4.53095399E-02  0.500016212    
 J, XGRID,YGRID,RGRID           95   4.94788624E-02  -4.57251370E-02  0.500015616    
 J, XGRID,YGRID,RGRID           96   5.00289910E-02  -4.63638157E-02  0.500015020    
 J, XGRID,YGRID,RGRID           97   5.05791232E-02  -4.66855541E-02  0.500013351    
 J, XGRID,YGRID,RGRID           98   5.11606783E-02  -4.70255390E-02  0.500011623    
 J, XGRID,YGRID,RGRID           99   5.17754480E-02  -4.73849438E-02  0.500010073    
 J, XGRID,YGRID,RGRID          100   5.24253249E-02  -4.77648713E-02  0.500008464    
 J, XGRID,YGRID,RGRID          101   5.31123132E-02  -4.81664985E-02  0.500007033    
 J, XGRID,YGRID,RGRID          102   5.38385436E-02  -4.85910624E-02  0.500005662    
 J, XGRID,YGRID,RGRID          103   5.46062589E-02  -4.90398780E-02  0.500004530    
 J, XGRID,YGRID,RGRID          104   5.54177985E-02  -4.95143197E-02  0.500003576    
 J, XGRID,YGRID,RGRID          105   5.62757030E-02  -5.00158630E-02  0.500002980    
 J, XGRID,YGRID,RGRID          106   5.71825951E-02  -5.05460501E-02  0.500003099    
 J, XGRID,YGRID,RGRID          107   5.81412911E-02  -5.11065163E-02  0.500003636    
 J, XGRID,YGRID,RGRID          108   5.91547415E-02  -5.16989902E-02  0.500004709    
 J, XGRID,YGRID,RGRID          109   6.02260605E-02  -5.23253046E-02  0.500006378    
 J, XGRID,YGRID,RGRID          110   6.13585711E-02  -5.29873855E-02  0.500008464    
 J, XGRID,YGRID,RGRID          111   6.25557527E-02  -5.36872819E-02  0.500011086    

  THE BLADE CENTROID ON THE X-Y SURFACE IS AT X, Y=    0.02261  -0.02464


  THE J VALUE OF THE CENTROID IS J =           66

  THE CENTROID ON THE STREAM SURFACE IS AT   2.26122458E-02   0.00000000    
  THE HUB SECTION CENTROID IS AT   2.23450884E-02   0.00000000    

  AXIAL & RADIAL COORDINATES ON THE SS AFTER STACKING 
  J  , XGRID,RGRID            1  -2.53897086E-02  0.499994159    
  J  , XGRID,RGRID            2  -2.25108173E-02  0.499989271    
  J  , XGRID,RGRID            3  -1.99439842E-02  0.499984503    
  J  , XGRID,RGRID            4  -1.76553838E-02  0.499979943    
  J  , XGRID,RGRID            5  -1.56148663E-02  0.499975741    
  J  , XGRID,RGRID            6  -1.37955267E-02  0.499971896    
  J  , XGRID,RGRID            7  -1.21734058E-02  0.499968499    
  J  , XGRID,RGRID            8  -1.07271094E-02  0.499965340    
  J  , XGRID,RGRID            9  -9.43759177E-03  0.499962568    
  J  , XGRID,RGRID           10  -8.28785356E-03  0.499960154    
  J  , XGRID,RGRID           11  -7.26274354E-03  0.499957949    
  J  , XGRID,RGRID           12  -6.34874683E-03  0.499955982    
  J  , XGRID,RGRID           13  -5.53382793E-03  0.499954313    
  J  , XGRID,RGRID           14  -4.80724266E-03  0.499952883    
  J  , XGRID,RGRID           15  -4.15941840E-03  0.499951482    
  J  , XGRID,RGRID           16  -3.58181377E-03  0.499950439    
  J  , XGRID,RGRID           17  -3.06682009E-03  0.499949306    
  J  , XGRID,RGRID           18  -2.60765268E-03  0.499948382    
  J  , XGRID,RGRID           19  -2.19825539E-03  0.499947608    
  J  , XGRID,RGRID           20  -1.83323387E-03  0.499946833    
  J  , XGRID,RGRID           21  -1.50778203E-03  0.499946266    
  J  , XGRID,RGRID           22  -1.21760473E-03  0.499945700    
  J  , XGRID,RGRID           23  -9.58884077E-04  0.499945134    
  J  , XGRID,RGRID           24  -7.28207116E-04  0.499944657    
  J  , XGRID,RGRID           25  -5.22534305E-04  0.499944329    
  J  , XGRID,RGRID           26  -3.39157326E-04  0.499944001    
  J  , XGRID,RGRID           27  -1.55780115E-04  0.499944150    
  J  , XGRID,RGRID           28   3.59566184E-05  0.499944299    
  J  , XGRID,RGRID           29   2.36820430E-04  0.499944538    
  J  , XGRID,RGRID           30   4.47585946E-04  0.499944657    
  J  , XGRID,RGRID           31   6.69016736E-04  0.499944806    
  J  , XGRID,RGRID           32   9.01891617E-04  0.499945074    
  J  , XGRID,RGRID           33   1.14697055E-03  0.499945343    
  J  , XGRID,RGRID           34   1.40503189E-03  0.499945521    
  J  , XGRID,RGRID           35   1.67684816E-03  0.499945819    
  J  , XGRID,RGRID           36   1.96318096E-03  0.499946117    
  J  , XGRID,RGRID           37   2.26480607E-03  0.499946415    
  J  , XGRID,RGRID           38   2.58249184E-03  0.499946862    
  J  , XGRID,RGRID           39   2.91700475E-03  0.499947220    
  J  , XGRID,RGRID           40   3.26912850E-03  0.499947667    
  J  , XGRID,RGRID           41   3.63944378E-03  0.499948144    
  J  , XGRID,RGRID           42   4.02804837E-03  0.499948680    
  J  , XGRID,RGRID           43   4.43584751E-03  0.499949247    
  J  , XGRID,RGRID           44   4.86385170E-03  0.499949813    
  J  , XGRID,RGRID           45   5.31319994E-03  0.499950498    
  J  , XGRID,RGRID           46   5.78511506E-03  0.499951184    
  J  , XGRID,RGRID           47   6.28096424E-03  0.499952018    
  J  , XGRID,RGRID           48   6.80193305E-03  0.499952883    
  J  , XGRID,RGRID           49   7.34902173E-03  0.499953806    
  J  , XGRID,RGRID           50   7.92406127E-03  0.499954760    
  J  , XGRID,RGRID           51   8.52910243E-03  0.499955893    
  J  , XGRID,RGRID           52   9.16642137E-03  0.499957085    
  J  , XGRID,RGRID           53   9.83852521E-03  0.499958307    
  J  , XGRID,RGRID           54   1.05481427E-02  0.499959707    
  J  , XGRID,RGRID           55   1.13038551E-02  0.499961287    
  J  , XGRID,RGRID           56   1.21165570E-02  0.499962866    
  J  , XGRID,RGRID           57   1.29871648E-02  0.499964833    
  J  , XGRID,RGRID           58   1.39149930E-02  0.499966800    
  J  , XGRID,RGRID           59   1.48978215E-02  0.499969006    
  J  , XGRID,RGRID           60   1.59318317E-02  0.499971360    
  J  , XGRID,RGRID           61   1.70116853E-02  0.499973744    
  J  , XGRID,RGRID           62   1.81198772E-02  0.499976367    
  J  , XGRID,RGRID           63   1.92386676E-02  0.499978870    
  J  , XGRID,RGRID           64   2.03620698E-02  0.499981552    
  J  , XGRID,RGRID           65   2.14851517E-02  0.499984145    
  J  , XGRID,RGRID           66   2.26041060E-02  0.499986649    
  J  , XGRID,RGRID           67   2.37162728E-02  0.499989212    
  J  , XGRID,RGRID           68   2.48200763E-02  0.499991715    
  J  , XGRID,RGRID           69   2.59229820E-02  0.499994040    
  J  , XGRID,RGRID           70   2.70299520E-02  0.499996603    
  J  , XGRID,RGRID           71   2.81401034E-02  0.499998808    
  J  , XGRID,RGRID           72   2.92519908E-02  0.500001192    
  J  , XGRID,RGRID           73   3.03635653E-02  0.500003219    
  J  , XGRID,RGRID           74   3.14722955E-02  0.500005245    
  J  , XGRID,RGRID           75   3.25750709E-02  0.500007212    
  J  , XGRID,RGRID           76   3.36620137E-02  0.500008881    
  J  , XGRID,RGRID           77   3.47270519E-02  0.500010550    
  J  , XGRID,RGRID           78   3.57672870E-02  0.500012040    
  J  , XGRID,RGRID           79   3.67803350E-02  0.500013351    
  J  , XGRID,RGRID           80   3.77644598E-02  0.500014484    
  J  , XGRID,RGRID           81   3.87183949E-02  0.500015497    
  J  , XGRID,RGRID           82   3.96414846E-02  0.500016212    
  J  , XGRID,RGRID           83   4.05371115E-02  0.500016928    
  J  , XGRID,RGRID           84   4.14061770E-02  0.500017345    
  J  , XGRID,RGRID           85   4.22486365E-02  0.500017762    
  J  , XGRID,RGRID           86   4.30645272E-02  0.500018001    
  J  , XGRID,RGRID           87   4.38538715E-02  0.500018120    
  J  , XGRID,RGRID           88   4.46166098E-02  0.500018120    
  J  , XGRID,RGRID           89   4.53528017E-02  0.500018120    
  J  , XGRID,RGRID           90   4.60623801E-02  0.500017822    
  J  , XGRID,RGRID           91   4.67453972E-02  0.500017583    
  J  , XGRID,RGRID           92   4.74018380E-02  0.500017166    
  J  , XGRID,RGRID           93   4.80317026E-02  0.500016749    
  J  , XGRID,RGRID           94   4.86349910E-02  0.500016212    
  J  , XGRID,RGRID           95   4.92117032E-02  0.500015616    
  J  , XGRID,RGRID           96   4.97618318E-02  0.500015020    
  J  , XGRID,RGRID           97   5.03119677E-02  0.500013351    
  J  , XGRID,RGRID           98   5.08935228E-02  0.500011623    
  J  , XGRID,RGRID           99   5.15082926E-02  0.500010073    
  J  , XGRID,RGRID          100   5.21581694E-02  0.500008464    
  J  , XGRID,RGRID          101   5.28451577E-02  0.500007033    
  J  , XGRID,RGRID          102   5.35713881E-02  0.500005662    
  J  , XGRID,RGRID          103   5.43391034E-02  0.500004530    
  J  , XGRID,RGRID          104   5.51506430E-02  0.500003576    
  J  , XGRID,RGRID          105   5.60085475E-02  0.500002980    
  J  , XGRID,RGRID          106   5.69154397E-02  0.500003099    
  J  , XGRID,RGRID          107   5.78741357E-02  0.500003636    
  J  , XGRID,RGRID          108   5.88875860E-02  0.500004709    
  J  , XGRID,RGRID          109   5.99589050E-02  0.500006378    
  J  , XGRID,RGRID          110   6.10914156E-02  0.500008464    
  J  , XGRID,RGRID          111   6.22885972E-02  0.500011086    

  BLADE TRUE CHORD:AXIAL CHORD RATIO =    1.51982009    


    TKLE      TKTE      TKMAX     XTMAX     XMODLE     XMODTE    TK_TYP 
    0.0200    0.0100    0.0750    0.4000    0.0200    0.0100    2.0000


 FCHORD=    1.00000000      FPERP=    0.00000000     FTKSCALE=    1.00000000    


  CENTRELINE COORDINATES AND THICKNESS FOR INTYPE = 1

    XIN        YIN       TKIN 
   0.00000   0.00000   0.03040
   0.00006  -0.00010   0.03063
   0.00025  -0.00039   0.03107
   0.00056  -0.00089   0.03163
   0.00100  -0.00158   0.03229
   0.00156  -0.00246   0.03305
   0.00224  -0.00354   0.03388
   0.00305  -0.00482   0.03478
   0.00398  -0.00629   0.03574
   0.00504  -0.00796   0.03675
   0.00622  -0.00982   0.03782
   0.00752  -0.01186   0.03894
   0.00895  -0.01410   0.04009
   0.01049  -0.01653   0.04129
   0.01216  -0.01915   0.04252
   0.01395  -0.02195   0.04379
   0.01587  -0.02494   0.04509
   0.01790  -0.02810   0.04641
   0.02005  -0.03145   0.04776
   0.02232  -0.03498   0.04913
   0.02472  -0.03869   0.05052
   0.02723  -0.04257   0.05193
   0.02985  -0.04662   0.05336
   0.03260  -0.05085   0.05480
   0.03546  -0.05524   0.05625
   0.03844  -0.05980   0.05771
   0.04153  -0.06452   0.05918
   0.04474  -0.06940   0.06065
   0.04806  -0.07444   0.06213
   0.05149  -0.07964   0.06361
   0.05504  -0.08499   0.06510
   0.05869  -0.09049   0.06658
   0.06246  -0.09614   0.06806
   0.06633  -0.10193   0.06954
   0.07031  -0.10787   0.07101
   0.07440  -0.11395   0.07247
   0.07860  -0.12016   0.07393
   0.08290  -0.12650   0.07538
   0.08730  -0.13298   0.07681
   0.09181  -0.13958   0.07823
   0.09642  -0.14630   0.07964
   0.10113  -0.15315   0.08104
   0.10594  -0.16012   0.08242
   0.11085  -0.16720   0.08378
   0.11585  -0.17439   0.08512
   0.12095  -0.18170   0.08644
   0.12615  -0.18910   0.08774
   0.13144  -0.19662   0.08903
   0.13682  -0.20423   0.09028
   0.14229  -0.21194   0.09152
   0.14784  -0.21974   0.09272
   0.15349  -0.22763   0.09391
   0.15923  -0.23562   0.09506
   0.16504  -0.24368   0.09619
   0.17095  -0.25183   0.09729
   0.17693  -0.26006   0.09836
   0.18299  -0.26836   0.09940
   0.18914  -0.27674   0.10041
   0.19536  -0.28518   0.10139
   0.20166  -0.29369   0.10234
   0.20803  -0.30227   0.10325
   0.21447  -0.31091   0.10413
   0.22099  -0.31960   0.10498
   0.22757  -0.32835   0.10579
   0.23422  -0.33716   0.10657
   0.24094  -0.34601   0.10731
   0.24772  -0.35491   0.10801
   0.25457  -0.36386   0.10868
   0.26148  -0.37284   0.10931
   0.26845  -0.38186   0.10990
   0.27547  -0.39092   0.11046
   0.28255  -0.40002   0.11098
   0.28968  -0.40914   0.11146
   0.29687  -0.41829   0.11190
   0.30411  -0.42746   0.11230
   0.31140  -0.43665   0.11266
   0.31873  -0.44586   0.11299
   0.32611  -0.45508   0.11327
   0.33353  -0.46431   0.11352
   0.34099  -0.47355   0.11372
   0.34850  -0.48280   0.11389
   0.35604  -0.49205   0.11402
   0.36362  -0.50131   0.11411
   0.37123  -0.51056   0.11415
   0.37887  -0.51981   0.11416
   0.38654  -0.52905   0.11413
   0.39424  -0.53828   0.11406
   0.40197  -0.54750   0.11396
   0.40972  -0.55671   0.11381
   0.41750  -0.56590   0.11362
   0.42529  -0.57507   0.11340
   0.43311  -0.58423   0.11314
   0.44094  -0.59336   0.11284
   0.44878  -0.60246   0.11250
   0.45664  -0.61154   0.11213
   0.46451  -0.62058   0.11172
   0.47239  -0.62960   0.11127
   0.48027  -0.63858   0.11079
   0.48816  -0.64753   0.11028
   0.49605  -0.65643   0.10972
   0.50395  -0.66530   0.10914
   0.51184  -0.67413   0.10852
   0.51973  -0.68291   0.10786
   0.52761  -0.69164   0.10718
   0.53549  -0.70032   0.10646
   0.54336  -0.70896   0.10571
   0.55122  -0.71754   0.10493
   0.55906  -0.72606   0.10412
   0.56689  -0.73453   0.10328
   0.57471  -0.74294   0.10241
   0.58250  -0.75130   0.10151
   0.59028  -0.75959   0.10059
   0.59803  -0.76782   0.09964
   0.60576  -0.77598   0.09866
   0.61346  -0.78408   0.09766
   0.62113  -0.79211   0.09663
   0.62877  -0.80008   0.09558
   0.63638  -0.80797   0.09451
   0.64396  -0.81579   0.09342
   0.65150  -0.82354   0.09230
   0.65901  -0.83122   0.09117
   0.66647  -0.83882   0.09001
   0.67389  -0.84634   0.08884
   0.68127  -0.85379   0.08765
   0.68860  -0.86115   0.08644
   0.69589  -0.86844   0.08522
   0.70313  -0.87565   0.08398
   0.71031  -0.88277   0.08273
   0.71745  -0.88981   0.08147
   0.72453  -0.89677   0.08019
   0.73155  -0.90364   0.07890
   0.73852  -0.91043   0.07761
   0.74543  -0.91713   0.07630
   0.75228  -0.92374   0.07499
   0.75906  -0.93026   0.07367
   0.76578  -0.93670   0.07234
   0.77243  -0.94304   0.07101
   0.77901  -0.94929   0.06967
   0.78553  -0.95546   0.06833
   0.79197  -0.96153   0.06699
   0.79834  -0.96750   0.06565
   0.80464  -0.97339   0.06430
   0.81086  -0.97918   0.06296
   0.81701  -0.98488   0.06162
   0.82307  -0.99048   0.06028
   0.82905  -0.99598   0.05895
   0.83496  -1.00139   0.05762
   0.84077  -1.00670   0.05630
   0.84651  -1.01192   0.05498
   0.85216  -1.01704   0.05367
   0.85771  -1.02206   0.05237
   0.86318  -1.02698   0.05108
   0.86856  -1.03181   0.04980
   0.87385  -1.03653   0.04853
   0.87905  -1.04116   0.04727
   0.88415  -1.04569   0.04602
   0.88915  -1.05012   0.04479
   0.89406  -1.05444   0.04357
   0.89887  -1.05867   0.04237
   0.90358  -1.06280   0.04119
   0.90819  -1.06682   0.04002
   0.91270  -1.07075   0.03888
   0.91710  -1.07458   0.03775
   0.92140  -1.07830   0.03664
   0.92560  -1.08192   0.03555
   0.92969  -1.08544   0.03448
   0.93367  -1.08886   0.03344
   0.93754  -1.09218   0.03241
   0.94131  -1.09540   0.03141
   0.94496  -1.09852   0.03044
   0.94851  -1.10153   0.02949
   0.95194  -1.10444   0.02857
   0.95526  -1.10725   0.02767
   0.95847  -1.10996   0.02680
   0.96156  -1.11256   0.02596
   0.96454  -1.11507   0.02514
   0.96740  -1.11747   0.02435
   0.97015  -1.11977   0.02360
   0.97277  -1.12196   0.02287
   0.97528  -1.12406   0.02217
   0.97768  -1.12605   0.02151
   0.97995  -1.12794   0.02087
   0.98210  -1.12973   0.02027
   0.98413  -1.13141   0.01970
   0.98605  -1.13300   0.01916
   0.98784  -1.13448   0.01866
   0.98951  -1.13586   0.01819
   0.99105  -1.13713   0.01775
   0.99248  -1.13831   0.01734
   0.99378  -1.13938   0.01697
   0.99496  -1.14035   0.01664
   0.99602  -1.14122   0.01634
   0.99695  -1.14199   0.01607
   0.99776  -1.14265   0.01584
   0.99844  -1.14321   0.01564
   0.99900  -1.14367   0.01548
   0.99944  -1.14403   0.01536
   0.99975  -1.14428   0.01527
   0.99994  -1.14444   0.01522
   1.00000  -1.14449   0.01520

  BLADE SURFACE COORDINATES GENERATED USING INTYPE = 1

  XUP          YUP       XLOW      YLOW 
   0.00001   0.01520  -0.00001  -0.01520
   0.00007   0.01522   0.00005  -0.01541
   0.00026   0.01514   0.00024  -0.01593
   0.00057   0.01493   0.00055  -0.01670
   0.00101   0.01457   0.00099  -0.01772
   0.00157   0.01406   0.00155  -0.01899
   0.00225   0.01339   0.00223  -0.02048
   0.00306   0.01257   0.00304  -0.02221
   0.00399   0.01158   0.00397  -0.02416
   0.00505   0.01042   0.00503  -0.02634
   0.00623   0.00910   0.00621  -0.02873
   0.00753   0.00760   0.00751  -0.03133
   0.00896   0.00594   0.00894  -0.03415
   0.01050   0.00411   0.01048  -0.03718
   0.01217   0.00211   0.01215  -0.04041
   0.01396  -0.00005   0.01394  -0.04384
   0.01588  -0.00239   0.01586  -0.04748
   0.01791  -0.00490   0.01789  -0.05131
   0.02006  -0.00757   0.02004  -0.05533
   0.02233  -0.01042   0.02231  -0.05955
   0.02473  -0.01343   0.02471  -0.06395
   0.02724  -0.01660   0.02722  -0.06853
   0.02986  -0.01994   0.02984  -0.07330
   0.03261  -0.02345   0.03259  -0.07824
   0.03547  -0.02712   0.03545  -0.08336
   0.03845  -0.03094   0.03843  -0.08865
   0.04154  -0.03493   0.04152  -0.09411
   0.04475  -0.03908   0.04473  -0.09973
   0.04807  -0.04338   0.04805  -0.10551
   0.05150  -0.04783   0.05148  -0.11145
   0.05505  -0.05244   0.05503  -0.11754
   0.05870  -0.05720   0.05868  -0.12378
   0.06247  -0.06211   0.06245  -0.13017
   0.06634  -0.06717   0.06632  -0.13670
   0.07032  -0.07237   0.07030  -0.14337
   0.07441  -0.07771   0.07439  -0.15018
   0.07861  -0.08319   0.07859  -0.15712
   0.08291  -0.08881   0.08289  -0.16419
   0.08731  -0.09457   0.08729  -0.17138
   0.09182  -0.10046   0.09180  -0.17869
   0.09643  -0.10648   0.09641  -0.18613
   0.10114  -0.11263   0.10112  -0.19367
   0.10595  -0.11891   0.10593  -0.20133
   0.11086  -0.12531   0.11084  -0.20909
   0.11586  -0.13183   0.11584  -0.21695
   0.12096  -0.13847   0.12094  -0.22492
   0.12616  -0.14523   0.12614  -0.23298
   0.13145  -0.15210   0.13143  -0.24113
   0.13683  -0.15909   0.13681  -0.24937
   0.14230  -0.16618   0.14228  -0.25770
   0.14785  -0.17338   0.14783  -0.26610
   0.15350  -0.18068   0.15348  -0.27459
   0.15924  -0.18808   0.15922  -0.28315
   0.16505  -0.19559   0.16503  -0.29178
   0.17096  -0.20318   0.17094  -0.30048
   0.17694  -0.21087   0.17692  -0.30924
   0.18300  -0.21866   0.18298  -0.31806
   0.18915  -0.22653   0.18913  -0.32694
   0.19537  -0.23448   0.19535  -0.33588
   0.20167  -0.24252   0.20165  -0.34486
   0.20804  -0.25064   0.20802  -0.35390
   0.21448  -0.25884   0.21446  -0.36297
   0.22100  -0.26711   0.22098  -0.37209
   0.22758  -0.27546   0.22756  -0.38125
   0.23423  -0.28387   0.23421  -0.39044
   0.24095  -0.29236   0.24093  -0.39966
   0.24773  -0.30091   0.24771  -0.40892
   0.25458  -0.30952   0.25456  -0.41820
   0.26149  -0.31819   0.26147  -0.42750
   0.26846  -0.32691   0.26844  -0.43682
   0.27548  -0.33569   0.27546  -0.44615
   0.28256  -0.34453   0.28254  -0.45550
   0.28969  -0.35341   0.28967  -0.46487
   0.29688  -0.36234   0.29686  -0.47423
   0.30412  -0.37131   0.30410  -0.48361
   0.31141  -0.38032   0.31139  -0.49298
   0.31874  -0.38936   0.31872  -0.50235
   0.32612  -0.39844   0.32610  -0.51171
   0.33354  -0.40755   0.33352  -0.52107
   0.34100  -0.41669   0.34098  -0.53041
   0.34851  -0.42586   0.34849  -0.53975
   0.35605  -0.43505   0.35603  -0.54906
   0.36363  -0.44425   0.36361  -0.55836
   0.37124  -0.45348   0.37122  -0.56764
   0.37888  -0.46273   0.37886  -0.57689
   0.38655  -0.47198   0.38653  -0.58611
   0.39425  -0.48125   0.39423  -0.59531
   0.40198  -0.49052   0.40196  -0.60448
   0.40973  -0.49981   0.40971  -0.61361
   0.41751  -0.50909   0.41749  -0.62271
   0.42530  -0.51837   0.42528  -0.63177
   0.43312  -0.52766   0.43310  -0.64080
   0.44095  -0.53694   0.44093  -0.64978
   0.44879  -0.54621   0.44877  -0.65871
   0.45665  -0.55547   0.45663  -0.66760
   0.46452  -0.56472   0.46450  -0.67644
   0.47240  -0.57396   0.47238  -0.68524
   0.48028  -0.58319   0.48026  -0.69398
   0.48817  -0.59239   0.48815  -0.70266
   0.49606  -0.60157   0.49604  -0.71130
   0.50396  -0.61073   0.50394  -0.71987
   0.51185  -0.61987   0.51183  -0.72839
   0.51974  -0.62897   0.51972  -0.73684
   0.52762  -0.63805   0.52760  -0.74523
   0.53550  -0.64709   0.53548  -0.75355
   0.54337  -0.65610   0.54335  -0.76181
   0.55123  -0.66507   0.55121  -0.77000
   0.55907  -0.67400   0.55905  -0.77812
   0.56690  -0.68289   0.56688  -0.78617
   0.57472  -0.69174   0.57470  -0.79415
   0.58251  -0.70054   0.58249  -0.80205
   0.59029  -0.70929   0.59027  -0.80988
   0.59804  -0.71800   0.59802  -0.81764
   0.60577  -0.72665   0.60575  -0.82531
   0.61347  -0.73525   0.61345  -0.83291
   0.62114  -0.74380   0.62112  -0.84043
   0.62878  -0.75228   0.62876  -0.84787
   0.63639  -0.76071   0.63637  -0.85523
   0.64397  -0.76908   0.64395  -0.86250
   0.65151  -0.77739   0.65149  -0.86969
   0.65902  -0.78563   0.65900  -0.87680
   0.66648  -0.79381   0.66646  -0.88382
   0.67390  -0.80192   0.67388  -0.89076
   0.68128  -0.80996   0.68126  -0.89761
   0.68861  -0.81793   0.68859  -0.90437
   0.69590  -0.82583   0.69588  -0.91105
   0.70314  -0.83366   0.70312  -0.91764
   0.71033  -0.84140   0.71030  -0.92414
   0.71746  -0.84908   0.71744  -0.93054
   0.72454  -0.85667   0.72452  -0.93686
   0.73156  -0.86419   0.73154  -0.94309
   0.73853  -0.87162   0.73851  -0.94923
   0.74544  -0.87898   0.74542  -0.95528
   0.75229  -0.88624   0.75227  -0.96123
   0.75907  -0.89343   0.75905  -0.96710
   0.76579  -0.90053   0.76577  -0.97287
   0.77244  -0.90754   0.77242  -0.97854
   0.77902  -0.91446   0.77900  -0.98413
   0.78554  -0.92129   0.78552  -0.98962
   0.79198  -0.92803   0.79196  -0.99502
   0.79835  -0.93468   0.79833  -1.00033
   0.80465  -0.94124   0.80463  -1.00554
   0.81087  -0.94770   0.81085  -1.01066
   0.81702  -0.95406   0.81700  -1.01569
   0.82308  -0.96033   0.82306  -1.02062
   0.82906  -0.96651   0.82904  -1.02546
   0.83497  -0.97258   0.83495  -1.03020
   0.84078  -0.97856   0.84076  -1.03485
   0.84652  -0.98443   0.84650  -1.03941
   0.85217  -0.99020   0.85215  -1.04387
   0.85772  -0.99588   0.85770  -1.04824
   0.86319  -1.00144   0.86317  -1.05252
   0.86857  -1.00691   0.86855  -1.05671
   0.87386  -1.01227   0.87384  -1.06080
   0.87906  -1.01753   0.87904  -1.06479
   0.88416  -1.02268   0.88414  -1.06870
   0.88916  -1.02772   0.88914  -1.07251
   0.89407  -1.03266   0.89405  -1.07623
   0.89888  -1.03748   0.89886  -1.07986
   0.90359  -1.04220   0.90357  -1.08339
   0.90820  -1.04681   0.90818  -1.08684
   0.91271  -1.05131   0.91269  -1.09019
   0.91711  -1.05570   0.91709  -1.09345
   0.92141  -1.05998   0.92139  -1.09662
   0.92561  -1.06415   0.92559  -1.09970
   0.92970  -1.06820   0.92968  -1.10268
   0.93368  -1.07215   0.93366  -1.10558
   0.93755  -1.07598   0.93753  -1.10839
   0.94132  -1.07969   0.94130  -1.11111
   0.94497  -1.08330   0.94495  -1.11374
   0.94852  -1.08678   0.94850  -1.11627
   0.95195  -1.09016   0.95193  -1.11872
   0.95527  -1.09341   0.95525  -1.12108
   0.95848  -1.09656   0.95846  -1.12336
   0.96157  -1.09958   0.96155  -1.12554
   0.96455  -1.10250   0.96453  -1.12764
   0.96741  -1.10529   0.96739  -1.12964
   0.97016  -1.10797   0.97014  -1.13156
   0.97278  -1.11053   0.97276  -1.13340
   0.97529  -1.11297   0.97527  -1.13514
   0.97769  -1.11529   0.97767  -1.13680
   0.97996  -1.11750   0.97994  -1.13838
   0.98211  -1.11959   0.98209  -1.13986
   0.98414  -1.12156   0.98412  -1.14126
   0.98606  -1.12342   0.98604  -1.14258
   0.98785  -1.12515   0.98783  -1.14381
   0.98952  -1.12676   0.98950  -1.14495
   0.99106  -1.12826   0.99104  -1.14601
   0.99249  -1.12964   0.99247  -1.14698
   0.99379  -1.13089   0.99377  -1.14787
   0.99497  -1.13203   0.99495  -1.14867
   0.99603  -1.13305   0.99601  -1.14939
   0.99696  -1.13395   0.99694  -1.15002
   0.99777  -1.13473   0.99775  -1.15057
   0.99845  -1.13539   0.99843  -1.15103
   0.99901  -1.13593   0.99899  -1.15141
   0.99945  -1.13635   0.99943  -1.15171
   0.99976  -1.13665   0.99974  -1.15192
   0.99995  -1.13683   0.99993  -1.15205
   1.00001  -1.13689   0.99999  -1.15209

XIN,   MODIFIED LEADING EDGE THICKNESS     0.00000     0.00000
XIN,   MODIFIED LEADING EDGE THICKNESS     0.00006     0.09653
XIN,   MODIFIED LEADING EDGE THICKNESS     0.00025     0.19214
XIN,   MODIFIED LEADING EDGE THICKNESS     0.00056     0.28594
XIN,   MODIFIED LEADING EDGE THICKNESS     0.00100     0.37704
XIN,   MODIFIED LEADING EDGE THICKNESS     0.00156     0.46456
XIN,   MODIFIED LEADING EDGE THICKNESS     0.00224     0.54766
XIN,   MODIFIED LEADING EDGE THICKNESS     0.00305     0.62551
XIN,   MODIFIED LEADING EDGE THICKNESS     0.00398     0.69735
XIN,   MODIFIED LEADING EDGE THICKNESS     0.00504     0.76246
XIN,   MODIFIED LEADING EDGE THICKNESS     0.00622     0.82022
XIN,   MODIFIED LEADING EDGE THICKNESS     0.00752     0.87008
XIN,   MODIFIED LEADING EDGE THICKNESS     0.00895     0.91166
XIN,   MODIFIED LEADING EDGE THICKNESS     0.01049     0.94477
XIN,   MODIFIED LEADING EDGE THICKNESS     0.01216     0.96944
XIN,   MODIFIED LEADING EDGE THICKNESS     0.01395     0.98609
XIN,   MODIFIED LEADING EDGE THICKNESS     0.01587     0.99557
XIN,   MODIFIED LEADING EDGE THICKNESS     0.01790     0.99942
 XIN,   MODIFIED TRAILING EDGE THICKNESS     0.99105     0.99442
 XIN,   MODIFIED TRAILING EDGE THICKNESS     0.99248     0.96876
 XIN,   MODIFIED TRAILING EDGE THICKNESS     0.99378     0.92571
 XIN,   MODIFIED TRAILING EDGE THICKNESS     0.99496     0.86823
 XIN,   MODIFIED TRAILING EDGE THICKNESS     0.99602     0.79867
 XIN,   MODIFIED TRAILING EDGE THICKNESS     0.99695     0.71900
 XIN,   MODIFIED TRAILING EDGE THICKNESS     0.99776     0.63090
 XIN,   MODIFIED TRAILING EDGE THICKNESS     0.99844     0.53585
 XIN,   MODIFIED TRAILING EDGE THICKNESS     0.99900     0.43519
 XIN,   MODIFIED TRAILING EDGE THICKNESS     0.99944     0.33013
 XIN,   MODIFIED TRAILING EDGE THICKNESS     0.99975     0.22186
 XIN,   MODIFIED TRAILING EDGE THICKNESS     0.99994     0.11149
 XIN,   MODIFIED TRAILING EDGE THICKNESS     1.00000     0.00000

  POINTS NEARLY PERPENDICULAR TO THE CENTRE LINE BEFORE THINNING 
        N        XUPP      YUPP        XLOW        YLOW 
         1     0.00911     0.00576    -0.00428    -0.00270
         2     0.00919     0.00567    -0.00424    -0.00282
         3     0.00942     0.00540    -0.00413    -0.00316
         4     0.00980     0.00495    -0.00393    -0.00373
         5     0.01033     0.00431    -0.00366    -0.00452
         6     0.01100     0.00351    -0.00331    -0.00554
         7     0.01183     0.00252    -0.00288    -0.00679
         8     0.01280     0.00135    -0.00238    -0.00826
         9     0.01392    -0.00001    -0.00180    -0.00996
        10     0.01517    -0.00153    -0.00114    -0.01188
        11     0.01656    -0.00324    -0.00041    -0.01403
        12     0.01810    -0.00514     0.00042    -0.01637
        13     0.01977    -0.00722     0.00149    -0.01884
        14     0.02157    -0.00947     0.00271    -0.02149
        15     0.02351    -0.01190     0.00405    -0.02433
        16     0.02558    -0.01451     0.00552    -0.02734
        17     0.02778    -0.01730     0.00712    -0.03054
        18     0.03011    -0.02026     0.00882    -0.03392
        19     0.03257    -0.02341     0.01065    -0.03750
        20     0.03516    -0.02672     0.01259    -0.04126
        21     0.03786    -0.03020     0.01465    -0.04519
        22     0.04070    -0.03385     0.01683    -0.04930
        23     0.04366    -0.03767     0.01911    -0.05359
        24     0.04673    -0.04165     0.02151    -0.05805
        25     0.04993    -0.04580     0.02403    -0.06269
        26     0.05325    -0.05011     0.02665    -0.06750
        27     0.05669    -0.05458     0.02939    -0.07247
        28     0.06024    -0.05921     0.03224    -0.07761
        29     0.06391    -0.06399     0.03520    -0.08291
        30     0.06769    -0.06893     0.03828    -0.08837
        31     0.07158    -0.07401     0.04146    -0.09398
        32     0.07559    -0.07925     0.04475    -0.09977
        33     0.07971    -0.08462     0.04815    -0.10569
        34     0.08393    -0.09015     0.05166    -0.11176
        35     0.08826    -0.09581     0.05528    -0.11797
        36     0.09270    -0.10161     0.05900    -0.12433
        37     0.09724    -0.10754     0.06283    -0.13082
        38     0.10189    -0.11361     0.06677    -0.13745
        39     0.10663    -0.11980     0.07081    -0.14422
        40     0.11148    -0.12612     0.07495    -0.15111
        41     0.11643    -0.13257     0.07920    -0.15813
        42     0.12147    -0.13914     0.08355    -0.16527
        43     0.12661    -0.14582     0.08800    -0.17253
        44     0.13184    -0.15262     0.09255    -0.17990
        45     0.13717    -0.15953     0.09720    -0.18739
        46     0.14259    -0.16656     0.10195    -0.19499
        47     0.14809    -0.17369     0.10680    -0.20270
        48     0.15369    -0.18092     0.11174    -0.21051
        49     0.15937    -0.18826     0.11678    -0.21842
        50     0.16514    -0.19569     0.12191    -0.22642
        51     0.17098    -0.20322     0.12714    -0.23452
        52     0.17691    -0.21084     0.13246    -0.24271
        53     0.18292    -0.21855     0.13787    -0.25099
        54     0.18901    -0.22635     0.14337    -0.25935
        55     0.19518    -0.23423     0.14896    -0.26779
        56     0.20142    -0.24220     0.15463    -0.27631
        57     0.20773    -0.25025     0.16040    -0.28490
        58     0.21411    -0.25837     0.16624    -0.29356
        59     0.22057    -0.26656     0.17218    -0.30229
        60     0.22709    -0.27483     0.17819    -0.31109
        61     0.23368    -0.28317     0.18429    -0.31994
        62     0.24033    -0.29157     0.19046    -0.32886
        63     0.24705    -0.30003     0.19671    -0.33783
        64     0.25382    -0.30855     0.20304    -0.34685
        65     0.26066    -0.31713     0.20945    -0.35592
        66     0.26755    -0.32577     0.21593    -0.36503
        67     0.27450    -0.33446     0.22248    -0.37419
        68     0.28150    -0.34319     0.22911    -0.38339
        69     0.28855    -0.35198     0.23580    -0.39262
        70     0.29565    -0.36080     0.24256    -0.40189
        71     0.30281    -0.36967     0.24939    -0.41119
        72     0.31001    -0.37858     0.25628    -0.42051
        73     0.31725    -0.38752     0.26324    -0.42986
        74     0.32454    -0.39649     0.27026    -0.43924
        75     0.33187    -0.40549     0.27734    -0.44863
        76     0.33924    -0.41452     0.28447    -0.45804
        77     0.34664    -0.42357     0.29167    -0.46746
        78     0.35408    -0.43264     0.29891    -0.47689
        79     0.36155    -0.44173     0.30621    -0.48632
        80     0.36906    -0.45083     0.31356    -0.49576
        81     0.37659    -0.45995     0.32096    -0.50519
        82     0.38415    -0.46908     0.32841    -0.51462
        83     0.39174    -0.47822     0.33590    -0.52405
        84     0.39935    -0.48736     0.34344    -0.53347
        85     0.40699    -0.49651     0.35102    -0.54287
        86     0.41464    -0.50566     0.35864    -0.55226
        87     0.42231    -0.51481     0.36630    -0.56164
        88     0.43000    -0.52395     0.37400    -0.57100
        89     0.43771    -0.53309     0.38173    -0.58033
        90     0.44542    -0.54222     0.38949    -0.58964
        91     0.45315    -0.55134     0.39728    -0.59893
        92     0.46089    -0.56045     0.40511    -0.60818
        93     0.46863    -0.56954     0.41296    -0.61741
        94     0.47638    -0.57862     0.42083    -0.62660
        95     0.48413    -0.58768     0.42873    -0.63575
        96     0.49189    -0.59671     0.43665    -0.64486
        97     0.49964    -0.60573     0.44459    -0.65394
        98     0.50740    -0.61471     0.45254    -0.66297
        99     0.51515    -0.62367     0.46051    -0.67196
       100     0.52289    -0.63260     0.46850    -0.68090
       101     0.53063    -0.64150     0.47649    -0.68979
       102     0.53835    -0.65036     0.48450    -0.69863
       103     0.54607    -0.65918     0.49251    -0.70742
       104     0.55377    -0.66796     0.50052    -0.71615
       105     0.56146    -0.67671     0.50854    -0.72482
       106     0.56913    -0.68541     0.51655    -0.73344
       107     0.57678    -0.69407     0.52457    -0.74199
       108     0.58441    -0.70268     0.53258    -0.75048
       109     0.59202    -0.71124     0.54059    -0.75890
       110     0.59961    -0.71976     0.54858    -0.76725
       111     0.60717    -0.72822     0.55657    -0.77554
       112     0.61471    -0.73663     0.56455    -0.78376
       113     0.62221    -0.74498     0.57251    -0.79190
       114     0.62968    -0.75328     0.58045    -0.79997
       115     0.63713    -0.76152     0.58838    -0.80797
       116     0.64453    -0.76970     0.59629    -0.81589
       117     0.65191    -0.77782     0.60417    -0.82373
       118     0.65924    -0.78588     0.61203    -0.83149
       119     0.66654    -0.79387     0.61986    -0.83918
       120     0.67379    -0.80179     0.62766    -0.84678
       121     0.68100    -0.80965     0.63543    -0.85430
       122     0.68817    -0.81744     0.64317    -0.86173
       123     0.69530    -0.82517     0.65087    -0.86908
       124     0.70237    -0.83282     0.65854    -0.87634
       125     0.70940    -0.84040     0.66616    -0.88352
       126     0.71637    -0.84790     0.67375    -0.89061
       127     0.72330    -0.85534     0.68129    -0.89763
       128     0.73017    -0.86269     0.68878    -0.90454
       129     0.73698    -0.86997     0.69623    -0.91136
       130     0.74374    -0.87717     0.70362    -0.91809
       131     0.75044    -0.88429     0.71097    -0.92473
       132     0.75709    -0.89132     0.71826    -0.93127
       133     0.76366    -0.89828     0.72549    -0.93773
       134     0.77018    -0.90515     0.73267    -0.94408
       135     0.77663    -0.91194     0.73979    -0.95034
       136     0.78302    -0.91865     0.74684    -0.95651
       137     0.78934    -0.92527     0.75383    -0.96258
       138     0.79559    -0.93180     0.76075    -0.96856
       139     0.80178    -0.93824     0.76761    -0.97444
       140     0.80789    -0.94460     0.77440    -0.98022
       141     0.81393    -0.95086     0.78111    -0.98591
       142     0.81989    -0.95704     0.78775    -0.99149
       143     0.82578    -0.96312     0.79432    -0.99698
       144     0.83159    -0.96911     0.80081    -1.00238
       145     0.83733    -0.97501     0.80722    -1.00767
       146     0.84299    -0.98081     0.81355    -1.01286
       147     0.84856    -0.98652     0.81980    -1.01796
       148     0.85406    -0.99213     0.82596    -1.02296
       149     0.85947    -0.99765     0.83203    -1.02786
       150     0.86479    -1.00307     0.83802    -1.03266
       151     0.87004    -1.00839     0.84392    -1.03736
       152     0.87519    -1.01362     0.84973    -1.04196
       153     0.88026    -1.01874     0.85544    -1.04646
       154     0.88524    -1.02377     0.86106    -1.05087
       155     0.89013    -1.02869     0.86659    -1.05517
       156     0.89493    -1.03352     0.87201    -1.05938
       157     0.89964    -1.03824     0.87734    -1.06348
       158     0.90425    -1.04287     0.88257    -1.06749
       159     0.90877    -1.04739     0.88769    -1.07140
       160     0.91320    -1.05180     0.89271    -1.07521
       161     0.91753    -1.05612     0.89763    -1.07893
       162     0.92176    -1.06033     0.90244    -1.08254
       163     0.92589    -1.06443     0.90714    -1.08606
       164     0.92993    -1.06844     0.91173    -1.08948
       165     0.93387    -1.07233     0.91622    -1.09280
       166     0.93770    -1.07612     0.92059    -1.09602
       167     0.94144    -1.07981     0.92485    -1.09915
       168     0.94507    -1.08339     0.92899    -1.10218
       169     0.94860    -1.08686     0.93302    -1.10511
       170     0.95202    -1.09022     0.93693    -1.10795
       171     0.95534    -1.09348     0.94073    -1.11069
       172     0.95856    -1.09663     0.94440    -1.11334
       173     0.96166    -1.09968     0.94796    -1.11588
       174     0.96467    -1.10261     0.95140    -1.11834
       175     0.96756    -1.10543     0.95471    -1.12070
       176     0.97035    -1.10815     0.95791    -1.12296
       177     0.97302    -1.11076     0.96097    -1.12513
       178     0.97559    -1.11326     0.96392    -1.12720
       179     0.97805    -1.11565     0.96674    -1.12919
       180     0.98039    -1.11793     0.96943    -1.13107
       181     0.98263    -1.12010     0.97200    -1.13286
       182     0.98476    -1.12215     0.97444    -1.13456
       183     0.98677    -1.12410     0.97675    -1.13617
       184     0.98867    -1.12594     0.97894    -1.13768
       185     0.99045    -1.12767     0.98099    -1.13910
       186     0.99213    -1.12929     0.98292    -1.14043
       187     0.99369    -1.13079     0.98471    -1.14167
       188     0.99513    -1.13219     0.98637    -1.14281
       189     0.99646    -1.13347     0.98791    -1.14386
       190     0.99768    -1.13464     0.98931    -1.14482
       191     0.99878    -1.13571     0.99057    -1.14569
       192     0.99977    -1.13666     0.99171    -1.14646
       193     1.00064    -1.13749     0.99271    -1.14715
       194     1.00139    -1.13822     0.99358    -1.14774
       195     1.00203    -1.13884     0.99432    -1.14824
       196     1.00256    -1.13934     0.99492    -1.14865
       197     1.00296    -1.13973     0.99539    -1.14897
       198     1.00325    -1.14001     0.99572    -1.14920
       199     1.00343    -1.14018     0.99593    -1.14933
       200     1.00349    -1.14024     0.99599    -1.14938
  COORDINATES GOING ROUND THE BLADE AFTER ANY ROTATION
     N        XSURF        YSURF 
         1     0.00274     0.00173
         2     0.00312     0.00183
         3     0.00395     0.00194
         4     0.00490     0.00185
         5     0.00597     0.00156
         6     0.00717     0.00109
         7     0.00850     0.00041
         8     0.00996    -0.00045
         9     0.01154    -0.00151
        10     0.01323    -0.00276
        11     0.01504    -0.00421
        12     0.01695    -0.00587
        13     0.01896    -0.00773
        14     0.02105    -0.00980
        15     0.02321    -0.01209
        16     0.02544    -0.01460
        17     0.02774    -0.01733
        18     0.03011    -0.02027
        19     0.03257    -0.02341
        20     0.03516    -0.02672
        21     0.03786    -0.03020
        22     0.04070    -0.03385
        23     0.04366    -0.03767
        24     0.04673    -0.04165
        25     0.04993    -0.04580
        26     0.05325    -0.05011
        27     0.05669    -0.05458
        28     0.06024    -0.05921
        29     0.06391    -0.06399
        30     0.06769    -0.06893
        31     0.07158    -0.07401
        32     0.07559    -0.07925
        33     0.07971    -0.08462
        34     0.08393    -0.09015
        35     0.08826    -0.09581
        36     0.09270    -0.10161
        37     0.09724    -0.10754
        38     0.10189    -0.11361
        39     0.10663    -0.11980
        40     0.11148    -0.12612
        41     0.11643    -0.13257
        42     0.12147    -0.13914
        43     0.12661    -0.14582
        44     0.13184    -0.15262
        45     0.13717    -0.15953
        46     0.14259    -0.16656
        47     0.14809    -0.17369
        48     0.15369    -0.18092
        49     0.15937    -0.18826
        50     0.16514    -0.19569
        51     0.17098    -0.20322
        52     0.17691    -0.21084
        53     0.18292    -0.21855
        54     0.18901    -0.22635
        55     0.19518    -0.23423
        56     0.20142    -0.24220
        57     0.20773    -0.25025
        58     0.21411    -0.25837
        59     0.22057    -0.26656
        60     0.22709    -0.27483
        61     0.23368    -0.28317
        62     0.24033    -0.29157
        63     0.24705    -0.30003
        64     0.25382    -0.30855
        65     0.26066    -0.31713
        66     0.26755    -0.32577
        67     0.27450    -0.33446
        68     0.28150    -0.34319
        69     0.28855    -0.35198
        70     0.29565    -0.36080
        71     0.30281    -0.36967
        72     0.31001    -0.37858
        73     0.31725    -0.38752
        74     0.32454    -0.39649
        75     0.33187    -0.40549
        76     0.33924    -0.41452
        77     0.34664    -0.42357
        78     0.35408    -0.43264
        79     0.36155    -0.44173
        80     0.36906    -0.45083
        81     0.37659    -0.45995
        82     0.38415    -0.46908
        83     0.39174    -0.47822
        84     0.39935    -0.48736
        85     0.40699    -0.49651
        86     0.41464    -0.50566
        87     0.42231    -0.51481
        88     0.43000    -0.52395
        89     0.43771    -0.53309
        90     0.44542    -0.54222
        91     0.45315    -0.55134
        92     0.46089    -0.56045
        93     0.46863    -0.56954
        94     0.47638    -0.57862
        95     0.48413    -0.58768
        96     0.49189    -0.59671
        97     0.49964    -0.60573
        98     0.50740    -0.61471
        99     0.51515    -0.62367
       100     0.52289    -0.63260
       101     0.53063    -0.64150
       102     0.53835    -0.65036
       103     0.54607    -0.65918
       104     0.55377    -0.66796
       105     0.56146    -0.67671
       106     0.56913    -0.68541
       107     0.57678    -0.69407
       108     0.58441    -0.70268
       109     0.59202    -0.71124
       110     0.59961    -0.71976
       111     0.60717    -0.72822
       112     0.61471    -0.73663
       113     0.62221    -0.74498
       114     0.62968    -0.75328
       115     0.63713    -0.76152
       116     0.64453    -0.76970
       117     0.65191    -0.77782
       118     0.65924    -0.78588
       119     0.66654    -0.79387
       120     0.67379    -0.80179
       121     0.68100    -0.80965
       122     0.68817    -0.81744
       123     0.69530    -0.82517
       124     0.70237    -0.83282
       125     0.70940    -0.84040
       126     0.71637    -0.84790
       127     0.72330    -0.85534
       128     0.73017    -0.86269
       129     0.73698    -0.86997
       130     0.74374    -0.87717
       131     0.75044    -0.88429
       132     0.75709    -0.89132
       133     0.76366    -0.89828
       134     0.77018    -0.90515
       135     0.77663    -0.91194
       136     0.78302    -0.91865
       137     0.78934    -0.92527
       138     0.79559    -0.93180
       139     0.80178    -0.93824
       140     0.80789    -0.94460
       141     0.81393    -0.95086
       142     0.81989    -0.95704
       143     0.82578    -0.96312
       144     0.83159    -0.96911
       145     0.83733    -0.97501
       146     0.84299    -0.98081
       147     0.84856    -0.98652
       148     0.85406    -0.99213
       149     0.85947    -0.99765
       150     0.86479    -1.00307
       151     0.87004    -1.00839
       152     0.87519    -1.01362
       153     0.88026    -1.01874
       154     0.88524    -1.02377
       155     0.89013    -1.02869
       156     0.89493    -1.03352
       157     0.89964    -1.03824
       158     0.90425    -1.04287
       159     0.90877    -1.04739
       160     0.91320    -1.05180
       161     0.91753    -1.05612
       162     0.92176    -1.06033
       163     0.92589    -1.06443
       164     0.92993    -1.06844
       165     0.93387    -1.07233
       166     0.93770    -1.07612
       167     0.94144    -1.07981
       168     0.94507    -1.08339
       169     0.94860    -1.08686
       170     0.95202    -1.09022
       171     0.95534    -1.09348
       172     0.95856    -1.09663
       173     0.96166    -1.09968
       174     0.96467    -1.10261
       175     0.96756    -1.10543
       176     0.97035    -1.10815
       177     0.97302    -1.11076
       178     0.97559    -1.11326
       179     0.97805    -1.11565
       180     0.98039    -1.11793
       181     0.98263    -1.12010
       182     0.98476    -1.12215
       183     0.98677    -1.12410
       184     0.98867    -1.12594
       185     0.99045    -1.12767
       186     0.99213    -1.12929
       187     0.99369    -1.13079
       188     0.99511    -1.13222
       189     0.99633    -1.13363
       190     0.99737    -1.13502
       191     0.99824    -1.13636
       192     0.99896    -1.13764
       193     0.99953    -1.13885
       194     0.99995    -1.13998
       195     1.00024    -1.14102
       196     1.00040    -1.14197
       197     1.00043    -1.14283
       198     1.00032    -1.14358
       199     1.00009    -1.14425
       200     0.99995    -1.14455
       201     0.99953    -1.14506
       202     0.99926    -1.14527
       203     0.99865    -1.14562
       204     0.99793    -1.14587
       205     0.99708    -1.14602
       206     0.99611    -1.14606
       207     0.99502    -1.14598
       208     0.99383    -1.14579
       209     0.99252    -1.14547
       210     0.99112    -1.14503
       211     0.98962    -1.14444
       212     0.98804    -1.14370
       213     0.98640    -1.14278
       214     0.98471    -1.14167
       215     0.98292    -1.14043
       216     0.98099    -1.13910
       217     0.97894    -1.13768
       218     0.97675    -1.13617
       219     0.97444    -1.13456
       220     0.97200    -1.13286
       221     0.96943    -1.13107
       222     0.96674    -1.12919
       223     0.96392    -1.12720
       224     0.96097    -1.12513
       225     0.95791    -1.12296
       226     0.95471    -1.12070
       227     0.95140    -1.11834
       228     0.94796    -1.11588
       229     0.94440    -1.11334
       230     0.94073    -1.11069
       231     0.93693    -1.10795
       232     0.93302    -1.10511
       233     0.92899    -1.10218
       234     0.92485    -1.09915
       235     0.92059    -1.09602
       236     0.91622    -1.09280
       237     0.91173    -1.08948
       238     0.90714    -1.08606
       239     0.90244    -1.08254
       240     0.89763    -1.07893
       241     0.89271    -1.07521
       242     0.88769    -1.07140
       243     0.88257    -1.06749
       244     0.87734    -1.06348
       245     0.87201    -1.05938
       246     0.86659    -1.05517
       247     0.86106    -1.05087
       248     0.85544    -1.04646
       249     0.84973    -1.04196
       250     0.84392    -1.03736
       251     0.83802    -1.03266
       252     0.83203    -1.02786
       253     0.82596    -1.02296
       254     0.81980    -1.01796
       255     0.81355    -1.01286
       256     0.80722    -1.00767
       257     0.80081    -1.00238
       258     0.79432    -0.99698
       259     0.78776    -0.99149
       260     0.78111    -0.98591
       261     0.77440    -0.98022
       262     0.76761    -0.97444
       263     0.76075    -0.96856
       264     0.75383    -0.96258
       265     0.74684    -0.95651
       266     0.73979    -0.95034
       267     0.73267    -0.94408
       268     0.72549    -0.93773
       269     0.71826    -0.93127
       270     0.71097    -0.92473
       271     0.70362    -0.91809
       272     0.69623    -0.91136
       273     0.68878    -0.90454
       274     0.68129    -0.89763
       275     0.67375    -0.89061
       276     0.66616    -0.88352
       277     0.65854    -0.87634
       278     0.65087    -0.86908
       279     0.64317    -0.86173
       280     0.63543    -0.85430
       281     0.62766    -0.84678
       282     0.61986    -0.83918
       283     0.61203    -0.83149
       284     0.60417    -0.82373
       285     0.59629    -0.81589
       286     0.58838    -0.80797
       287     0.58045    -0.79997
       288     0.57251    -0.79190
       289     0.56455    -0.78376
       290     0.55657    -0.77554
       291     0.54858    -0.76725
       292     0.54059    -0.75890
       293     0.53258    -0.75048
       294     0.52457    -0.74199
       295     0.51655    -0.73344
       296     0.50854    -0.72482
       297     0.50052    -0.71615
       298     0.49251    -0.70742
       299     0.48450    -0.69863
       300     0.47649    -0.68979
       301     0.46850    -0.68090
       302     0.46051    -0.67196
       303     0.45254    -0.66297
       304     0.44459    -0.65394
       305     0.43665    -0.64486
       306     0.42873    -0.63575
       307     0.42083    -0.62660
       308     0.41296    -0.61741
       309     0.40511    -0.60818
       310     0.39728    -0.59893
       311     0.38949    -0.58964
       312     0.38173    -0.58033
       313     0.37400    -0.57100
       314     0.36630    -0.56164
       315     0.35864    -0.55226
       316     0.35102    -0.54287
       317     0.34344    -0.53347
       318     0.33590    -0.52405
       319     0.32841    -0.51462
       320     0.32096    -0.50519
       321     0.31356    -0.49576
       322     0.30621    -0.48632
       323     0.29891    -0.47689
       324     0.29167    -0.46746
       325     0.28447    -0.45804
       326     0.27734    -0.44863
       327     0.27026    -0.43924
       328     0.26324    -0.42986
       329     0.25628    -0.42051
       330     0.24939    -0.41119
       331     0.24256    -0.40189
       332     0.23580    -0.39262
       333     0.22911    -0.38339
       334     0.22248    -0.37419
       335     0.21593    -0.36503
       336     0.20945    -0.35592
       337     0.20304    -0.34685
       338     0.19671    -0.33783
       339     0.19046    -0.32886
       340     0.18429    -0.31994
       341     0.17819    -0.31109
       342     0.17218    -0.30229
       343     0.16624    -0.29356
       344     0.16040    -0.28490
       345     0.15463    -0.27631
       346     0.14896    -0.26779
       347     0.14337    -0.25935
       348     0.13787    -0.25099
       349     0.13246    -0.24271
       350     0.12714    -0.23452
       351     0.12191    -0.22642
       352     0.11678    -0.21842
       353     0.11174    -0.21051
       354     0.10680    -0.20270
       355     0.10195    -0.19499
       356     0.09720    -0.18739
       357     0.09255    -0.17990
       358     0.08800    -0.17253
       359     0.08355    -0.16527
       360     0.07920    -0.15813
       361     0.07495    -0.15111
       362     0.07081    -0.14422
       363     0.06677    -0.13745
       364     0.06283    -0.13082
       365     0.05900    -0.12433
       366     0.05528    -0.11797
       367     0.05166    -0.11176
       368     0.04815    -0.10569
       369     0.04475    -0.09977
       370     0.04146    -0.09398
       371     0.03828    -0.08837
       372     0.03520    -0.08291
       373     0.03224    -0.07761
       374     0.02939    -0.07247
       375     0.02665    -0.06750
       376     0.02403    -0.06269
       377     0.02151    -0.05805
       378     0.01911    -0.05359
       379     0.01683    -0.04930
       380     0.01465    -0.04519
       381     0.01259    -0.04126
       382     0.01065    -0.03750
       383     0.00883    -0.03391
       384     0.00716    -0.03051
       385     0.00566    -0.02725
       386     0.00435    -0.02414
       387     0.00323    -0.02116
       388     0.00229    -0.01832
       389     0.00157    -0.01564
       390     0.00112    -0.01306
       391     0.00079    -0.01065
       392     0.00058    -0.00845
       393     0.00046    -0.00646
       394     0.00044    -0.00468
       395     0.00052    -0.00312
       396     0.00070    -0.00177
       397     0.00097    -0.00063
       398     0.00134     0.00030
       399     0.00183     0.00101
       400     0.00209     0.00132
  LEADING EDGE POINT =          394  TE POINT =         197

  NO OF SUCT S POINTS         204  NO PRESS S POINTS         198
  XMIN,XMAX, XCHORD     4.43683006E-04   1.00042582      0.999982119    

   SUCTION SURFACE POINTS FROM LE TO TE.
         1     0.00044    -0.00468
         2     0.00052    -0.00312
         3     0.00070    -0.00177
         4     0.00097    -0.00063
         5     0.00134     0.00030
         6     0.00183     0.00101
         7     0.00209     0.00132
         8     0.00274     0.00173
         9     0.00312     0.00183
        10     0.00395     0.00194
        11     0.00490     0.00185
        12     0.00597     0.00156
        13     0.00717     0.00109
        14     0.00850     0.00041
        15     0.00996    -0.00045
        16     0.01154    -0.00151
        17     0.01323    -0.00276
        18     0.01504    -0.00421
        19     0.01695    -0.00587
        20     0.01896    -0.00773
        21     0.02105    -0.00980
        22     0.02321    -0.01209
        23     0.02544    -0.01460
        24     0.02774    -0.01733
        25     0.03011    -0.02027
        26     0.03257    -0.02341
        27     0.03516    -0.02672
        28     0.03786    -0.03020
        29     0.04070    -0.03385
        30     0.04366    -0.03767
        31     0.04673    -0.04165
        32     0.04993    -0.04580
        33     0.05325    -0.05011
        34     0.05669    -0.05458
        35     0.06024    -0.05921
        36     0.06391    -0.06399
        37     0.06769    -0.06893
        38     0.07158    -0.07401
        39     0.07559    -0.07925
        40     0.07971    -0.08462
        41     0.08393    -0.09015
        42     0.08826    -0.09581
        43     0.09270    -0.10161
        44     0.09724    -0.10754
        45     0.10189    -0.11361
        46     0.10663    -0.11980
        47     0.11148    -0.12612
        48     0.11643    -0.13257
        49     0.12147    -0.13914
        50     0.12661    -0.14582
        51     0.13184    -0.15262
        52     0.13717    -0.15953
        53     0.14259    -0.16656
        54     0.14809    -0.17369
        55     0.15369    -0.18092
        56     0.15937    -0.18826
        57     0.16514    -0.19569
        58     0.17098    -0.20322
        59     0.17691    -0.21084
        60     0.18292    -0.21855
        61     0.18901    -0.22635
        62     0.19518    -0.23423
        63     0.20142    -0.24220
        64     0.20773    -0.25025
        65     0.21411    -0.25837
        66     0.22057    -0.26656
        67     0.22709    -0.27483
        68     0.23368    -0.28317
        69     0.24033    -0.29157
        70     0.24705    -0.30003
        71     0.25382    -0.30855
        72     0.26066    -0.31713
        73     0.26755    -0.32577
        74     0.27450    -0.33446
        75     0.28150    -0.34319
        76     0.28855    -0.35198
        77     0.29565    -0.36080
        78     0.30281    -0.36967
        79     0.31001    -0.37858
        80     0.31725    -0.38752
        81     0.32454    -0.39649
        82     0.33187    -0.40549
        83     0.33924    -0.41452
        84     0.34664    -0.42357
        85     0.35408    -0.43264
        86     0.36155    -0.44173
        87     0.36906    -0.45083
        88     0.37659    -0.45995
        89     0.38415    -0.46908
        90     0.39174    -0.47822
        91     0.39935    -0.48736
        92     0.40699    -0.49651
        93     0.41464    -0.50566
        94     0.42231    -0.51481
        95     0.43000    -0.52395
        96     0.43771    -0.53309
        97     0.44542    -0.54222
        98     0.45315    -0.55134
        99     0.46089    -0.56045
       100     0.46863    -0.56954
       101     0.47638    -0.57862
       102     0.48413    -0.58768
       103     0.49189    -0.59671
       104     0.49964    -0.60573
       105     0.50740    -0.61471
       106     0.51515    -0.62367
       107     0.52289    -0.63260
       108     0.53063    -0.64150
       109     0.53835    -0.65036
       110     0.54607    -0.65918
       111     0.55377    -0.66796
       112     0.56146    -0.67671
       113     0.56913    -0.68541
       114     0.57678    -0.69407
       115     0.58441    -0.70268
       116     0.59202    -0.71124
       117     0.59961    -0.71976
       118     0.60717    -0.72822
       119     0.61471    -0.73663
       120     0.62221    -0.74498
       121     0.62968    -0.75328
       122     0.63713    -0.76152
       123     0.64453    -0.76970
       124     0.65191    -0.77782
       125     0.65924    -0.78588
       126     0.66654    -0.79387
       127     0.67379    -0.80179
       128     0.68100    -0.80965
       129     0.68817    -0.81744
       130     0.69530    -0.82517
       131     0.70237    -0.83282
       132     0.70940    -0.84040
       133     0.71637    -0.84790
       134     0.72330    -0.85534
       135     0.73017    -0.86269
       136     0.73698    -0.86997
       137     0.74374    -0.87717
       138     0.75044    -0.88429
       139     0.75709    -0.89132
       140     0.76366    -0.89828
       141     0.77018    -0.90515
       142     0.77663    -0.91194
       143     0.78302    -0.91865
       144     0.78934    -0.92527
       145     0.79559    -0.93180
       146     0.80178    -0.93824
       147     0.80789    -0.94460
       148     0.81393    -0.95086
       149     0.81989    -0.95704
       150     0.82578    -0.96312
       151     0.83159    -0.96911
       152     0.83733    -0.97501
       153     0.84299    -0.98081
       154     0.84856    -0.98652
       155     0.85406    -0.99213
       156     0.85947    -0.99765
       157     0.86479    -1.00307
       158     0.87004    -1.00839
       159     0.87519    -1.01362
       160     0.88026    -1.01874
       161     0.88524    -1.02377
       162     0.89013    -1.02869
       163     0.89493    -1.03352
       164     0.89964    -1.03824
       165     0.90425    -1.04287
       166     0.90877    -1.04739
       167     0.91320    -1.05180
       168     0.91753    -1.05612
       169     0.92176    -1.06033
       170     0.92589    -1.06443
       171     0.92993    -1.06844
       172     0.93387    -1.07233
       173     0.93770    -1.07612
       174     0.94144    -1.07981
       175     0.94507    -1.08339
       176     0.94860    -1.08686
       177     0.95202    -1.09022
       178     0.95534    -1.09348
       179     0.95856    -1.09663
       180     0.96166    -1.09968
       181     0.96467    -1.10261
       182     0.96756    -1.10543
       183     0.97035    -1.10815
       184     0.97302    -1.11076
       185     0.97559    -1.11326
       186     0.97805    -1.11565
       187     0.98039    -1.11793
       188     0.98263    -1.12010
       189     0.98476    -1.12215
       190     0.98677    -1.12410
       191     0.98867    -1.12594
       192     0.99045    -1.12767
       193     0.99213    -1.12929
       194     0.99369    -1.13079
       195     0.99511    -1.13222
       196     0.99633    -1.13363
       197     0.99737    -1.13502
       198     0.99824    -1.13636
       199     0.99896    -1.13764
       200     0.99953    -1.13885
       201     0.99995    -1.13998
       202     1.00024    -1.14102
       203     1.00040    -1.14197
       204     1.00043    -1.14283

   PRESSURE SURFACE POINTS FROM LE TO TE.
         1     0.00044    -0.00468
         2     0.00046    -0.00646
         3     0.00058    -0.00845
         4     0.00079    -0.01065
         5     0.00112    -0.01306
         6     0.00157    -0.01564
         7     0.00229    -0.01832
         8     0.00323    -0.02116
         9     0.00435    -0.02414
        10     0.00566    -0.02725
        11     0.00716    -0.03051
        12     0.00883    -0.03391
        13     0.01065    -0.03750
        14     0.01259    -0.04126
        15     0.01465    -0.04519
        16     0.01683    -0.04930
        17     0.01911    -0.05359
        18     0.02151    -0.05805
        19     0.02403    -0.06269
        20     0.02665    -0.06750
        21     0.02939    -0.07247
        22     0.03224    -0.07761
        23     0.03520    -0.08291
        24     0.03828    -0.08837
        25     0.04146    -0.09398
        26     0.04475    -0.09977
        27     0.04815    -0.10569
        28     0.05166    -0.11176
        29     0.05528    -0.11797
        30     0.05900    -0.12433
        31     0.06283    -0.13082
        32     0.06677    -0.13745
        33     0.07081    -0.14422
        34     0.07495    -0.15111
        35     0.07920    -0.15813
        36     0.08355    -0.16527
        37     0.08800    -0.17253
        38     0.09255    -0.17990
        39     0.09720    -0.18739
        40     0.10195    -0.19499
        41     0.10680    -0.20270
        42     0.11174    -0.21051
        43     0.11678    -0.21842
        44     0.12191    -0.22642
        45     0.12714    -0.23452
        46     0.13246    -0.24271
        47     0.13787    -0.25099
        48     0.14337    -0.25935
        49     0.14896    -0.26779
        50     0.15463    -0.27631
        51     0.16040    -0.28490
        52     0.16624    -0.29356
        53     0.17218    -0.30229
        54     0.17819    -0.31109
        55     0.18429    -0.31994
        56     0.19046    -0.32886
        57     0.19671    -0.33783
        58     0.20304    -0.34685
        59     0.20945    -0.35592
        60     0.21593    -0.36503
        61     0.22248    -0.37419
        62     0.22911    -0.38339
        63     0.23580    -0.39262
        64     0.24256    -0.40189
        65     0.24939    -0.41119
        66     0.25628    -0.42051
        67     0.26324    -0.42986
        68     0.27026    -0.43924
        69     0.27734    -0.44863
        70     0.28447    -0.45804
        71     0.29167    -0.46746
        72     0.29891    -0.47689
        73     0.30621    -0.48632
        74     0.31356    -0.49576
        75     0.32096    -0.50519
        76     0.32841    -0.51462
        77     0.33590    -0.52405
        78     0.34344    -0.53347
        79     0.35102    -0.54287
        80     0.35864    -0.55226
        81     0.36630    -0.56164
        82     0.37400    -0.57100
        83     0.38173    -0.58033
        84     0.38949    -0.58964
        85     0.39728    -0.59893
        86     0.40511    -0.60818
        87     0.41296    -0.61741
        88     0.42083    -0.62660
        89     0.42873    -0.63575
        90     0.43665    -0.64486
        91     0.44459    -0.65394
        92     0.45254    -0.66297
        93     0.46051    -0.67196
        94     0.46850    -0.68090
        95     0.47649    -0.68979
        96     0.48450    -0.69863
        97     0.49251    -0.70742
        98     0.50052    -0.71615
        99     0.50854    -0.72482
       100     0.51655    -0.73344
       101     0.52457    -0.74199
       102     0.53258    -0.75048
       103     0.54059    -0.75890
       104     0.54858    -0.76725
       105     0.55657    -0.77554
       106     0.56455    -0.78376
       107     0.57251    -0.79190
       108     0.58045    -0.79997
       109     0.58838    -0.80797
       110     0.59629    -0.81589
       111     0.60417    -0.82373
       112     0.61203    -0.83149
       113     0.61986    -0.83918
       114     0.62766    -0.84678
       115     0.63543    -0.85430
       116     0.64317    -0.86173
       117     0.65087    -0.86908
       118     0.65854    -0.87634
       119     0.66616    -0.88352
       120     0.67375    -0.89061
       121     0.68129    -0.89763
       122     0.68878    -0.90454
       123     0.69623    -0.91136
       124     0.70362    -0.91809
       125     0.71097    -0.92473
       126     0.71826    -0.93127
       127     0.72549    -0.93773
       128     0.73267    -0.94408
       129     0.73979    -0.95034
       130     0.74684    -0.95651
       131     0.75383    -0.96258
       132     0.76075    -0.96856
       133     0.76761    -0.97444
       134     0.77440    -0.98022
       135     0.78111    -0.98591
       136     0.78776    -0.99149
       137     0.79432    -0.99698
       138     0.80081    -1.00238
       139     0.80722    -1.00767
       140     0.81355    -1.01286
       141     0.81980    -1.01796
       142     0.82596    -1.02296
       143     0.83203    -1.02786
       144     0.83802    -1.03266
       145     0.84392    -1.03736
       146     0.84973    -1.04196
       147     0.85544    -1.04646
       148     0.86106    -1.05087
       149     0.86659    -1.05517
       150     0.87201    -1.05938
       151     0.87734    -1.06348
       152     0.88257    -1.06749
       153     0.88769    -1.07140
       154     0.89271    -1.07521
       155     0.89763    -1.07893
       156     0.90244    -1.08254
       157     0.90714    -1.08606
       158     0.91173    -1.08948
       159     0.91622    -1.09280
       160     0.92059    -1.09602
       161     0.92485    -1.09915
       162     0.92899    -1.10218
       163     0.93302    -1.10511
       164     0.93693    -1.10795
       165     0.94073    -1.11069
       166     0.94440    -1.11334
       167     0.94796    -1.11588
       168     0.95140    -1.11834
       169     0.95471    -1.12070
       170     0.95791    -1.12296
       171     0.96097    -1.12513
       172     0.96392    -1.12720
       173     0.96674    -1.12919
       174     0.96943    -1.13107
       175     0.97200    -1.13286
       176     0.97444    -1.13456
       177     0.97675    -1.13617
       178     0.97894    -1.13768
       179     0.98099    -1.13910
       180     0.98292    -1.14043
       181     0.98471    -1.14167
       182     0.98640    -1.14278
       183     0.98804    -1.14370
       184     0.98962    -1.14444
       185     0.99112    -1.14503
       186     0.99252    -1.14547
       187     0.99383    -1.14579
       188     0.99502    -1.14598
       189     0.99611    -1.14606
       190     0.99708    -1.14602
       191     0.99793    -1.14587
       192     0.99865    -1.14562
       193     0.99926    -1.14527
       194     0.99953    -1.14506
       195     0.99995    -1.14455
       196     1.00009    -1.14425
       197     1.00032    -1.14358
       198     1.00043    -1.14283
  POINTS ON THE BLADE TO BE USED FOR PLOTTING 
  AND FINAL INTERPOLATION 
  N           X          YUP        YLOW        THICK 
    1      0.0000     -0.0047     -0.0047      0.0000
    2      0.0001     -0.0034     -0.0072      0.0038
    3      0.0002     -0.0018     -0.0096      0.0078
    4      0.0006     -0.0005     -0.0122      0.0117
    5      0.0010      0.0004     -0.0149      0.0153
    6      0.0016      0.0012     -0.0172      0.0185
    7      0.0022      0.0017     -0.0195      0.0212
    8      0.0030      0.0019     -0.0219      0.0237
    9      0.0040      0.0019     -0.0243      0.0262
   10      0.0050      0.0017     -0.0268      0.0285
   11      0.0062      0.0013     -0.0294      0.0307
   12      0.0075      0.0007     -0.0321      0.0328
   13      0.0089     -0.0001     -0.0350      0.0349
   14      0.0105     -0.0011     -0.0381      0.0369
   15      0.0122     -0.0023     -0.0413      0.0390
   16      0.0140     -0.0037     -0.0447      0.0410
   17      0.0159     -0.0053     -0.0483      0.0430
   18      0.0179     -0.0072     -0.0521      0.0450
   19      0.0201     -0.0092     -0.0562      0.0469
   20      0.0223     -0.0116     -0.0604      0.0488
   21      0.0247     -0.0143     -0.0648      0.0505
   22      0.0272     -0.0172     -0.0693      0.0521
   23      0.0299     -0.0205     -0.0741      0.0536
   24      0.0326     -0.0240     -0.0790      0.0550
   25      0.0355     -0.0277     -0.0842      0.0565
   26      0.0384     -0.0315     -0.0894      0.0579
   27      0.0415     -0.0355     -0.0949      0.0594
   28      0.0447     -0.0396     -0.1005      0.0609
   29      0.0481     -0.0439     -0.1063      0.0624
   30      0.0515     -0.0484     -0.1122      0.0638
   31      0.0550     -0.0530     -0.1183      0.0653
   32      0.0587     -0.0578     -0.1246      0.0668
   33      0.0625     -0.0627     -0.1309      0.0683
   34      0.0663     -0.0677     -0.1375      0.0697
   35      0.0703     -0.0729     -0.1441      0.0712
   36      0.0744     -0.0783     -0.1509      0.0727
   37      0.0786     -0.0838     -0.1579      0.0741
   38      0.0829     -0.0894     -0.1649      0.0755
   39      0.0873     -0.0951     -0.1721      0.0770
   40      0.0918     -0.1010     -0.1794      0.0784
   41      0.0964     -0.1070     -0.1868      0.0798
   42      0.1011     -0.1132     -0.1944      0.0812
   43      0.1059     -0.1195     -0.2020      0.0826
   44      0.1108     -0.1259     -0.2098      0.0839
   45      0.1159     -0.1324     -0.2177      0.0853
   46      0.1210     -0.1390     -0.2256      0.0866
   47      0.1261     -0.1458     -0.2337      0.0879
   48      0.1314     -0.1527     -0.2418      0.0892
   49      0.1368     -0.1596     -0.2501      0.0904
   50      0.1423     -0.1667     -0.2584      0.0916
   51      0.1478     -0.1739     -0.2668      0.0928
   52      0.1535     -0.1812     -0.2753      0.0940
   53      0.1592     -0.1886     -0.2838      0.0952
   54      0.1650     -0.1961     -0.2924      0.0963
   55      0.1709     -0.2037     -0.3011      0.0974
   56      0.1769     -0.2114     -0.3099      0.0985
   57      0.1830     -0.2192     -0.3187      0.0995
   58      0.1891     -0.2271     -0.3276      0.1005
   59      0.1954     -0.2350     -0.3365      0.1015
   60      0.2017     -0.2431     -0.3455      0.1024
   61      0.2080     -0.2512     -0.3545      0.1033
   62      0.2145     -0.2594     -0.3636      0.1042
   63      0.2210     -0.2677     -0.3727      0.1051
   64      0.2276     -0.2760     -0.3819      0.1059
   65      0.2342     -0.2844     -0.3911      0.1066
   66      0.2409     -0.2929     -0.4003      0.1074
   67      0.2477     -0.3014     -0.4095      0.1081
   68      0.2546     -0.3101     -0.4188      0.1087
   69      0.2615     -0.3187     -0.4281      0.1094
   70      0.2684     -0.3274     -0.4374      0.1100
   71      0.2755     -0.3362     -0.4467      0.1105
   72      0.2826     -0.3451     -0.4561      0.1110
   73      0.2897     -0.3539     -0.4654      0.1115
   74      0.2969     -0.3629     -0.4748      0.1119
   75      0.3041     -0.3718     -0.4842      0.1123
   76      0.3114     -0.3808     -0.4935      0.1127
   77      0.3187     -0.3899     -0.5029      0.1130
   78      0.3261     -0.3990     -0.5123      0.1133
   79      0.3335     -0.4081     -0.5216      0.1136
   80      0.3410     -0.4172     -0.5310      0.1138
   81      0.3485     -0.4264     -0.5403      0.1139
   82      0.3560     -0.4356     -0.5496      0.1140
   83      0.3636     -0.4448     -0.5589      0.1141
   84      0.3712     -0.4540     -0.5682      0.1142
   85      0.3789     -0.4632     -0.5774      0.1142
   86      0.3865     -0.4725     -0.5866      0.1141
   87      0.3942     -0.4818     -0.5958      0.1141
   88      0.4020     -0.4910     -0.6050      0.1140
   89      0.4097     -0.5003     -0.6141      0.1138
   90      0.4175     -0.5096     -0.6232      0.1136
   91      0.4253     -0.5189     -0.6323      0.1134
   92      0.4331     -0.5282     -0.6413      0.1131
   93      0.4409     -0.5374     -0.6503      0.1128
   94      0.4488     -0.5467     -0.6592      0.1125
   95      0.4566     -0.5560     -0.6681      0.1121
   96      0.4645     -0.5652     -0.6769      0.1117
   97      0.4724     -0.5745     -0.6857      0.1113
   98      0.4803     -0.5837     -0.6945      0.1108
   99      0.4882     -0.5929     -0.7031      0.1103
  100      0.4961     -0.6021     -0.7118      0.1097
  101      0.5039     -0.6112     -0.7203      0.1091
  102      0.5118     -0.6204     -0.7289      0.1085
  103      0.5197     -0.6295     -0.7373      0.1078
  104      0.5276     -0.6385     -0.7457      0.1071
  105      0.5355     -0.6476     -0.7540      0.1064
  106      0.5434     -0.6566     -0.7623      0.1057
  107      0.5512     -0.6656     -0.7705      0.1049
  108      0.5591     -0.6745     -0.7786      0.1041
  109      0.5669     -0.6834     -0.7866      0.1032
  110      0.5747     -0.6922     -0.7946      0.1024
  111      0.5825     -0.7010     -0.8025      0.1015
  112      0.5903     -0.7098     -0.8103      0.1005
  113      0.5980     -0.7185     -0.8181      0.0996
  114      0.6058     -0.7271     -0.8257      0.0986
  115      0.6135     -0.7357     -0.8333      0.0976
  116      0.6211     -0.7443     -0.8409      0.0966
  117      0.6288     -0.7528     -0.8483      0.0955
  118      0.6364     -0.7612     -0.8556      0.0944
  119      0.6440     -0.7696     -0.8629      0.0934
  120      0.6515     -0.7779     -0.8701      0.0922
  121      0.6590     -0.7861     -0.8772      0.0911
  122      0.6665     -0.7943     -0.8842      0.0899
  123      0.6739     -0.8024     -0.8912      0.0888
  124      0.6813     -0.8104     -0.8980      0.0876
  125      0.6886     -0.8184     -0.9048      0.0864
  126      0.6959     -0.8263     -0.9115      0.0852
  127      0.7031     -0.8341     -0.9181      0.0839
  128      0.7103     -0.8419     -0.9245      0.0827
  129      0.7174     -0.8495     -0.9310      0.0814
  130      0.7245     -0.8571     -0.9373      0.0801
  131      0.7316     -0.8646     -0.9435      0.0788
  132      0.7385     -0.8721     -0.9496      0.0776
  133      0.7454     -0.8794     -0.9557      0.0762
  134      0.7523     -0.8867     -0.9616      0.0749
  135      0.7591     -0.8939     -0.9675      0.0736
  136      0.7658     -0.9010     -0.9733      0.0723
  137      0.7724     -0.9080     -0.9789      0.0709
  138      0.7790     -0.9149     -0.9845      0.0696
  139      0.7855     -0.9217     -0.9900      0.0683
  140      0.7920     -0.9285     -0.9954      0.0669
  141      0.7983     -0.9351     -1.0007      0.0656
  142      0.8046     -0.9417     -1.0059      0.0642
  143      0.8109     -0.9481     -1.0110      0.0629
  144      0.8170     -0.9545     -1.0161      0.0615
  145      0.8231     -0.9608     -1.0210      0.0602
  146      0.8291     -0.9670     -1.0258      0.0589
  147      0.8350     -0.9730     -1.0306      0.0575
  148      0.8408     -0.9790     -1.0352      0.0562
  149      0.8465     -0.9849     -1.0398      0.0549
  150      0.8522     -0.9906     -1.0442      0.0536
  151      0.8577     -0.9963     -1.0486      0.0523
  152      0.8632     -1.0019     -1.0529      0.0510
  153      0.8686     -1.0073     -1.0571      0.0497
  154      0.8739     -1.0127     -1.0611      0.0484
  155      0.8790     -1.0180     -1.0651      0.0472
  156      0.8841     -1.0231     -1.0690      0.0459
  157      0.8892     -1.0282     -1.0729      0.0447
  158      0.8941     -1.0331     -1.0766      0.0435
  159      0.8989     -1.0379     -1.0802      0.0423
  160      0.9036     -1.0426     -1.0837      0.0411
  161      0.9082     -1.0472     -1.0872      0.0399
  162      0.9127     -1.0517     -1.0905      0.0388
  163      0.9171     -1.0561     -1.0938      0.0376
  164      0.9214     -1.0604     -1.0970      0.0365
  165      0.9256     -1.0646     -1.1000      0.0354
  166      0.9297     -1.0686     -1.1030      0.0344
  167      0.9337     -1.0726     -1.1059      0.0333
  168      0.9375     -1.0764     -1.1087      0.0323
  169      0.9413     -1.0801     -1.1114      0.0313
  170      0.9450     -1.0837     -1.1141      0.0303
  171      0.9485     -1.0872     -1.1166      0.0294
  172      0.9519     -1.0906     -1.1190      0.0285
  173      0.9553     -1.0938     -1.1214      0.0276
  174      0.9585     -1.0970     -1.1237      0.0267
  175      0.9616     -1.1000     -1.1259      0.0259
  176      0.9645     -1.1029     -1.1280      0.0250
  177      0.9674     -1.1057     -1.1300      0.0243
  178      0.9701     -1.1084     -1.1319      0.0235
  179      0.9728     -1.1110     -1.1337      0.0228
  180      0.9753     -1.1134     -1.1355      0.0221
  181      0.9777     -1.1157     -1.1371      0.0214
  182      0.9799     -1.1179     -1.1387      0.0208
  183      0.9821     -1.1200     -1.1402      0.0202
  184      0.9841     -1.1220     -1.1416      0.0196
  185      0.9860     -1.1238     -1.1428      0.0190
  186      0.9878     -1.1256     -1.1438      0.0183
  187      0.9895     -1.1272     -1.1446      0.0174
  188      0.9911     -1.1287     -1.1452      0.0165
  189      0.9925     -1.1301     -1.1456      0.0155
  190      0.9938     -1.1313     -1.1459      0.0145
  191      0.9950     -1.1326     -1.1460      0.0135
  192      0.9960     -1.1338     -1.1461      0.0123
  193      0.9970     -1.1351     -1.1460      0.0109
  194      0.9978     -1.1363     -1.1458      0.0095
  195      0.9984     -1.1375     -1.1455      0.0080
  196      0.9990     -1.1387     -1.1452      0.0065
  197      0.9994     -1.1398     -1.1447      0.0049
  198      0.9998     -1.1408     -1.1440      0.0032
  199      0.9999     -1.1418     -1.1433      0.0015
  200      1.0000     -1.1428     -1.1428      0.0000
 GRID EXPANSION RATIO UP=    1.12157 DOWN =    1.05711
  AXIAL,TANGENTIAL AND RADIAL COORDINATES ON THE STREAM
  SURFACE BEFORE TRANSFORMING TO R-THETA COORDINATES 
 J, XGRID,YGRID,RGRID            1  -2.18476076E-02   3.70027013E-02  0.550425053    
 J, XGRID,YGRID,RGRID            2  -1.91412196E-02   3.27182934E-02  0.550375462    
 J, XGRID,YGRID,RGRID            3  -1.67284366E-02   2.88983006E-02  0.550323546    
 J, XGRID,YGRID,RGRID            4  -1.45774418E-02   2.54923813E-02  0.550270617    
 J, XGRID,YGRID,RGRID            5  -1.26598310E-02   2.24556513E-02  0.550218105    
 J, XGRID,YGRID,RGRID            6  -1.09502859E-02   1.97480936E-02  0.550166607    
 J, XGRID,YGRID,RGRID            7  -9.42623243E-03   1.73340272E-02  0.550116956    
 J, XGRID,YGRID,RGRID            8  -8.06753803E-03   1.51816355E-02  0.550069571    
 J, XGRID,YGRID,RGRID            9  -6.85625523E-03   1.32625559E-02  0.550024927    
 J, XGRID,YGRID,RGRID           10  -5.77637739E-03   1.15514975E-02  0.549983025    
 J, XGRID,YGRID,RGRID           11  -4.81365342E-03   1.00259129E-02  0.549943984    
 J, XGRID,YGRID,RGRID           12  -3.95535724E-03   8.66569579E-03  0.549907863    
 J, XGRID,YGRID,RGRID           13  -3.19016562E-03   7.45292241E-03  0.549874485    
 J, XGRID,YGRID,RGRID           14  -2.50796694E-03   6.37160894E-03  0.549843907    
 J, XGRID,YGRID,RGRID           15  -1.89976266E-03   5.40750660E-03  0.549815893    
 J, XGRID,YGRID,RGRID           16  -1.35751767E-03   4.54790890E-03  0.549790442    
 J, XGRID,YGRID,RGRID           17  -8.74077436E-04   3.78148910E-03  0.549767196    
 J, XGRID,YGRID,RGRID           18  -4.43064317E-04   3.09814676E-03  0.549746156    
 J, XGRID,YGRID,RGRID           19  -5.87906397E-05   2.48887599E-03  0.549727082    
 J, XGRID,YGRID,RGRID           20   2.83816480E-04   1.94564846E-03  0.549709857    
 J, XGRID,YGRID,RGRID           21   5.89273055E-04   1.46130472E-03  0.549694359    
 J, XGRID,YGRID,RGRID           22   8.61611799E-04   1.02946232E-03  0.549680352    
 J, XGRID,YGRID,RGRID           23   1.10441749E-03   6.44430052E-04  0.549667716    
 J, XGRID,YGRID,RGRID           24   1.32090203E-03   3.01133987E-04  0.549656332    
 J, XGRID,YGRID,RGRID           25   1.51391316E-03  -4.94999313E-06  0.549646199    
 J, XGRID,YGRID,RGRID           26   1.68600003E-03  -2.77855492E-04  0.549637020    
 J, XGRID,YGRID,RGRID           27   1.85747643E-03   9.00793166E-05  0.549620509    
 J, XGRID,YGRID,RGRID           28   2.03676079E-03   3.30953553E-05  0.549603105    
 J, XGRID,YGRID,RGRID           29   2.22457084E-03  -8.52834928E-05  0.549584806    
 J, XGRID,YGRID,RGRID           30   2.42162868E-03  -2.43427552E-04  0.549565434    
 J, XGRID,YGRID,RGRID           31   2.62865075E-03  -4.38977702E-04  0.549544930    
 J, XGRID,YGRID,RGRID           32   2.84635555E-03  -6.75549207E-04  0.549523234    
 J, XGRID,YGRID,RGRID           33   3.07546277E-03  -9.54464776E-04  0.549500227    
 J, XGRID,YGRID,RGRID           34   3.31669534E-03  -1.26434059E-03  0.549475729    
 J, XGRID,YGRID,RGRID           35   3.57076339E-03  -1.59307546E-03  0.549449921    
 J, XGRID,YGRID,RGRID           36   3.83839104E-03  -1.94103247E-03  0.549422443    
 J, XGRID,YGRID,RGRID           37   4.12029028E-03  -2.30893679E-03  0.549393177    
 J, XGRID,YGRID,RGRID           38   4.41718334E-03  -2.69752252E-03  0.549362242    
 J, XGRID,YGRID,RGRID           39   4.72978782E-03  -3.10752890E-03  0.549329281    
 J, XGRID,YGRID,RGRID           40   5.05881850E-03  -3.53969471E-03  0.549294233    
 J, XGRID,YGRID,RGRID           41   5.40482812E-03  -3.99453659E-03  0.549257159    
 J, XGRID,YGRID,RGRID           42   5.76789770E-03  -4.47194418E-03  0.549217820    
 J, XGRID,YGRID,RGRID           43   6.14887290E-03  -4.97279828E-03  0.549176276    
 J, XGRID,YGRID,RGRID           44   6.54870179E-03  -5.49809542E-03  0.549132109    
 J, XGRID,YGRID,RGRID           45   6.96842372E-03  -6.04896387E-03  0.549085379    
 J, XGRID,YGRID,RGRID           46   7.40920566E-03  -6.62664697E-03  0.549035788    
 J, XGRID,YGRID,RGRID           47   7.87229463E-03  -7.23249326E-03  0.548983157    
 J, XGRID,YGRID,RGRID           48   8.35880823E-03  -7.86764640E-03  0.548927307    
 J, XGRID,YGRID,RGRID           49   8.86967406E-03  -8.53298232E-03  0.548868179    
 J, XGRID,YGRID,RGRID           50   9.40660015E-03  -9.23035853E-03  0.548805356    
 J, XGRID,YGRID,RGRID           51   9.97149013E-03  -9.96158179E-03  0.548738480    
 J, XGRID,YGRID,RGRID           52   1.05664711E-02  -1.07295234E-02  0.548667610    
 J, XGRID,YGRID,RGRID           53   1.11938696E-02  -1.15364585E-02  0.548591971    
 J, XGRID,YGRID,RGRID           54   1.18562318E-02  -1.23851234E-02  0.548511505    
 J, XGRID,YGRID,RGRID           55   1.25615615E-02  -1.32851647E-02  0.548424959    
 J, XGRID,YGRID,RGRID           56   1.33200437E-02  -1.42487483E-02  0.548331022    
 J, XGRID,YGRID,RGRID           57   1.41324997E-02  -1.52759841E-02  0.548229575    
 J, XGRID,YGRID,RGRID           58   1.49982795E-02  -1.63650531E-02  0.548120499    
 J, XGRID,YGRID,RGRID           59   1.59153305E-02  -1.75120458E-02  0.548004150    
 J, XGRID,YGRID,RGRID           60   1.68800764E-02  -1.87109765E-02  0.547881067    
 J, XGRID,YGRID,RGRID           61   1.78875625E-02  -1.99544467E-02  0.547751665    
 J, XGRID,YGRID,RGRID           62   1.89214386E-02  -2.12214235E-02  0.547618330    
 J, XGRID,YGRID,RGRID           63   1.99652165E-02  -2.24912371E-02  0.547483325    
 J, XGRID,YGRID,RGRID           64   2.10132450E-02  -2.37569045E-02  0.547347486    
 J, XGRID,YGRID,RGRID           65   2.20610052E-02  -2.50128936E-02  0.547211826    
 J, XGRID,YGRID,RGRID           66   2.31049471E-02  -2.62551047E-02  0.547076941    
 J, XGRID,YGRID,RGRID           67   2.41425894E-02  -2.74807252E-02  0.546943247    
 J, XGRID,YGRID,RGRID           68   2.51724832E-02  -2.86882501E-02  0.546811223    
 J, XGRID,YGRID,RGRID           69   2.62016281E-02  -2.98858061E-02  0.546680272    
 J, XGRID,YGRID,RGRID           70   2.72346139E-02  -3.10785677E-02  0.546549499    
 J, XGRID,YGRID,RGRID           71   2.82707028E-02  -3.22654992E-02  0.546420038    
 J, XGRID,YGRID,RGRID           72   2.93084756E-02  -3.34450193E-02  0.546291292    
 J, XGRID,YGRID,RGRID           73   3.03461365E-02  -3.46149839E-02  0.546164572    
 J, XGRID,YGRID,RGRID           74   3.13812979E-02  -3.57727744E-02  0.546040118    
 J, XGRID,YGRID,RGRID           75   3.24110091E-02  -3.69152389E-02  0.545918047    
 J, XGRID,YGRID,RGRID           76   3.34261246E-02  -3.80319171E-02  0.545799911    
 J, XGRID,YGRID,RGRID           77   3.44209708E-02  -3.91181707E-02  0.545686722    
 J, XGRID,YGRID,RGRID           78   3.53928246E-02  -4.01710123E-02  0.545578241    
 J, XGRID,YGRID,RGRID           79   3.63394618E-02  -4.11886945E-02  0.545475066    
 J, XGRID,YGRID,RGRID           80   3.72592434E-02  -4.21700701E-02  0.545377195    
 J, XGRID,YGRID,RGRID           81   3.81509997E-02  -4.31145616E-02  0.545284748    
 J, XGRID,YGRID,RGRID           82   3.90141197E-02  -4.40221578E-02  0.545197606    
 J, XGRID,YGRID,RGRID           83   3.98517214E-02  -4.48967665E-02  0.545115292    
 J, XGRID,YGRID,RGRID           84   4.06646542E-02  -4.57397997E-02  0.545037746    
 J, XGRID,YGRID,RGRID           85   4.14529182E-02  -4.65517454E-02  0.544965088    
 J, XGRID,YGRID,RGRID           86   4.22164537E-02  -4.73331064E-02  0.544896662    
 J, XGRID,YGRID,RGRID           87   4.29552905E-02  -4.80843410E-02  0.544832647    
 J, XGRID,YGRID,RGRID           88   4.36693989E-02  -4.88059148E-02  0.544772863    
 J, XGRID,YGRID,RGRID           89   4.43587974E-02  -4.94982637E-02  0.544717073    
 J, XGRID,YGRID,RGRID           90   4.50234376E-02  -5.01618087E-02  0.544665217    
 J, XGRID,YGRID,RGRID           91   4.56633195E-02  -5.07969968E-02  0.544617057    
 J, XGRID,YGRID,RGRID           92   4.62784395E-02  -5.14041707E-02  0.544572473    
 J, XGRID,YGRID,RGRID           93   4.68687825E-02  -5.19837663E-02  0.544531524    
 J, XGRID,YGRID,RGRID           94   4.74343337E-02  -5.25361225E-02  0.544493735    
 J, XGRID,YGRID,RGRID           95   4.79750782E-02  -5.30615859E-02  0.544458866    
 J, XGRID,YGRID,RGRID           96   4.84909937E-02  -5.38210832E-02  0.544426978    
 J, XGRID,YGRID,RGRID           97   4.90074493E-02  -5.42450063E-02  0.544400811    
 J, XGRID,YGRID,RGRID           98   4.95534502E-02  -5.46930060E-02  0.544373930    
 J, XGRID,YGRID,RGRID           99   5.01306765E-02  -5.51665910E-02  0.544346213    
 J, XGRID,YGRID,RGRID          100   5.07408865E-02  -5.56672253E-02  0.544317782    
 J, XGRID,YGRID,RGRID          101   5.13859913E-02  -5.61964512E-02  0.544288695    
 J, XGRID,YGRID,RGRID          102   5.20679988E-02  -5.67559004E-02  0.544259012    
 J, XGRID,YGRID,RGRID          103   5.27889878E-02  -5.73473014E-02  0.544228733    
 J, XGRID,YGRID,RGRID          104   5.35512269E-02  -5.79724796E-02  0.544197977    
 J, XGRID,YGRID,RGRID          105   5.43570481E-02  -5.86333573E-02  0.544167042    
 J, XGRID,YGRID,RGRID          106   5.52089661E-02  -5.93319833E-02  0.544136584    
 J, XGRID,YGRID,RGRID          107   5.61096109E-02  -6.00705110E-02  0.544106483    
 J, XGRID,YGRID,RGRID          108   5.70617504E-02  -6.08512200E-02  0.544076562    
 J, XGRID,YGRID,RGRID          109   5.80683313E-02  -6.16765134E-02  0.544046521    
 J, XGRID,YGRID,RGRID          110   5.91324680E-02  -6.25489429E-02  0.544016600    
 J, XGRID,YGRID,RGRID          111   6.02574237E-02  -6.34711981E-02  0.543986619    

  THE BLADE CENTROID ON THE X-Y SURFACE IS AT X, Y=    0.02287  -0.02763


  THE J VALUE OF THE CENTROID IS J =           66

  THE CENTROID ON THE STREAM SURFACE IS AT   2.28695180E-02   0.00000000    
  THE HUB SECTION CENTROID IS AT   2.23450884E-02   0.00000000    

  AXIAL & RADIAL COORDINATES ON THE SS AFTER STACKING 
  J  , XGRID,RGRID            1  -2.23720372E-02  0.550425053    
  J  , XGRID,RGRID            2  -1.96656492E-02  0.550375462    
  J  , XGRID,RGRID            3  -1.72528662E-02  0.550323546    
  J  , XGRID,RGRID            4  -1.51018715E-02  0.550270617    
  J  , XGRID,RGRID            5  -1.31842606E-02  0.550218105    
  J  , XGRID,RGRID            6  -1.14747155E-02  0.550166607    
  J  , XGRID,RGRID            7  -9.95066203E-03  0.550116956    
  J  , XGRID,RGRID            8  -8.59196763E-03  0.550069571    
  J  , XGRID,RGRID            9  -7.38068484E-03  0.550024927    
  J  , XGRID,RGRID           10  -6.30080700E-03  0.549983025    
  J  , XGRID,RGRID           11  -5.33808302E-03  0.549943984    
  J  , XGRID,RGRID           12  -4.47978685E-03  0.549907863    
  J  , XGRID,RGRID           13  -3.71459522E-03  0.549874485    
  J  , XGRID,RGRID           14  -3.03239655E-03  0.549843907    
  J  , XGRID,RGRID           15  -2.42419215E-03  0.549815893    
  J  , XGRID,RGRID           16  -1.88194728E-03  0.549790442    
  J  , XGRID,RGRID           17  -1.39850704E-03  0.549767196    
  J  , XGRID,RGRID           18  -9.67493921E-04  0.549746156    
  J  , XGRID,RGRID           19  -5.83220273E-04  0.549727082    
  J  , XGRID,RGRID           20  -2.40613124E-04  0.549709857    
  J  , XGRID,RGRID           21   6.48434507E-05  0.549694359    
  J  , XGRID,RGRID           22   3.37182195E-04  0.549680352    
  J  , XGRID,RGRID           23   5.79987885E-04  0.549667716    
  J  , XGRID,RGRID           24   7.96472421E-04  0.549656332    
  J  , XGRID,RGRID           25   9.89483553E-04  0.549646199    
  J  , XGRID,RGRID           26   1.16157043E-03  0.549637020    
  J  , XGRID,RGRID           27   1.33304682E-03  0.549620509    
  J  , XGRID,RGRID           28   1.51233119E-03  0.549603105    
  J  , XGRID,RGRID           29   1.70014123E-03  0.549584806    
  J  , XGRID,RGRID           30   1.89719908E-03  0.549565434    
  J  , XGRID,RGRID           31   2.10422114E-03  0.549544930    
  J  , XGRID,RGRID           32   2.32192595E-03  0.549523234    
  J  , XGRID,RGRID           33   2.55103316E-03  0.549500227    
  J  , XGRID,RGRID           34   2.79226573E-03  0.549475729    
  J  , XGRID,RGRID           35   3.04633379E-03  0.549449921    
  J  , XGRID,RGRID           36   3.31396144E-03  0.549422443    
  J  , XGRID,RGRID           37   3.59586067E-03  0.549393177    
  J  , XGRID,RGRID           38   3.89275374E-03  0.549362242    
  J  , XGRID,RGRID           39   4.20535821E-03  0.549329281    
  J  , XGRID,RGRID           40   4.53438889E-03  0.549294233    
  J  , XGRID,RGRID           41   4.88039851E-03  0.549257159    
  J  , XGRID,RGRID           42   5.24346810E-03  0.549217820    
  J  , XGRID,RGRID           43   5.62444329E-03  0.549176276    
  J  , XGRID,RGRID           44   6.02427218E-03  0.549132109    
  J  , XGRID,RGRID           45   6.44399412E-03  0.549085379    
  J  , XGRID,RGRID           46   6.88477606E-03  0.549035788    
  J  , XGRID,RGRID           47   7.34786503E-03  0.548983157    
  J  , XGRID,RGRID           48   7.83437863E-03  0.548927307    
  J  , XGRID,RGRID           49   8.34524445E-03  0.548868179    
  J  , XGRID,RGRID           50   8.88217054E-03  0.548805356    
  J  , XGRID,RGRID           51   9.44706053E-03  0.548738480    
  J  , XGRID,RGRID           52   1.00420415E-02  0.548667610    
  J  , XGRID,RGRID           53   1.06694400E-02  0.548591971    
  J  , XGRID,RGRID           54   1.13318022E-02  0.548511505    
  J  , XGRID,RGRID           55   1.20371319E-02  0.548424959    
  J  , XGRID,RGRID           56   1.27956141E-02  0.548331022    
  J  , XGRID,RGRID           57   1.36080701E-02  0.548229575    
  J  , XGRID,RGRID           58   1.44738499E-02  0.548120499    
  J  , XGRID,RGRID           59   1.53909009E-02  0.548004150    
  J  , XGRID,RGRID           60   1.63556468E-02  0.547881067    
  J  , XGRID,RGRID           61   1.73631329E-02  0.547751665    
  J  , XGRID,RGRID           62   1.83970090E-02  0.547618330    
  J  , XGRID,RGRID           63   1.94407869E-02  0.547483325    
  J  , XGRID,RGRID           64   2.04888154E-02  0.547347486    
  J  , XGRID,RGRID           65   2.15365756E-02  0.547211826    
  J  , XGRID,RGRID           66   2.25805175E-02  0.547076941    
  J  , XGRID,RGRID           67   2.36181598E-02  0.546943247    
  J  , XGRID,RGRID           68   2.46480536E-02  0.546811223    
  J  , XGRID,RGRID           69   2.56771985E-02  0.546680272    
  J  , XGRID,RGRID           70   2.67101843E-02  0.546549499    
  J  , XGRID,RGRID           71   2.77462732E-02  0.546420038    
  J  , XGRID,RGRID           72   2.87840459E-02  0.546291292    
  J  , XGRID,RGRID           73   2.98217069E-02  0.546164572    
  J  , XGRID,RGRID           74   3.08568683E-02  0.546040118    
  J  , XGRID,RGRID           75   3.18865776E-02  0.545918047    
  J  , XGRID,RGRID           76   3.29016969E-02  0.545799911    
  J  , XGRID,RGRID           77   3.38965431E-02  0.545686722    
  J  , XGRID,RGRID           78   3.48683968E-02  0.545578241    
  J  , XGRID,RGRID           79   3.58150303E-02  0.545475066    
  J  , XGRID,RGRID           80   3.67348120E-02  0.545377195    
  J  , XGRID,RGRID           81   3.76265720E-02  0.545284748    
  J  , XGRID,RGRID           82   3.84896919E-02  0.545197606    
  J  , XGRID,RGRID           83   3.93272936E-02  0.545115292    
  J  , XGRID,RGRID           84   4.01402265E-02  0.545037746    
  J  , XGRID,RGRID           85   4.09284905E-02  0.544965088    
  J  , XGRID,RGRID           86   4.16920260E-02  0.544896662    
  J  , XGRID,RGRID           87   4.24308628E-02  0.544832647    
  J  , XGRID,RGRID           88   4.31449711E-02  0.544772863    
  J  , XGRID,RGRID           89   4.38343659E-02  0.544717073    
  J  , XGRID,RGRID           90   4.44990098E-02  0.544665217    
  J  , XGRID,RGRID           91   4.51388881E-02  0.544617057    
  J  , XGRID,RGRID           92   4.57540080E-02  0.544572473    
  J  , XGRID,RGRID           93   4.63443547E-02  0.544531524    
  J  , XGRID,RGRID           94   4.69099060E-02  0.544493735    
  J  , XGRID,RGRID           95   4.74506468E-02  0.544458866    
  J  , XGRID,RGRID           96   4.79665622E-02  0.544426978    
  J  , XGRID,RGRID           97   4.84830216E-02  0.544400811    
  J  , XGRID,RGRID           98   4.90290225E-02  0.544373930    
  J  , XGRID,RGRID           99   4.96062487E-02  0.544346213    
  J  , XGRID,RGRID          100   5.02164587E-02  0.544317782    
  J  , XGRID,RGRID          101   5.08615598E-02  0.544288695    
  J  , XGRID,RGRID          102   5.15435711E-02  0.544259012    
  J  , XGRID,RGRID          103   5.22645563E-02  0.544228733    
  J  , XGRID,RGRID          104   5.30267954E-02  0.544197977    
  J  , XGRID,RGRID          105   5.38326204E-02  0.544167042    
  J  , XGRID,RGRID          106   5.46845347E-02  0.544136584    
  J  , XGRID,RGRID          107   5.55851832E-02  0.544106483    
  J  , XGRID,RGRID          108   5.65373227E-02  0.544076562    
  J  , XGRID,RGRID          109   5.75439036E-02  0.544046521    
  J  , XGRID,RGRID          110   5.86080402E-02  0.544016600    
  J  , XGRID,RGRID          111   5.97329959E-02  0.543986619    
          20          70          20
   IIN     XIN       REL SPACING 
    1       0.00000   0.50000
    2       0.10000   0.70000
    3       0.20000   1.00000
    4       0.30000   1.40000
    5       0.40000   2.00000
    6       0.50000   3.00000
    7       0.60000   3.00000
    8       0.70000   3.00000
    9       0.80000   2.50000
   10       0.90000   2.00000
   11       1.00000   1.50000

 INTERPOLATED POSITIONS OF THE GRID POINTS ON THE BLADE
 AND THE RELATIVE SPACING OF THE POINTS 

    1       0.00000   0.50000
    2       0.01449   0.52279
    3       0.02899   0.54768
    4       0.04348   0.57467
    5       0.05797   0.60376
    6       0.07246   0.63495
    7       0.08696   0.66824
    8       0.10145   0.70363
    9       0.11594   0.74113
   10       0.13043   0.78072
   11       0.14493   0.82241
   12       0.15942   0.86620
   13       0.17391   0.91210
   14       0.18841   0.96009
   15       0.20290   1.00970
   16       0.21739   1.05957
   17       0.23188   1.11190
   18       0.24638   1.16701
   19       0.26087   1.22518
   20       0.27536   1.28674
   21       0.28986   1.35198
   22       0.30435   1.42048
   23       0.31884   1.49170
   24       0.33333   1.56790
   25       0.34783   1.64971
   26       0.36232   1.73773
   27       0.37681   1.83256
   28       0.39130   1.93482
   29       0.40580   2.06053
   30       0.42029   2.21595
   31       0.43478   2.37380
   32       0.44928   2.52982
   33       0.46377   2.67976
   34       0.47826   2.81935
   35       0.49275   2.94432
   36       0.50725   3.02159
   37       0.52174   3.05055
   38       0.53623   3.06306
   39       0.55072   3.06219
   40       0.56522   3.05096
   41       0.57971   3.03242
   42       0.59420   3.00963
   43       0.60870   3.00719
   44       0.62319   3.01828
   45       0.63768   3.02694
   46       0.65217   3.03164
   47       0.66667   3.03086
   48       0.68116   3.02308
   49       0.69565   3.00678
   50       0.71014   2.96370
   51       0.72464   2.90395
   52       0.73913   2.83628
   53       0.75362   2.76222
   54       0.76812   2.68329
   55       0.78261   2.60101
   56       0.79710   2.51691
   57       0.81159   2.44203
   58       0.82609   2.36957
   59       0.84058   2.29710
   60       0.85507   2.22464
   61       0.86957   2.15217
   62       0.88406   2.07971
   63       0.89855   2.00725
   64       0.91304   1.93478
   65       0.92754   1.86232
   66       0.94203   1.78985
   67       0.95652   1.71739
   68       0.97101   1.64493
   69       0.98551   1.57246
   70       1.00000   1.50000

  BLADE TRUE CHORD:AXIAL CHORD RATIO =    1.19468319    


    TKLE      TKTE      TKMAX     XTMAX     XMODLE     XMODTE    TK_TYP 
    0.0200    0.0100    0.1000    0.4500    0.0200    0.0100    2.0000


 FCHORD=    1.00000000      FPERP=    0.00000000     FTKSCALE=    1.00000000    


  CENTRELINE COORDINATES AND THICKNESS FOR INTYPE = 1

    XIN        YIN       TKIN 
   0.00000   0.00000   0.02389
   0.00006   0.00007   0.02398
   0.00025   0.00028   0.02419
   0.00056   0.00063   0.02449
   0.00100   0.00112   0.02488
   0.00156   0.00175   0.02535
   0.00224   0.00252   0.02588
   0.00305   0.00343   0.02648
   0.00398   0.00448   0.02715
   0.00504   0.00566   0.02788
   0.00622   0.00698   0.02867
   0.00752   0.00843   0.02951
   0.00895   0.01002   0.03041
   0.01049   0.01174   0.03135
   0.01216   0.01359   0.03234
   0.01395   0.01557   0.03338
   0.01587   0.01768   0.03447
   0.01790   0.01992   0.03560
   0.02005   0.02229   0.03676
   0.02232   0.02477   0.03797
   0.02472   0.02738   0.03921
   0.02723   0.03011   0.04048
   0.02985   0.03296   0.04179
   0.03260   0.03592   0.04313
   0.03546   0.03899   0.04449
   0.03844   0.04218   0.04588
   0.04153   0.04548   0.04730
   0.04474   0.04889   0.04874
   0.04806   0.05240   0.05021
   0.05149   0.05601   0.05169
   0.05504   0.05972   0.05319
   0.05869   0.06353   0.05471
   0.06246   0.06744   0.05624
   0.06633   0.07144   0.05778
   0.07031   0.07553   0.05933
   0.07440   0.07971   0.06090
   0.07860   0.08397   0.06247
   0.08290   0.08832   0.06405
   0.08730   0.09274   0.06563
   0.09181   0.09725   0.06721
   0.09642   0.10182   0.06879
   0.10113   0.10648   0.07038
   0.10594   0.11120   0.07196
   0.11085   0.11599   0.07354
   0.11585   0.12084   0.07511
   0.12095   0.12576   0.07667
   0.12615   0.13073   0.07823
   0.13144   0.13576   0.07978
   0.13682   0.14085   0.08131
   0.14229   0.14599   0.08283
   0.14784   0.15118   0.08434
   0.15349   0.15641   0.08583
   0.15923   0.16169   0.08730
   0.16504   0.16701   0.08876
   0.17095   0.17238   0.09019
   0.17693   0.17777   0.09160
   0.18299   0.18321   0.09299
   0.18914   0.18868   0.09436
   0.19536   0.19417   0.09570
   0.20166   0.19970   0.09701
   0.20803   0.20525   0.09830
   0.21447   0.21082   0.09956
   0.22099   0.21642   0.10079
   0.22757   0.22204   0.10198
   0.23422   0.22767   0.10315
   0.24094   0.23332   0.10428
   0.24772   0.23898   0.10538
   0.25457   0.24465   0.10644
   0.26148   0.25033   0.10746
   0.26845   0.25602   0.10845
   0.27547   0.26171   0.10941
   0.28255   0.26740   0.11032
   0.28968   0.27310   0.11119
   0.29687   0.27879   0.11203
   0.30411   0.28448   0.11282
   0.31140   0.29016   0.11357
   0.31873   0.29584   0.11428
   0.32611   0.30150   0.11495
   0.33353   0.30715   0.11557
   0.34099   0.31278   0.11615
   0.34850   0.31840   0.11668
   0.35604   0.32400   0.11717
   0.36362   0.32958   0.11762
   0.37123   0.33514   0.11802
   0.37887   0.34068   0.11838
   0.38654   0.34619   0.11868
   0.39424   0.35167   0.11895
   0.40197   0.35713   0.11916
   0.40972   0.36256   0.11933
   0.41750   0.36796   0.11946
   0.42529   0.37333   0.11953
   0.43311   0.37866   0.11956
   0.44094   0.38396   0.11955
   0.44878   0.38922   0.11948
   0.45664   0.39445   0.11937
   0.46451   0.39964   0.11922
   0.47239   0.40479   0.11901
   0.48027   0.40989   0.11877
   0.48816   0.41496   0.11847
   0.49605   0.41998   0.11813
   0.50395   0.42496   0.11775
   0.51184   0.42990   0.11732
   0.51973   0.43479   0.11684
   0.52761   0.43963   0.11633
   0.53549   0.44442   0.11577
   0.54336   0.44916   0.11516
   0.55122   0.45385   0.11452
   0.55906   0.45849   0.11383
   0.56689   0.46308   0.11310
   0.57471   0.46761   0.11233
   0.58250   0.47209   0.11152
   0.59028   0.47652   0.11067
   0.59803   0.48089   0.10978
   0.60576   0.48521   0.10886
   0.61346   0.48947   0.10790
   0.62113   0.49368   0.10690
   0.62877   0.49783   0.10587
   0.63638   0.50192   0.10481
   0.64396   0.50596   0.10371
   0.65150   0.50994   0.10258
   0.65901   0.51386   0.10141
   0.66647   0.51772   0.10022
   0.67389   0.52152   0.09900
   0.68127   0.52527   0.09775
   0.68860   0.52895   0.09647
   0.69589   0.53258   0.09517
   0.70313   0.53615   0.09384
   0.71031   0.53966   0.09249
   0.71745   0.54311   0.09112
   0.72453   0.54650   0.08972
   0.73155   0.54983   0.08831
   0.73852   0.55310   0.08688
   0.74543   0.55632   0.08542
   0.75228   0.55947   0.08396
   0.75906   0.56257   0.08247
   0.76578   0.56560   0.08098
   0.77243   0.56858   0.07947
   0.77901   0.57150   0.07795
   0.78553   0.57437   0.07642
   0.79197   0.57717   0.07488
   0.79834   0.57992   0.07333
   0.80464   0.58260   0.07177
   0.81086   0.58524   0.07022
   0.81701   0.58781   0.06865
   0.82307   0.59033   0.06709
   0.82905   0.59279   0.06553
   0.83496   0.59520   0.06396
   0.84077   0.59755   0.06240
   0.84651   0.59984   0.06084
   0.85216   0.60208   0.05928
   0.85771   0.60427   0.05773
   0.86318   0.60640   0.05619
   0.86856   0.60848   0.05466
   0.87385   0.61050   0.05313
   0.87905   0.61248   0.05162
   0.88415   0.61440   0.05012
   0.88915   0.61627   0.04863
   0.89406   0.61808   0.04715
   0.89887   0.61985   0.04569
   0.90358   0.62156   0.04425
   0.90819   0.62323   0.04283
   0.91270   0.62485   0.04143
   0.91710   0.62641   0.04004
   0.92140   0.62793   0.03868
   0.92560   0.62940   0.03735
   0.92969   0.63082   0.03603
   0.93367   0.63220   0.03474
   0.93754   0.63353   0.03348
   0.94131   0.63481   0.03225
   0.94496   0.63605   0.03104
   0.94851   0.63724   0.02986
   0.95194   0.63838   0.02871
   0.95526   0.63948   0.02760
   0.95847   0.64054   0.02651
   0.96156   0.64155   0.02546
   0.96454   0.64252   0.02445
   0.96740   0.64345   0.02346
   0.97015   0.64434   0.02252
   0.97277   0.64518   0.02161
   0.97528   0.64598   0.02073
   0.97768   0.64674   0.01990
   0.97995   0.64746   0.01910
   0.98210   0.64814   0.01834
   0.98413   0.64877   0.01763
   0.98605   0.64937   0.01695
   0.98784   0.64993   0.01631
   0.98951   0.65044   0.01572
   0.99105   0.65092   0.01517
   0.99248   0.65136   0.01466
   0.99378   0.65176   0.01419
   0.99496   0.65212   0.01377
   0.99602   0.65245   0.01339
   0.99695   0.65273   0.01305
   0.99776   0.65298   0.01276
   0.99844   0.65318   0.01251
   0.99900   0.65336   0.01231
   0.99944   0.65349   0.01215
   0.99975   0.65358   0.01204
   0.99994   0.65364   0.01197
   1.00000   0.65366   0.01195

  BLADE SURFACE COORDINATES GENERATED USING INTYPE = 1

  XUP          YUP       XLOW      YLOW 
   0.00001   0.01195  -0.00001  -0.01195
   0.00007   0.01206   0.00005  -0.01192
   0.00026   0.01238   0.00024  -0.01181
   0.00057   0.01288   0.00055  -0.01162
   0.00101   0.01356   0.00099  -0.01132
   0.00157   0.01443   0.00155  -0.01092
   0.00225   0.01546   0.00223  -0.01042
   0.00306   0.01667   0.00304  -0.00981
   0.00399   0.01805   0.00397  -0.00910
   0.00505   0.01960   0.00503  -0.00828
   0.00623   0.02131   0.00621  -0.00736
   0.00753   0.02319   0.00751  -0.00632
   0.00896   0.02522   0.00894  -0.00518
   0.01050   0.02742   0.01048  -0.00394
   0.01217   0.02976   0.01215  -0.00258
   0.01396   0.03227   0.01394  -0.00112
   0.01588   0.03492   0.01586   0.00045
   0.01791   0.03772   0.01789   0.00212
   0.02006   0.04067   0.02004   0.00390
   0.02233   0.04376   0.02231   0.00579
   0.02473   0.04698   0.02471   0.00778
   0.02724   0.05035   0.02722   0.00987
   0.02986   0.05385   0.02984   0.01206
   0.03261   0.05748   0.03259   0.01436
   0.03547   0.06124   0.03545   0.01675
   0.03845   0.06513   0.03843   0.01924
   0.04154   0.06913   0.04152   0.02183
   0.04475   0.07326   0.04473   0.02451
   0.04807   0.07750   0.04805   0.02729
   0.05150   0.08185   0.05148   0.03016
   0.05505   0.08632   0.05503   0.03313
   0.05870   0.09089   0.05868   0.03618
   0.06247   0.09556   0.06245   0.03932
   0.06634   0.10033   0.06632   0.04255
   0.07032   0.10520   0.07030   0.04586
   0.07441   0.11016   0.07439   0.04926
   0.07861   0.11520   0.07859   0.05274
   0.08291   0.12034   0.08289   0.05629
   0.08731   0.12556   0.08729   0.05993
   0.09182   0.13085   0.09180   0.06364
   0.09643   0.13622   0.09641   0.06743
   0.10114   0.14167   0.10112   0.07129
   0.10595   0.14718   0.10593   0.07522
   0.11086   0.15275   0.11084   0.07922
   0.11586   0.15839   0.11584   0.08329
   0.12096   0.16409   0.12094   0.08742
   0.12616   0.16985   0.12614   0.09162
   0.13145   0.17565   0.13143   0.09587
   0.13683   0.18150   0.13681   0.10019
   0.14230   0.18740   0.14228   0.10457
   0.14785   0.19335   0.14783   0.10901
   0.15350   0.19933   0.15348   0.11350
   0.15924   0.20534   0.15922   0.11804
   0.16505   0.21139   0.16503   0.12264
   0.17096   0.21747   0.17094   0.12728
   0.17694   0.22358   0.17692   0.13197
   0.18300   0.22971   0.18298   0.13671
   0.18915   0.23585   0.18913   0.14150
   0.19537   0.24202   0.19535   0.14632
   0.20167   0.24820   0.20165   0.15119
   0.20804   0.25440   0.20802   0.15610
   0.21448   0.26060   0.21446   0.16104
   0.22100   0.26681   0.22098   0.16603
   0.22758   0.27303   0.22756   0.17104
   0.23423   0.27924   0.23421   0.17609
   0.24095   0.28545   0.24093   0.18118
   0.24773   0.29166   0.24771   0.18629
   0.25458   0.29787   0.25456   0.19143
   0.26149   0.30406   0.26147   0.19660
   0.26846   0.31024   0.26844   0.20179
   0.27548   0.31641   0.27546   0.20700
   0.28256   0.32256   0.28254   0.21224
   0.28969   0.32869   0.28967   0.21750
   0.29688   0.33481   0.29686   0.22278
   0.30412   0.34089   0.30410   0.22807
   0.31141   0.34695   0.31139   0.23338
   0.31874   0.35298   0.31872   0.23870
   0.32612   0.35897   0.32610   0.24402
   0.33354   0.36493   0.33352   0.24936
   0.34100   0.37086   0.34098   0.25471
   0.34851   0.37674   0.34849   0.26006
   0.35605   0.38259   0.35603   0.26541
   0.36363   0.38839   0.36361   0.27077
   0.37124   0.39415   0.37122   0.27613
   0.37888   0.39986   0.37886   0.28149
   0.38655   0.40553   0.38653   0.28684
   0.39425   0.41115   0.39423   0.29220
   0.40198   0.41671   0.40196   0.29755
   0.40973   0.42223   0.40971   0.30289
   0.41751   0.42769   0.41749   0.30823
   0.42530   0.43309   0.42528   0.31356
   0.43312   0.43844   0.43310   0.31888
   0.44095   0.44373   0.44093   0.32419
   0.44879   0.44896   0.44877   0.32948
   0.45665   0.45413   0.45663   0.33476
   0.46452   0.45924   0.46450   0.34003
   0.47240   0.46429   0.47238   0.34528
   0.48028   0.46928   0.48026   0.35051
   0.48817   0.47420   0.48815   0.35572
   0.49606   0.47905   0.49604   0.36092
   0.50396   0.48384   0.50394   0.36609
   0.51185   0.48856   0.51183   0.37124
   0.51974   0.49321   0.51972   0.37636
   0.52762   0.49779   0.52760   0.38146
   0.53550   0.50230   0.53548   0.38653
   0.54337   0.50674   0.54335   0.39158
   0.55123   0.51111   0.55121   0.39659
   0.55907   0.51540   0.55905   0.40157
   0.56690   0.51962   0.56688   0.40653
   0.57472   0.52377   0.57470   0.41145
   0.58251   0.52785   0.58249   0.41633
   0.59029   0.53185   0.59027   0.42118
   0.59804   0.53578   0.59802   0.42600
   0.60577   0.53964   0.60575   0.43078
   0.61347   0.54342   0.61345   0.43552
   0.62114   0.54713   0.62112   0.44023
   0.62878   0.55076   0.62876   0.44489
   0.63639   0.55432   0.63637   0.44952
   0.64397   0.55781   0.64395   0.45410
   0.65151   0.56122   0.65149   0.45865
   0.65902   0.56456   0.65900   0.46315
   0.66648   0.56783   0.66646   0.46761
   0.67390   0.57102   0.67388   0.47202
   0.68128   0.57414   0.68126   0.47639
   0.68861   0.57719   0.68859   0.48072
   0.69590   0.58017   0.69588   0.48499
   0.70314   0.58307   0.70312   0.48923
   0.71033   0.58590   0.71030   0.49341
   0.71746   0.58867   0.71744   0.49755
   0.72454   0.59136   0.72452   0.50164
   0.73156   0.59399   0.73154   0.50568
   0.73853   0.59654   0.73851   0.50966
   0.74544   0.59903   0.74542   0.51360
   0.75229   0.60145   0.75227   0.51749
   0.75907   0.60380   0.75905   0.52133
   0.76579   0.60609   0.76577   0.52512
   0.77244   0.60832   0.77242   0.52885
   0.77902   0.61048   0.77900   0.53253
   0.78554   0.61257   0.78552   0.53616
   0.79198   0.61461   0.79196   0.53973
   0.79835   0.61658   0.79833   0.54325
   0.80465   0.61849   0.80463   0.54672
   0.81087   0.62034   0.81085   0.55013
   0.81702   0.62214   0.81700   0.55348
   0.82308   0.62387   0.82306   0.55678
   0.82906   0.62555   0.82904   0.56003
   0.83497   0.62718   0.83495   0.56322
   0.84078   0.62875   0.84076   0.56635
   0.84652   0.63026   0.84650   0.56942
   0.85217   0.63172   0.85215   0.57244
   0.85772   0.63314   0.85770   0.57540
   0.86319   0.63450   0.86317   0.57831
   0.86857   0.63581   0.86855   0.58115
   0.87386   0.63707   0.87384   0.58394
   0.87906   0.63829   0.87904   0.58667
   0.88416   0.63946   0.88414   0.58934
   0.88916   0.64058   0.88914   0.59195
   0.89407   0.64166   0.89405   0.59451
   0.89888   0.64270   0.89886   0.59700
   0.90359   0.64369   0.90357   0.59944
   0.90820   0.64465   0.90818   0.60181
   0.91271   0.64556   0.91269   0.60413
   0.91711   0.64644   0.91709   0.60639
   0.92141   0.64727   0.92139   0.60859
   0.92561   0.64807   0.92559   0.61073
   0.92970   0.64884   0.92968   0.61281
   0.93368   0.64957   0.93366   0.61483
   0.93755   0.65027   0.93753   0.61679
   0.94132   0.65093   0.94130   0.61869
   0.94497   0.65157   0.94495   0.62053
   0.94852   0.65217   0.94850   0.62231
   0.95195   0.65274   0.95193   0.62403
   0.95527   0.65328   0.95525   0.62569
   0.95848   0.65380   0.95846   0.62728
   0.96157   0.65429   0.96155   0.62882
   0.96455   0.65475   0.96453   0.63030
   0.96741   0.65518   0.96739   0.63172
   0.97016   0.65560   0.97014   0.63308
   0.97278   0.65598   0.97276   0.63438
   0.97529   0.65635   0.97527   0.63561
   0.97769   0.65669   0.97767   0.63679
   0.97996   0.65701   0.97994   0.63791
   0.98211   0.65731   0.98209   0.63896
   0.98414   0.65759   0.98412   0.63996
   0.98606   0.65784   0.98604   0.64089
   0.98785   0.65808   0.98783   0.64177
   0.98952   0.65830   0.98950   0.64258
   0.99106   0.65851   0.99104   0.64334
   0.99249   0.65869   0.99247   0.64403
   0.99379   0.65886   0.99377   0.64467
   0.99497   0.65901   0.99495   0.64524
   0.99603   0.65914   0.99601   0.64575
   0.99696   0.65926   0.99694   0.64621
   0.99777   0.65936   0.99775   0.64660
   0.99845   0.65944   0.99843   0.64693
   0.99901   0.65951   0.99899   0.64720
   0.99945   0.65956   0.99943   0.64741
   0.99976   0.65960   0.99974   0.64756
   0.99995   0.65962   0.99993   0.64765
   1.00001   0.65963   0.99999   0.64768

XIN,   MODIFIED LEADING EDGE THICKNESS     0.00000     0.00000
XIN,   MODIFIED LEADING EDGE THICKNESS     0.00006     0.09653
XIN,   MODIFIED LEADING EDGE THICKNESS     0.00025     0.19214
XIN,   MODIFIED LEADING EDGE THICKNESS     0.00056     0.28594
XIN,   MODIFIED LEADING EDGE THICKNESS     0.00100     0.37704
XIN,   MODIFIED LEADING EDGE THICKNESS     0.00156     0.46456
XIN,   MODIFIED LEADING EDGE THICKNESS     0.00224     0.54766
XIN,   MODIFIED LEADING EDGE THICKNESS     0.00305     0.62551
XIN,   MODIFIED LEADING EDGE THICKNESS     0.00398     0.69735
XIN,   MODIFIED LEADING EDGE THICKNESS     0.00504     0.76246
XIN,   MODIFIED LEADING EDGE THICKNESS     0.00622     0.82022
XIN,   MODIFIED LEADING EDGE THICKNESS     0.00752     0.87008
XIN,   MODIFIED LEADING EDGE THICKNESS     0.00895     0.91166
XIN,   MODIFIED LEADING EDGE THICKNESS     0.01049     0.94477
XIN,   MODIFIED LEADING EDGE THICKNESS     0.01216     0.96944
XIN,   MODIFIED LEADING EDGE THICKNESS     0.01395     0.98609
XIN,   MODIFIED LEADING EDGE THICKNESS     0.01587     0.99557
XIN,   MODIFIED LEADING EDGE THICKNESS     0.01790     0.99942
 XIN,   MODIFIED TRAILING EDGE THICKNESS     0.99105     0.99442
 XIN,   MODIFIED TRAILING EDGE THICKNESS     0.99248     0.96876
 XIN,   MODIFIED TRAILING EDGE THICKNESS     0.99378     0.92571
 XIN,   MODIFIED TRAILING EDGE THICKNESS     0.99496     0.86823
 XIN,   MODIFIED TRAILING EDGE THICKNESS     0.99602     0.79867
 XIN,   MODIFIED TRAILING EDGE THICKNESS     0.99695     0.71900
 XIN,   MODIFIED TRAILING EDGE THICKNESS     0.99776     0.63090
 XIN,   MODIFIED TRAILING EDGE THICKNESS     0.99844     0.53585
 XIN,   MODIFIED TRAILING EDGE THICKNESS     0.99900     0.43519
 XIN,   MODIFIED TRAILING EDGE THICKNESS     0.99944     0.33013
 XIN,   MODIFIED TRAILING EDGE THICKNESS     0.99975     0.22186
 XIN,   MODIFIED TRAILING EDGE THICKNESS     0.99994     0.11149
 XIN,   MODIFIED TRAILING EDGE THICKNESS     1.00000     0.00000

  POINTS NEARLY PERPENDICULAR TO THE CENTRE LINE BEFORE THINNING 
        N        XUPP      YUPP        XLOW        YLOW 
         1    -0.00457     0.00405     0.00731    -0.00648
         2    -0.00452     0.00414     0.00738    -0.00642
         3    -0.00438     0.00439     0.00761    -0.00625
         4    -0.00414     0.00480     0.00798    -0.00595
         5    -0.00380     0.00538     0.00849    -0.00554
         6    -0.00336     0.00613     0.00916    -0.00500
         7    -0.00284     0.00704     0.00997    -0.00435
         8    -0.00221     0.00812     0.01092    -0.00358
         9    -0.00149     0.00936     0.01202    -0.00269
        10    -0.00068     0.01076     0.01325    -0.00168
        11     0.00023     0.01233     0.01463    -0.00055
        12     0.00130     0.01401     0.01615     0.00069
        13     0.00249     0.01582     0.01781     0.00206
        14     0.00380     0.01776     0.01960     0.00354
        15     0.00522     0.01985     0.02153     0.00514
        16     0.00676     0.02208     0.02359     0.00685
        17     0.00841     0.02444     0.02579     0.00868
        18     0.01017     0.02694     0.02812     0.01062
        19     0.01205     0.02958     0.03058     0.01268
        20     0.01403     0.03236     0.03317     0.01484
        21     0.01613     0.03527     0.03589     0.01712
        22     0.01834     0.03830     0.03874     0.01950
        23     0.02065     0.04147     0.04171     0.02199
        24     0.02308     0.04476     0.04481     0.02458
        25     0.02561     0.04817     0.04803     0.02728
        26     0.02826     0.05171     0.05138     0.03008
        27     0.03101     0.05536     0.05484     0.03297
        28     0.03387     0.05914     0.05843     0.03597
        29     0.03684     0.06303     0.06213     0.03905
        30     0.03992     0.06703     0.06595     0.04224
        31     0.04310     0.07114     0.06988     0.04551
        32     0.04639     0.07535     0.07393     0.04887
        33     0.04979     0.07968     0.07810     0.05232
        34     0.05329     0.08410     0.08237     0.05586
        35     0.05690     0.08862     0.08675     0.05948
        36     0.06061     0.09324     0.09124     0.06318
        37     0.06442     0.09796     0.09584     0.06695
        38     0.06834     0.10276     0.10054     0.07081
        39     0.07236     0.10766     0.10534     0.07473
        40     0.07648     0.11263     0.11025     0.07873
        41     0.08070     0.11769     0.11526     0.08280
        42     0.08502     0.12283     0.12036     0.08694
        43     0.08944     0.12805     0.12556     0.09115
        44     0.09396     0.13334     0.13086     0.09541
        45     0.09858     0.13870     0.13625     0.09974
        46     0.10330     0.14413     0.14173     0.10413
        47     0.10811     0.14962     0.14730     0.10857
        48     0.11301     0.15518     0.15295     0.11307
        49     0.11801     0.16079     0.15870     0.11762
        50     0.12311     0.16646     0.16453     0.12223
        51     0.12830     0.17219     0.17044     0.12688
        52     0.13357     0.17796     0.17643     0.13158
        53     0.13894     0.18379     0.18250     0.13633
        54     0.14440     0.18965     0.18865     0.14111
        55     0.14995     0.19556     0.19487     0.14594
        56     0.15559     0.20151     0.20117     0.15081
        57     0.16131     0.20749     0.20753     0.15572
        58     0.16711     0.21351     0.21397     0.16066
        59     0.17300     0.21956     0.22048     0.16564
        60     0.17898     0.22563     0.22705     0.17065
        61     0.18503     0.23173     0.23369     0.17569
        62     0.19117     0.23785     0.24038     0.18075
        63     0.19738     0.24400     0.24714     0.18585
        64     0.20367     0.25015     0.25396     0.19097
        65     0.21004     0.25633     0.26084     0.19611
        66     0.21649     0.26251     0.26776     0.20128
        67     0.22300     0.26871     0.27475     0.20647
        68     0.22959     0.27491     0.28178     0.21167
        69     0.23626     0.28111     0.28886     0.21690
        70     0.24299     0.28731     0.29599     0.22213
        71     0.24979     0.29352     0.30317     0.22739
        72     0.25665     0.29972     0.31039     0.23265
        73     0.26358     0.30591     0.31766     0.23792
        74     0.27058     0.31211     0.32496     0.24319
        75     0.27764     0.31829     0.33229     0.24847
        76     0.28476     0.32445     0.33967     0.25376
        77     0.29194     0.33060     0.34707     0.25904
        78     0.29918     0.33673     0.35451     0.26433
        79     0.30647     0.34284     0.36198     0.26961
        80     0.31382     0.34892     0.36947     0.27490
        81     0.32121     0.35498     0.37700     0.28018
        82     0.32866     0.36101     0.38454     0.28545
        83     0.33616     0.36701     0.39211     0.29072
        84     0.34371     0.37297     0.39970     0.29598
        85     0.35129     0.37890     0.40731     0.30123
        86     0.35893     0.38479     0.41494     0.30648
        87     0.36660     0.39064     0.42259     0.31171
        88     0.37432     0.39645     0.43024     0.31693
        89     0.38207     0.40221     0.43791     0.32214
        90     0.38985     0.40793     0.44559     0.32733
        91     0.39768     0.41360     0.45328     0.33250
        92     0.40553     0.41923     0.46097     0.33766
        93     0.41341     0.42480     0.46867     0.34280
        94     0.42132     0.43032     0.47637     0.34792
        95     0.42926     0.43579     0.48407     0.35303
        96     0.43722     0.44120     0.49177     0.35810
        97     0.44520     0.44656     0.49947     0.36316
        98     0.45320     0.45185     0.50717     0.36820
        99     0.46122     0.45709     0.51486     0.37320
       100     0.46925     0.46226     0.52254     0.37819
       101     0.47730     0.46738     0.53021     0.38314
       102     0.48536     0.47243     0.53787     0.38807
       103     0.49343     0.47742     0.54552     0.39296
       104     0.50151     0.48234     0.55315     0.39782
       105     0.50959     0.48719     0.56077     0.40266
       106     0.51767     0.49197     0.56837     0.40746
       107     0.52575     0.49668     0.57595     0.41223
       108     0.53384     0.50133     0.58350     0.41696
       109     0.54191     0.50589     0.59104     0.42166
       110     0.54998     0.51039     0.59855     0.42633
       111     0.55804     0.51481     0.60604     0.43096
       112     0.56609     0.51916     0.61350     0.43555
       113     0.57413     0.52344     0.62093     0.44010
       114     0.58215     0.52763     0.62833     0.44462
       115     0.59015     0.53176     0.63569     0.44910
       116     0.59813     0.53583     0.64303     0.45354
       117     0.60609     0.53980     0.65033     0.45794
       118     0.61403     0.54369     0.65759     0.46230
       119     0.62194     0.54751     0.66481     0.46662
       120     0.62981     0.55125     0.67200     0.47089
       121     0.63766     0.55491     0.67914     0.47513
       122     0.64547     0.55849     0.68624     0.47932
       123     0.65325     0.56199     0.69329     0.48347
       124     0.66099     0.56542     0.70030     0.48758
       125     0.66868     0.56877     0.70727     0.49164
       126     0.67634     0.57205     0.71418     0.49566
       127     0.68394     0.57524     0.72105     0.49963
       128     0.69150     0.57837     0.72786     0.50355
       129     0.69901     0.58141     0.73462     0.50743
       130     0.70647     0.58438     0.74132     0.51127
       131     0.71388     0.58727     0.74797     0.51505
       132     0.72123     0.59009     0.75456     0.51879
       133     0.72852     0.59284     0.76109     0.52248
       134     0.73574     0.59551     0.76757     0.52613
       135     0.74291     0.59811     0.77398     0.52972
       136     0.75001     0.60064     0.78033     0.53327
       137     0.75705     0.60309     0.78661     0.53676
       138     0.76401     0.60548     0.79283     0.54021
       139     0.77091     0.60779     0.79898     0.54361
       140     0.77773     0.61004     0.80506     0.54695
       141     0.78448     0.61222     0.81107     0.55025
       142     0.79115     0.61433     0.81701     0.55349
       143     0.79774     0.61638     0.82288     0.55668
       144     0.80426     0.61836     0.82868     0.55982
       145     0.81069     0.62027     0.83440     0.56292
       146     0.81703     0.62214     0.84004     0.56596
       147     0.82329     0.62393     0.84561     0.56894
       148     0.82947     0.62566     0.85110     0.57188
       149     0.83555     0.62734     0.85650     0.57476
       150     0.84154     0.62895     0.86183     0.57759
       151     0.84745     0.63050     0.86707     0.58036
       152     0.85325     0.63200     0.87223     0.58309
       153     0.85896     0.63344     0.87730     0.58576
       154     0.86458     0.63483     0.88229     0.58837
       155     0.87009     0.63617     0.88719     0.59093
       156     0.87550     0.63745     0.89200     0.59344
       157     0.88082     0.63869     0.89673     0.59589
       158     0.88602     0.63987     0.90136     0.59829
       159     0.89113     0.64101     0.90589     0.60064
       160     0.89613     0.64210     0.91034     0.60293
       161     0.90102     0.64315     0.91469     0.60516
       162     0.90580     0.64415     0.91895     0.60734
       163     0.91048     0.64511     0.92311     0.60946
       164     0.91504     0.64602     0.92717     0.61153
       165     0.91949     0.64690     0.93113     0.61355
       166     0.92383     0.64773     0.93500     0.61550
       167     0.92805     0.64853     0.93876     0.61741
       168     0.93216     0.64929     0.94242     0.61925
       169     0.93615     0.65001     0.94598     0.62104
       170     0.94002     0.65070     0.94944     0.62278
       171     0.94378     0.65136     0.95279     0.62445
       172     0.94742     0.65198     0.95604     0.62608
       173     0.95094     0.65257     0.95918     0.62764
       174     0.95433     0.65313     0.96221     0.62915
       175     0.95761     0.65366     0.96514     0.63060
       176     0.96076     0.65416     0.96796     0.63200
       177     0.96379     0.65463     0.97067     0.63334
       178     0.96669     0.65507     0.97327     0.63462
       179     0.96948     0.65549     0.97576     0.63585
       180     0.97213     0.65588     0.97814     0.63702
       181     0.97466     0.65625     0.98040     0.63813
       182     0.97706     0.65660     0.98256     0.63919
       183     0.97934     0.65692     0.98460     0.64019
       184     0.98149     0.65722     0.98652     0.64113
       185     0.98351     0.65750     0.98834     0.64202
       186     0.98541     0.65776     0.99004     0.64285
       187     0.98717     0.65799     0.99162     0.64362
       188     0.98881     0.65821     0.99309     0.64433
       189     0.99031     0.65841     0.99444     0.64499
       190     0.99169     0.65859     0.99568     0.64559
       191     0.99293     0.65875     0.99679     0.64613
       192     0.99405     0.65889     0.99780     0.64662
       193     0.99503     0.65901     0.99868     0.64705
       194     0.99589     0.65912     0.99945     0.64742
       195     0.99661     0.65921     1.00010     0.64774
       196     0.99720     0.65929     1.00063     0.64799
       197     0.99766     0.65934     1.00104     0.64819
       198     0.99799     0.65938     1.00134     0.64834
       199     0.99819     0.65941     1.00152     0.64842
       200     0.99826     0.65942     1.00158     0.64845
  COORDINATES GOING ROUND THE BLADE AFTER ANY ROTATION
     N        XSURF        YSURF 
         1     0.00108    -0.00096
         2     0.00086    -0.00063
         3     0.00046     0.00009
         4     0.00019     0.00096
         5     0.00003     0.00198
         6    -0.00001     0.00315
         7     0.00006     0.00446
         8     0.00025     0.00593
         9     0.00055     0.00754
        10     0.00098     0.00929
        11     0.00153     0.01117
        12     0.00226     0.01314
        13     0.00317     0.01521
        14     0.00424     0.01737
        15     0.00547     0.01963
        16     0.00688     0.02197
        17     0.00845     0.02441
        18     0.01018     0.02694
        19     0.01205     0.02958
        20     0.01403     0.03236
        21     0.01613     0.03527
        22     0.01834     0.03830
        23     0.02065     0.04147
        24     0.02308     0.04476
        25     0.02561     0.04817
        26     0.02826     0.05171
        27     0.03101     0.05536
        28     0.03387     0.05914
        29     0.03684     0.06303
        30     0.03992     0.06703
        31     0.04310     0.07114
        32     0.04639     0.07535
        33     0.04979     0.07968
        34     0.05329     0.08410
        35     0.05690     0.08862
        36     0.06061     0.09324
        37     0.06442     0.09796
        38     0.06834     0.10276
        39     0.07236     0.10766
        40     0.07648     0.11263
        41     0.08070     0.11769
        42     0.08502     0.12283
        43     0.08944     0.12805
        44     0.09396     0.13334
        45     0.09858     0.13870
        46     0.10330     0.14413
        47     0.10811     0.14962
        48     0.11301     0.15518
        49     0.11801     0.16079
        50     0.12311     0.16646
        51     0.12830     0.17219
        52     0.13357     0.17796
        53     0.13894     0.18379
        54     0.14440     0.18965
        55     0.14995     0.19556
        56     0.15559     0.20151
        57     0.16131     0.20749
        58     0.16711     0.21351
        59     0.17300     0.21956
        60     0.17898     0.22563
        61     0.18503     0.23173
        62     0.19117     0.23785
        63     0.19738     0.24400
        64     0.20367     0.25015
        65     0.21004     0.25633
        66     0.21649     0.26251
        67     0.22300     0.26871
        68     0.22959     0.27491
        69     0.23626     0.28111
        70     0.24299     0.28731
        71     0.24979     0.29352
        72     0.25665     0.29972
        73     0.26358     0.30591
        74     0.27058     0.31211
        75     0.27764     0.31829
        76     0.28476     0.32445
        77     0.29194     0.33060
        78     0.29918     0.33673
        79     0.30647     0.34284
        80     0.31382     0.34892
        81     0.32121     0.35498
        82     0.32866     0.36101
        83     0.33616     0.36701
        84     0.34371     0.37297
        85     0.35129     0.37890
        86     0.35893     0.38479
        87     0.36660     0.39064
        88     0.37432     0.39645
        89     0.38207     0.40221
        90     0.38985     0.40793
        91     0.39768     0.41360
        92     0.40553     0.41923
        93     0.41341     0.42480
        94     0.42132     0.43032
        95     0.42926     0.43579
        96     0.43722     0.44120
        97     0.44520     0.44656
        98     0.45320     0.45185
        99     0.46122     0.45709
       100     0.46925     0.46226
       101     0.47730     0.46738
       102     0.48536     0.47243
       103     0.49343     0.47742
       104     0.50151     0.48234
       105     0.50959     0.48719
       106     0.51767     0.49197
       107     0.52575     0.49668
       108     0.53384     0.50133
       109     0.54191     0.50589
       110     0.54998     0.51039
       111     0.55804     0.51481
       112     0.56609     0.51916
       113     0.57413     0.52344
       114     0.58215     0.52763
       115     0.59015     0.53176
       116     0.59813     0.53583
       117     0.60609     0.53980
       118     0.61403     0.54369
       119     0.62194     0.54751
       120     0.62981     0.55125
       121     0.63766     0.55491
       122     0.64547     0.55849
       123     0.65325     0.56199
       124     0.66099     0.56542
       125     0.66868     0.56877
       126     0.67634     0.57205
       127     0.68394     0.57524
       128     0.69150     0.57837
       129     0.69901     0.58141
       130     0.70647     0.58438
       131     0.71388     0.58727
       132     0.72123     0.59009
       133     0.72852     0.59284
       134     0.73574     0.59551
       135     0.74291     0.59811
       136     0.75001     0.60064
       137     0.75705     0.60309
       138     0.76401     0.60548
       139     0.77091     0.60779
       140     0.77773     0.61004
       141     0.78448     0.61222
       142     0.79115     0.61433
       143     0.79774     0.61638
       144     0.80426     0.61836
       145     0.81069     0.62027
       146     0.81703     0.62214
       147     0.82329     0.62393
       148     0.82947     0.62566
       149     0.83555     0.62734
       150     0.84154     0.62895
       151     0.84745     0.63050
       152     0.85325     0.63200
       153     0.85896     0.63344
       154     0.86458     0.63483
       155     0.87009     0.63617
       156     0.87550     0.63745
       157     0.88082     0.63869
       158     0.88602     0.63987
       159     0.89113     0.64101
       160     0.89613     0.64210
       161     0.90102     0.64315
       162     0.90580     0.64415
       163     0.91048     0.64511
       164     0.91504     0.64602
       165     0.91949     0.64690
       166     0.92383     0.64773
       167     0.92805     0.64853
       168     0.93216     0.64929
       169     0.93615     0.65001
       170     0.94002     0.65070
       171     0.94378     0.65136
       172     0.94742     0.65198
       173     0.95094     0.65257
       174     0.95433     0.65313
       175     0.95761     0.65366
       176     0.96076     0.65416
       177     0.96379     0.65463
       178     0.96669     0.65507
       179     0.96948     0.65549
       180     0.97213     0.65588
       181     0.97466     0.65625
       182     0.97706     0.65660
       183     0.97934     0.65692
       184     0.98149     0.65722
       185     0.98351     0.65750
       186     0.98541     0.65776
       187     0.98717     0.65799
       188     0.98882     0.65817
       189     0.99038     0.65820
       190     0.99184     0.65810
       191     0.99319     0.65792
       192     0.99443     0.65765
       193     0.99555     0.65733
       194     0.99655     0.65696
       195     0.99742     0.65655
       196     0.99817     0.65610
       197     0.99880     0.65561
       198     0.99929     0.65509
       199     0.99967     0.65453
       200     0.99982     0.65424
       201     1.00001     0.65363
       202     1.00004     0.65330
       203     1.00004     0.65264
       204     0.99991     0.65193
       205     0.99966     0.65118
       206     0.99929     0.65040
       207     0.99879     0.64958
       208     0.99817     0.64873
       209     0.99742     0.64786
       210     0.99654     0.64697
       211     0.99553     0.64607
       212     0.99438     0.64520
       213     0.99308     0.64437
       214     0.99162     0.64362
       215     0.99004     0.64285
       216     0.98834     0.64202
       217     0.98652     0.64113
       218     0.98460     0.64019
       219     0.98256     0.63919
       220     0.98040     0.63813
       221     0.97814     0.63702
       222     0.97576     0.63585
       223     0.97327     0.63462
       224     0.97067     0.63334
       225     0.96796     0.63200
       226     0.96514     0.63060
       227     0.96221     0.62915
       228     0.95918     0.62764
       229     0.95604     0.62608
       230     0.95279     0.62445
       231     0.94944     0.62278
       232     0.94598     0.62104
       233     0.94242     0.61925
       234     0.93876     0.61741
       235     0.93500     0.61550
       236     0.93113     0.61355
       237     0.92717     0.61153
       238     0.92311     0.60946
       239     0.91895     0.60734
       240     0.91469     0.60516
       241     0.91034     0.60293
       242     0.90589     0.60064
       243     0.90136     0.59829
       244     0.89673     0.59589
       245     0.89200     0.59344
       246     0.88719     0.59093
       247     0.88229     0.58837
       248     0.87730     0.58576
       249     0.87223     0.58309
       250     0.86707     0.58036
       251     0.86183     0.57759
       252     0.85650     0.57476
       253     0.85110     0.57188
       254     0.84561     0.56894
       255     0.84004     0.56596
       256     0.83440     0.56292
       257     0.82868     0.55982
       258     0.82288     0.55668
       259     0.81701     0.55349
       260     0.81107     0.55025
       261     0.80506     0.54695
       262     0.79898     0.54361
       263     0.79283     0.54021
       264     0.78661     0.53676
       265     0.78033     0.53327
       266     0.77398     0.52972
       267     0.76757     0.52613
       268     0.76109     0.52248
       269     0.75456     0.51879
       270     0.74797     0.51505
       271     0.74132     0.51127
       272     0.73462     0.50743
       273     0.72786     0.50355
       274     0.72105     0.49963
       275     0.71418     0.49566
       276     0.70727     0.49164
       277     0.70030     0.48758
       278     0.69329     0.48347
       279     0.68624     0.47932
       280     0.67914     0.47513
       281     0.67200     0.47089
       282     0.66481     0.46662
       283     0.65759     0.46230
       284     0.65033     0.45794
       285     0.64303     0.45354
       286     0.63569     0.44910
       287     0.62833     0.44462
       288     0.62093     0.44010
       289     0.61350     0.43555
       290     0.60604     0.43096
       291     0.59855     0.42633
       292     0.59104     0.42166
       293     0.58350     0.41696
       294     0.57595     0.41223
       295     0.56837     0.40746
       296     0.56077     0.40266
       297     0.55315     0.39782
       298     0.54552     0.39296
       299     0.53787     0.38807
       300     0.53021     0.38314
       301     0.52254     0.37819
       302     0.51486     0.37320
       303     0.50717     0.36820
       304     0.49947     0.36316
       305     0.49177     0.35810
       306     0.48407     0.35303
       307     0.47637     0.34792
       308     0.46867     0.34280
       309     0.46097     0.33766
       310     0.45328     0.33250
       311     0.44559     0.32733
       312     0.43791     0.32214
       313     0.43024     0.31693
       314     0.42259     0.31171
       315     0.41494     0.30648
       316     0.40731     0.30123
       317     0.39970     0.29598
       318     0.39211     0.29072
       319     0.38454     0.28545
       320     0.37700     0.28018
       321     0.36947     0.27490
       322     0.36198     0.26961
       323     0.35451     0.26433
       324     0.34707     0.25904
       325     0.33967     0.25376
       326     0.33229     0.24847
       327     0.32496     0.24319
       328     0.31766     0.23792
       329     0.31039     0.23265
       330     0.30317     0.22739
       331     0.29599     0.22213
       332     0.28886     0.21690
       333     0.28178     0.21167
       334     0.27475     0.20647
       335     0.26776     0.20128
       336     0.26084     0.19611
       337     0.25396     0.19097
       338     0.24714     0.18585
       339     0.24038     0.18075
       340     0.23369     0.17569
       341     0.22705     0.17065
       342     0.22048     0.16564
       343     0.21397     0.16066
       344     0.20753     0.15572
       345     0.20117     0.15081
       346     0.19487     0.14594
       347     0.18865     0.14111
       348     0.18250     0.13633
       349     0.17643     0.13158
       350     0.17044     0.12688
       351     0.16453     0.12223
       352     0.15870     0.11762
       353     0.15295     0.11307
       354     0.14730     0.10857
       355     0.14173     0.10413
       356     0.13625     0.09974
       357     0.13086     0.09541
       358     0.12556     0.09115
       359     0.12036     0.08694
       360     0.11526     0.08280
       361     0.11025     0.07873
       362     0.10534     0.07473
       363     0.10054     0.07081
       364     0.09584     0.06695
       365     0.09124     0.06318
       366     0.08675     0.05948
       367     0.08237     0.05586
       368     0.07810     0.05232
       369     0.07393     0.04887
       370     0.06988     0.04551
       371     0.06595     0.04224
       372     0.06213     0.03905
       373     0.05843     0.03597
       374     0.05484     0.03297
       375     0.05138     0.03008
       376     0.04803     0.02728
       377     0.04481     0.02458
       378     0.04171     0.02199
       379     0.03874     0.01950
       380     0.03589     0.01712
       381     0.03317     0.01484
       382     0.03058     0.01268
       383     0.02812     0.01063
       384     0.02575     0.00872
       385     0.02348     0.00696
       386     0.02128     0.00536
       387     0.01916     0.00393
       388     0.01713     0.00267
       389     0.01519     0.00156
       390     0.01334     0.00060
       391     0.01160    -0.00020
       392     0.00997    -0.00086
       393     0.00846    -0.00139
       394     0.00707    -0.00177
       395     0.00580    -0.00202
       396     0.00466    -0.00213
       397     0.00365    -0.00211
       398     0.00277    -0.00195
       399     0.00201    -0.00165
       400     0.00166    -0.00147
  LEADING EDGE POINT =            6  TE POINT =         202

  NO OF SUCT S POINTS         197  NO PRESS S POINTS         205
  XMIN,XMAX, XCHORD    -1.25307124E-05   1.00003910       1.00005162    

   SUCTION SURFACE POINTS FROM LE TO TE.
         1    -0.00001     0.00315
         2     0.00006     0.00446
         3     0.00025     0.00593
         4     0.00055     0.00754
         5     0.00098     0.00929
         6     0.00153     0.01117
         7     0.00226     0.01314
         8     0.00317     0.01521
         9     0.00424     0.01737
        10     0.00547     0.01963
        11     0.00688     0.02197
        12     0.00845     0.02441
        13     0.01018     0.02694
        14     0.01205     0.02958
        15     0.01403     0.03236
        16     0.01613     0.03527
        17     0.01834     0.03830
        18     0.02065     0.04147
        19     0.02308     0.04476
        20     0.02561     0.04817
        21     0.02826     0.05171
        22     0.03101     0.05536
        23     0.03387     0.05914
        24     0.03684     0.06303
        25     0.03992     0.06703
        26     0.04310     0.07114
        27     0.04639     0.07535
        28     0.04979     0.07968
        29     0.05329     0.08410
        30     0.05690     0.08862
        31     0.06061     0.09324
        32     0.06442     0.09796
        33     0.06834     0.10276
        34     0.07236     0.10766
        35     0.07648     0.11263
        36     0.08070     0.11769
        37     0.08502     0.12283
        38     0.08944     0.12805
        39     0.09396     0.13334
        40     0.09858     0.13870
        41     0.10330     0.14413
        42     0.10811     0.14962
        43     0.11301     0.15518
        44     0.11801     0.16079
        45     0.12311     0.16646
        46     0.12830     0.17219
        47     0.13357     0.17796
        48     0.13894     0.18379
        49     0.14440     0.18965
        50     0.14995     0.19556
        51     0.15559     0.20151
        52     0.16131     0.20749
        53     0.16711     0.21351
        54     0.17300     0.21956
        55     0.17898     0.22563
        56     0.18503     0.23173
        57     0.19117     0.23785
        58     0.19738     0.24400
        59     0.20367     0.25015
        60     0.21004     0.25633
        61     0.21649     0.26251
        62     0.22300     0.26871
        63     0.22959     0.27491
        64     0.23626     0.28111
        65     0.24299     0.28731
        66     0.24979     0.29352
        67     0.25665     0.29972
        68     0.26358     0.30591
        69     0.27058     0.31211
        70     0.27764     0.31829
        71     0.28476     0.32445
        72     0.29194     0.33060
        73     0.29918     0.33673
        74     0.30647     0.34284
        75     0.31382     0.34892
        76     0.32121     0.35498
        77     0.32866     0.36101
        78     0.33616     0.36701
        79     0.34371     0.37297
        80     0.35129     0.37890
        81     0.35893     0.38479
        82     0.36660     0.39064
        83     0.37432     0.39645
        84     0.38207     0.40221
        85     0.38985     0.40793
        86     0.39768     0.41360
        87     0.40553     0.41923
        88     0.41341     0.42480
        89     0.42132     0.43032
        90     0.42926     0.43579
        91     0.43722     0.44120
        92     0.44520     0.44656
        93     0.45320     0.45185
        94     0.46122     0.45709
        95     0.46925     0.46226
        96     0.47730     0.46738
        97     0.48536     0.47243
        98     0.49343     0.47742
        99     0.50151     0.48234
       100     0.50959     0.48719
       101     0.51767     0.49197
       102     0.52575     0.49668
       103     0.53384     0.50133
       104     0.54191     0.50589
       105     0.54998     0.51039
       106     0.55804     0.51481
       107     0.56609     0.51916
       108     0.57413     0.52344
       109     0.58215     0.52763
       110     0.59015     0.53176
       111     0.59813     0.53583
       112     0.60609     0.53980
       113     0.61403     0.54369
       114     0.62194     0.54751
       115     0.62981     0.55125
       116     0.63766     0.55491
       117     0.64547     0.55849
       118     0.65325     0.56199
       119     0.66099     0.56542
       120     0.66868     0.56877
       121     0.67634     0.57205
       122     0.68394     0.57524
       123     0.69150     0.57837
       124     0.69901     0.58141
       125     0.70647     0.58438
       126     0.71388     0.58727
       127     0.72123     0.59009
       128     0.72852     0.59284
       129     0.73574     0.59551
       130     0.74291     0.59811
       131     0.75001     0.60064
       132     0.75705     0.60309
       133     0.76401     0.60548
       134     0.77091     0.60779
       135     0.77773     0.61004
       136     0.78448     0.61222
       137     0.79115     0.61433
       138     0.79774     0.61638
       139     0.80426     0.61836
       140     0.81069     0.62027
       141     0.81703     0.62214
       142     0.82329     0.62393
       143     0.82947     0.62566
       144     0.83555     0.62734
       145     0.84154     0.62895
       146     0.84745     0.63050
       147     0.85325     0.63200
       148     0.85896     0.63344
       149     0.86458     0.63483
       150     0.87009     0.63617
       151     0.87550     0.63745
       152     0.88082     0.63869
       153     0.88602     0.63987
       154     0.89113     0.64101
       155     0.89613     0.64210
       156     0.90102     0.64315
       157     0.90580     0.64415
       158     0.91048     0.64511
       159     0.91504     0.64602
       160     0.91949     0.64690
       161     0.92383     0.64773
       162     0.92805     0.64853
       163     0.93216     0.64929
       164     0.93615     0.65001
       165     0.94002     0.65070
       166     0.94378     0.65136
       167     0.94742     0.65198
       168     0.95094     0.65257
       169     0.95433     0.65313
       170     0.95761     0.65366
       171     0.96076     0.65416
       172     0.96379     0.65463
       173     0.96669     0.65507
       174     0.96948     0.65549
       175     0.97213     0.65588
       176     0.97466     0.65625
       177     0.97706     0.65660
       178     0.97934     0.65692
       179     0.98149     0.65722
       180     0.98351     0.65750
       181     0.98541     0.65776
       182     0.98717     0.65799
       183     0.98882     0.65817
       184     0.99038     0.65820
       185     0.99184     0.65810
       186     0.99319     0.65792
       187     0.99443     0.65765
       188     0.99555     0.65733
       189     0.99655     0.65696
       190     0.99742     0.65655
       191     0.99817     0.65610
       192     0.99880     0.65561
       193     0.99929     0.65509
       194     0.99967     0.65453
       195     0.99982     0.65424
       196     1.00001     0.65363
       197     1.00004     0.65330

   PRESSURE SURFACE POINTS FROM LE TO TE.
         1    -0.00001     0.00315
         2     0.00003     0.00198
         3     0.00019     0.00096
         4     0.00046     0.00009
         5     0.00086    -0.00063
         6     0.00108    -0.00096
         7     0.00166    -0.00147
         8     0.00201    -0.00165
         9     0.00277    -0.00195
        10     0.00365    -0.00211
        11     0.00466    -0.00213
        12     0.00580    -0.00202
        13     0.00707    -0.00177
        14     0.00846    -0.00139
        15     0.00997    -0.00086
        16     0.01160    -0.00020
        17     0.01334     0.00060
        18     0.01519     0.00156
        19     0.01713     0.00267
        20     0.01916     0.00393
        21     0.02128     0.00536
        22     0.02348     0.00696
        23     0.02575     0.00872
        24     0.02812     0.01063
        25     0.03058     0.01268
        26     0.03317     0.01484
        27     0.03589     0.01712
        28     0.03874     0.01950
        29     0.04171     0.02199
        30     0.04481     0.02458
        31     0.04803     0.02728
        32     0.05138     0.03008
        33     0.05484     0.03297
        34     0.05843     0.03597
        35     0.06213     0.03905
        36     0.06595     0.04224
        37     0.06988     0.04551
        38     0.07393     0.04887
        39     0.07810     0.05232
        40     0.08237     0.05586
        41     0.08675     0.05948
        42     0.09124     0.06318
        43     0.09584     0.06695
        44     0.10054     0.07081
        45     0.10534     0.07473
        46     0.11025     0.07873
        47     0.11526     0.08280
        48     0.12036     0.08694
        49     0.12556     0.09115
        50     0.13086     0.09541
        51     0.13625     0.09974
        52     0.14173     0.10413
        53     0.14730     0.10857
        54     0.15295     0.11307
        55     0.15870     0.11762
        56     0.16453     0.12223
        57     0.17044     0.12688
        58     0.17643     0.13158
        59     0.18250     0.13633
        60     0.18865     0.14111
        61     0.19487     0.14594
        62     0.20117     0.15081
        63     0.20753     0.15572
        64     0.21397     0.16066
        65     0.22048     0.16564
        66     0.22705     0.17065
        67     0.23369     0.17569
        68     0.24038     0.18075
        69     0.24714     0.18585
        70     0.25396     0.19097
        71     0.26084     0.19611
        72     0.26776     0.20128
        73     0.27475     0.20647
        74     0.28178     0.21167
        75     0.28886     0.21690
        76     0.29599     0.22213
        77     0.30317     0.22739
        78     0.31039     0.23265
        79     0.31766     0.23792
        80     0.32496     0.24319
        81     0.33229     0.24847
        82     0.33967     0.25376
        83     0.34707     0.25904
        84     0.35451     0.26433
        85     0.36198     0.26961
        86     0.36947     0.27490
        87     0.37700     0.28018
        88     0.38454     0.28545
        89     0.39211     0.29072
        90     0.39970     0.29598
        91     0.40731     0.30123
        92     0.41494     0.30648
        93     0.42259     0.31171
        94     0.43024     0.31693
        95     0.43791     0.32214
        96     0.44559     0.32733
        97     0.45328     0.33250
        98     0.46097     0.33766
        99     0.46867     0.34280
       100     0.47637     0.34792
       101     0.48407     0.35303
       102     0.49177     0.35810
       103     0.49947     0.36316
       104     0.50717     0.36820
       105     0.51486     0.37320
       106     0.52254     0.37819
       107     0.53021     0.38314
       108     0.53787     0.38807
       109     0.54552     0.39296
       110     0.55315     0.39782
       111     0.56077     0.40266
       112     0.56837     0.40746
       113     0.57595     0.41223
       114     0.58350     0.41696
       115     0.59104     0.42166
       116     0.59855     0.42633
       117     0.60604     0.43096
       118     0.61350     0.43555
       119     0.62093     0.44010
       120     0.62833     0.44462
       121     0.63569     0.44910
       122     0.64303     0.45354
       123     0.65033     0.45794
       124     0.65759     0.46230
       125     0.66481     0.46662
       126     0.67200     0.47089
       127     0.67914     0.47513
       128     0.68624     0.47932
       129     0.69329     0.48347
       130     0.70030     0.48758
       131     0.70727     0.49164
       132     0.71418     0.49566
       133     0.72105     0.49963
       134     0.72786     0.50355
       135     0.73462     0.50743
       136     0.74132     0.51127
       137     0.74797     0.51505
       138     0.75456     0.51879
       139     0.76109     0.52248
       140     0.76757     0.52613
       141     0.77398     0.52972
       142     0.78033     0.53327
       143     0.78661     0.53676
       144     0.79283     0.54021
       145     0.79898     0.54361
       146     0.80506     0.54695
       147     0.81107     0.55025
       148     0.81701     0.55349
       149     0.82288     0.55668
       150     0.82868     0.55982
       151     0.83440     0.56292
       152     0.84004     0.56596
       153     0.84561     0.56894
       154     0.85110     0.57188
       155     0.85650     0.57476
       156     0.86183     0.57759
       157     0.86707     0.58036
       158     0.87223     0.58309
       159     0.87730     0.58576
       160     0.88229     0.58837
       161     0.88719     0.59093
       162     0.89200     0.59344
       163     0.89673     0.59589
       164     0.90136     0.59829
       165     0.90589     0.60064
       166     0.91034     0.60293
       167     0.91469     0.60516
       168     0.91895     0.60734
       169     0.92311     0.60946
       170     0.92717     0.61153
       171     0.93113     0.61355
       172     0.93500     0.61550
       173     0.93876     0.61741
       174     0.94242     0.61925
       175     0.94598     0.62104
       176     0.94944     0.62278
       177     0.95279     0.62445
       178     0.95604     0.62608
       179     0.95918     0.62764
       180     0.96221     0.62915
       181     0.96514     0.63060
       182     0.96796     0.63200
       183     0.97067     0.63334
       184     0.97327     0.63462
       185     0.97576     0.63585
       186     0.97814     0.63702
       187     0.98040     0.63813
       188     0.98256     0.63919
       189     0.98460     0.64019
       190     0.98652     0.64113
       191     0.98834     0.64202
       192     0.99004     0.64285
       193     0.99162     0.64362
       194     0.99308     0.64437
       195     0.99438     0.64520
       196     0.99553     0.64607
       197     0.99654     0.64697
       198     0.99742     0.64786
       199     0.99817     0.64873
       200     0.99879     0.64958
       201     0.99929     0.65040
       202     0.99966     0.65118
       203     0.99991     0.65193
       204     1.00004     0.65264
       205     1.00004     0.65330
  POINTS ON THE BLADE TO BE USED FOR PLOTTING 
  AND FINAL INTERPOLATION 
  N           X          YUP        YLOW        THICK 
    1      0.0000      0.0031      0.0031      0.0000
    2      0.0001      0.0043      0.0019      0.0024
    3      0.0002      0.0058      0.0008      0.0050
    4      0.0006      0.0075     -0.0001      0.0076
    5      0.0010      0.0093     -0.0008      0.0101
    6      0.0016      0.0112     -0.0014      0.0126
    7      0.0022      0.0131     -0.0017      0.0148
    8      0.0030      0.0149     -0.0020      0.0169
    9      0.0040      0.0168     -0.0021      0.0190
   10      0.0050      0.0188     -0.0021      0.0209
   11      0.0062      0.0208     -0.0019      0.0228
   12      0.0075      0.0229     -0.0017      0.0246
   13      0.0089      0.0251     -0.0012      0.0263
   14      0.0105      0.0274     -0.0007      0.0280
   15      0.0122      0.0297      0.0001      0.0297
   16      0.0140      0.0322      0.0009      0.0313
   17      0.0159      0.0349      0.0019      0.0329
   18      0.0179      0.0377      0.0031      0.0345
   19      0.0201      0.0406      0.0045      0.0361
   20      0.0223      0.0437      0.0061      0.0376
   21      0.0247      0.0469      0.0079      0.0390
   22      0.0272      0.0503      0.0099      0.0404
   23      0.0299      0.0538      0.0121      0.0417
   24      0.0326      0.0574      0.0144      0.0431
   25      0.0355      0.0612      0.0167      0.0445
   26      0.0384      0.0651      0.0192      0.0458
   27      0.0415      0.0691      0.0218      0.0473
   28      0.0447      0.0732      0.0245      0.0487
   29      0.0481      0.0775      0.0273      0.0502
   30      0.0515      0.0818      0.0302      0.0517
   31      0.0550      0.0863      0.0331      0.0532
   32      0.0587      0.0908      0.0362      0.0547
   33      0.0625      0.0955      0.0393      0.0562
   34      0.0663      0.1003      0.0425      0.0577
   35      0.0703      0.1052      0.0459      0.0593
   36      0.0744      0.1101      0.0493      0.0609
   37      0.0786      0.1152      0.0527      0.0624
   38      0.0829      0.1203      0.0563      0.0640
   39      0.0873      0.1255      0.0599      0.0656
   40      0.0918      0.1308      0.0636      0.0672
   41      0.0964      0.1362      0.0674      0.0688
   42      0.1011      0.1416      0.0713      0.0703
   43      0.1059      0.1471      0.0752      0.0719
   44      0.1108      0.1527      0.0792      0.0735
   45      0.1159      0.1584      0.0833      0.0751
   46      0.1210      0.1640      0.0874      0.0766
   47      0.1261      0.1698      0.0916      0.0782
   48      0.1314      0.1756      0.0959      0.0797
   49      0.1368      0.1815      0.1002      0.0813
   50      0.1423      0.1874      0.1046      0.0828
   51      0.1478      0.1933      0.1090      0.0843
   52      0.1535      0.1993      0.1135      0.0858
   53      0.1592      0.2053      0.1180      0.0873
   54      0.1650      0.2113      0.1226      0.0887
   55      0.1709      0.2174      0.1273      0.0902
   56      0.1769      0.2235      0.1320      0.0916
   57      0.1830      0.2297      0.1367      0.0930
   58      0.1891      0.2358      0.1415      0.0943
   59      0.1954      0.2420      0.1463      0.0957
   60      0.2017      0.2482      0.1512      0.0970
   61      0.2080      0.2544      0.1561      0.0983
   62      0.2145      0.2606      0.1610      0.0995
   63      0.2210      0.2668      0.1660      0.1008
   64      0.2276      0.2730      0.1710      0.1020
   65      0.2342      0.2792      0.1761      0.1031
   66      0.2409      0.2854      0.1812      0.1043
   67      0.2477      0.2916      0.1863      0.1053
   68      0.2546      0.2978      0.1914      0.1064
   69      0.2615      0.3040      0.1966      0.1074
   70      0.2684      0.3102      0.2018      0.1084
   71      0.2755      0.3164      0.2070      0.1094
   72      0.2826      0.3225      0.2122      0.1103
   73      0.2897      0.3287      0.2175      0.1112
   74      0.2969      0.3348      0.2228      0.1120
   75      0.3041      0.3408      0.2281      0.1128
   76      0.3114      0.3469      0.2334      0.1135
   77      0.3187      0.3529      0.2387      0.1142
   78      0.3261      0.3589      0.2440      0.1149
   79      0.3335      0.3649      0.2493      0.1155
   80      0.3410      0.3708      0.2547      0.1161
   81      0.3485      0.3767      0.2600      0.1167
   82      0.3560      0.3825      0.2654      0.1171
   83      0.3636      0.3883      0.2708      0.1176
   84      0.3712      0.3941      0.2761      0.1180
   85      0.3789      0.3998      0.2815      0.1183
   86      0.3865      0.4055      0.2868      0.1187
   87      0.3942      0.4111      0.2922      0.1189
   88      0.4020      0.4167      0.2975      0.1191
   89      0.4097      0.4222      0.3029      0.1193
   90      0.4175      0.4276      0.3082      0.1194
   91      0.4253      0.4330      0.3135      0.1195
   92      0.4331      0.4384      0.3189      0.1195
   93      0.4409      0.4437      0.3242      0.1195
   94      0.4488      0.4489      0.3295      0.1194
   95      0.4566      0.4541      0.3347      0.1193
   96      0.4645      0.4592      0.3400      0.1192
   97      0.4724      0.4642      0.3453      0.1190
   98      0.4803      0.4692      0.3505      0.1187
   99      0.4882      0.4741      0.3557      0.1184
  100      0.4961      0.4790      0.3609      0.1181
  101      0.5039      0.4838      0.3661      0.1177
  102      0.5118      0.4885      0.3712      0.1173
  103      0.5197      0.4932      0.3764      0.1168
  104      0.5276      0.4977      0.3815      0.1163
  105      0.5355      0.5022      0.3865      0.1157
  106      0.5434      0.5067      0.3916      0.1151
  107      0.5512      0.5111      0.3966      0.1145
  108      0.5591      0.5153      0.4016      0.1138
  109      0.5669      0.5196      0.4065      0.1131
  110      0.5747      0.5237      0.4114      0.1123
  111      0.5825      0.5278      0.4163      0.1115
  112      0.5903      0.5318      0.4212      0.1106
  113      0.5980      0.5358      0.4260      0.1098
  114      0.6058      0.5396      0.4308      0.1088
  115      0.6135      0.5434      0.4355      0.1079
  116      0.6211      0.5471      0.4402      0.1069
  117      0.6288      0.5507      0.4449      0.1059
  118      0.6364      0.5543      0.4495      0.1048
  119      0.6440      0.5578      0.4541      0.1037
  120      0.6515      0.5612      0.4586      0.1026
  121      0.6590      0.5645      0.4631      0.1014
  122      0.6665      0.5678      0.4676      0.1002
  123      0.6739      0.5710      0.4720      0.0990
  124      0.6813      0.5741      0.4764      0.0977
  125      0.6886      0.5771      0.4807      0.0964
  126      0.6959      0.5801      0.4850      0.0951
  127      0.7031      0.5830      0.4892      0.0938
  128      0.7103      0.5859      0.4934      0.0925
  129      0.7174      0.5886      0.4975      0.0911
  130      0.7245      0.5913      0.5016      0.0897
  131      0.7316      0.5939      0.5057      0.0883
  132      0.7385      0.5965      0.5097      0.0868
  133      0.7454      0.5990      0.5136      0.0854
  134      0.7523      0.6014      0.5175      0.0839
  135      0.7591      0.6038      0.5213      0.0824
  136      0.7658      0.6060      0.5251      0.0809
  137      0.7724      0.6083      0.5288      0.0794
  138      0.7790      0.6104      0.5325      0.0779
  139      0.7855      0.6125      0.5361      0.0764
  140      0.7920      0.6146      0.5397      0.0748
  141      0.7983      0.6165      0.5432      0.0733
  142      0.8046      0.6184      0.5467      0.0717
  143      0.8109      0.6203      0.5501      0.0702
  144      0.8170      0.6221      0.5535      0.0686
  145      0.8231      0.6238      0.5568      0.0671
  146      0.8291      0.6255      0.5600      0.0655
  147      0.8350      0.6271      0.5632      0.0639
  148      0.8408      0.6287      0.5663      0.0624
  149      0.8465      0.6302      0.5694      0.0608
  150      0.8522      0.6317      0.5724      0.0593
  151      0.8577      0.6331      0.5754      0.0577
  152      0.8632      0.6345      0.5783      0.0562
  153      0.8686      0.6358      0.5811      0.0546
  154      0.8739      0.6370      0.5839      0.0531
  155      0.8790      0.6383      0.5867      0.0516
  156      0.8841      0.6394      0.5893      0.0501
  157      0.8892      0.6405      0.5919      0.0486
  158      0.8941      0.6416      0.5945      0.0471
  159      0.8989      0.6427      0.5970      0.0457
  160      0.9036      0.6437      0.5994      0.0442
  161      0.9082      0.6446      0.6018      0.0428
  162      0.9127      0.6455      0.6041      0.0414
  163      0.9171      0.6464      0.6064      0.0400
  164      0.9214      0.6472      0.6086      0.0387
  165      0.9256      0.6480      0.6107      0.0373
  166      0.9297      0.6488      0.6128      0.0360
  167      0.9337      0.6495      0.6148      0.0347
  168      0.9375      0.6502      0.6168      0.0335
  169      0.9413      0.6509      0.6187      0.0322
  170      0.9450      0.6515      0.6205      0.0310
  171      0.9485      0.6521      0.6223      0.0298
  172      0.9519      0.6527      0.6240      0.0287
  173      0.9553      0.6532      0.6257      0.0276
  174      0.9585      0.6538      0.6273      0.0265
  175      0.9616      0.6543      0.6288      0.0254
  176      0.9645      0.6547      0.6303      0.0244
  177      0.9674      0.6552      0.6317      0.0234
  178      0.9701      0.6556      0.6331      0.0225
  179      0.9728      0.6559      0.6344      0.0216
  180      0.9753      0.6563      0.6356      0.0207
  181      0.9777      0.6567      0.6368      0.0199
  182      0.9799      0.6570      0.6379      0.0191
  183      0.9821      0.6573      0.6390      0.0183
  184      0.9841      0.6576      0.6399      0.0176
  185      0.9860      0.6578      0.6409      0.0169
  186      0.9878      0.6580      0.6418      0.0163
  187      0.9895      0.6581      0.6426      0.0156
  188      0.9911      0.6581      0.6433      0.0148
  189      0.9925      0.6580      0.6441      0.0139
  190      0.9938      0.6577      0.6448      0.0129
  191      0.9950      0.6575      0.6456      0.0118
  192      0.9960      0.6571      0.6465      0.0106
  193      0.9970      0.6567      0.6474      0.0093
  194      0.9978      0.6563      0.6483      0.0080
  195      0.9984      0.6558      0.6491      0.0067
  196      0.9990      0.6553      0.6500      0.0054
  197      0.9994      0.6548      0.6508      0.0040
  198      0.9998      0.6543      0.6515      0.0027
  199      0.9999      0.6537      0.6523      0.0014
  200      1.0000      0.6533      0.6533      0.0000
 GRID EXPANSION RATIO UP=    1.11538 DOWN =    1.07955
  AXIAL,TANGENTIAL AND RADIAL COORDINATES ON THE STREAM
  SURFACE BEFORE TRANSFORMING TO R-THETA COORDINATES 
 J, XGRID,YGRID,RGRID            1   5.47318161E-02  -1.03526488E-02  0.455735773    
 J, XGRID,YGRID,RGRID            2   5.58150336E-02  -9.13075265E-03  0.455778301    
 J, XGRID,YGRID,RGRID            3   5.67862652E-02  -8.03525373E-03  0.455815166    
 J, XGRID,YGRID,RGRID            4   5.76570667E-02  -7.05307769E-03  0.455847114    
 J, XGRID,YGRID,RGRID            5   5.84378466E-02  -6.17250148E-03  0.455874324    
 J, XGRID,YGRID,RGRID            6   5.91378659E-02  -5.38301561E-03  0.455897868    
 J, XGRID,YGRID,RGRID            7   5.97655065E-02  -4.67519648E-03  0.455918670    
 J, XGRID,YGRID,RGRID            8   6.03282191E-02  -4.04059701E-03  0.455936939    
 J, XGRID,YGRID,RGRID            9   6.08327352E-02  -3.47164273E-03  0.455953211    
 J, XGRID,YGRID,RGRID           10   6.12850599E-02  -2.96154339E-03  0.455967575    
 J, XGRID,YGRID,RGRID           11   6.16905987E-02  -2.50421045E-03  0.455980390    
 J, XGRID,YGRID,RGRID           12   6.20541908E-02  -2.09418568E-03  0.455991805    
 J, XGRID,YGRID,RGRID           13   6.23801649E-02  -1.72657520E-03  0.456001967    
 J, XGRID,YGRID,RGRID           14   6.26724288E-02  -1.39699189E-03  0.456011057    
 J, XGRID,YGRID,RGRID           15   6.29344583E-02  -1.10150164E-03  0.456019253    
 J, XGRID,YGRID,RGRID           16   6.31693751E-02  -8.36578140E-04  0.456026495    
 J, XGRID,YGRID,RGRID           17   6.33799881E-02  -5.99059276E-04  0.456032962    
 J, XGRID,YGRID,RGRID           18   6.35688230E-02  -3.86110245E-04  0.456038833    
 J, XGRID,YGRID,RGRID           19   6.37381300E-02  -1.95189423E-04  0.456044137    
 J, XGRID,YGRID,RGRID           20   6.38899133E-02  -2.40181471E-05  0.456048787    
 J, XGRID,YGRID,RGRID           21   6.40259981E-02   1.29446547E-04  0.456052989    
 J, XGRID,YGRID,RGRID           22   6.41619712E-02   6.02360407E-04  0.456059247    
 J, XGRID,YGRID,RGRID           23   6.43041506E-02   8.51660909E-04  0.456065893    
 J, XGRID,YGRID,RGRID           24   6.44530877E-02   1.07086764E-03  0.456072897    
 J, XGRID,YGRID,RGRID           25   6.46093637E-02   1.28930225E-03  0.456080407    
 J, XGRID,YGRID,RGRID           26   6.47735447E-02   1.51497009E-03  0.456088394    
 J, XGRID,YGRID,RGRID           27   6.49461895E-02   1.74905616E-03  0.456096828    
 J, XGRID,YGRID,RGRID           28   6.51278943E-02   1.99220958E-03  0.456105828    
 J, XGRID,YGRID,RGRID           29   6.53192103E-02   2.24500173E-03  0.456115544    
 J, XGRID,YGRID,RGRID           30   6.55207038E-02   2.50793691E-03  0.456125736    
 J, XGRID,YGRID,RGRID           31   6.57329783E-02   2.78146123E-03  0.456136882    
 J, XGRID,YGRID,RGRID           32   6.59565702E-02   3.06597142E-03  0.456148744    
 J, XGRID,YGRID,RGRID           33   6.61920384E-02   3.36181768E-03  0.456161380    
 J, XGRID,YGRID,RGRID           34   6.64399862E-02   3.66930105E-03  0.456174821    
 J, XGRID,YGRID,RGRID           35   6.67009726E-02   3.98867624E-03  0.456189334    
 J, XGRID,YGRID,RGRID           36   6.69754222E-02   4.32000076E-03  0.456204772    
 J, XGRID,YGRID,RGRID           37   6.72634095E-02   4.66284901E-03  0.456221342    
 J, XGRID,YGRID,RGRID           38   6.75656050E-02   5.01749478E-03  0.456238896    
 J, XGRID,YGRID,RGRID           39   6.78827614E-02   5.38424775E-03  0.456257671    
 J, XGRID,YGRID,RGRID           40   6.82157055E-02   5.76345669E-03  0.456277817    
 J, XGRID,YGRID,RGRID           41   6.85653761E-02   6.15549646E-03  0.456299424    
 J, XGRID,YGRID,RGRID           42   6.89327270E-02   6.56076381E-03  0.456322312    
 J, XGRID,YGRID,RGRID           43   6.93186820E-02   6.97944919E-03  0.456346959    
 J, XGRID,YGRID,RGRID           44   6.97239414E-02   7.41152000E-03  0.456373304    
 J, XGRID,YGRID,RGRID           45   7.01499060E-02   7.85752200E-03  0.456401527    
 J, XGRID,YGRID,RGRID           46   7.05980584E-02   8.31805449E-03  0.456431806    
 J, XGRID,YGRID,RGRID           47   7.10700601E-02   8.79376382E-03  0.456464171    
 J, XGRID,YGRID,RGRID           48   7.15678185E-02   9.28530656E-03  0.456499130    
 J, XGRID,YGRID,RGRID           49   7.20933080E-02   9.79333837E-03  0.456536561    
 J, XGRID,YGRID,RGRID           50   7.26528913E-02   1.03223920E-02  0.456577212    
 J, XGRID,YGRID,RGRID           51   7.32546374E-02   1.08779715E-02  0.456621915    
 J, XGRID,YGRID,RGRID           52   7.38991871E-02   1.14582060E-02  0.456670463    
 J, XGRID,YGRID,RGRID           53   7.45860785E-02   1.20600965E-02  0.456723392    
 J, XGRID,YGRID,RGRID           54   7.53135979E-02   1.26794744E-02  0.456780404    
 J, XGRID,YGRID,RGRID           55   7.60789812E-02   1.33110434E-02  0.456841469    
 J, XGRID,YGRID,RGRID           56   7.68782198E-02   1.39491493E-02  0.456906408    
 J, XGRID,YGRID,RGRID           57   7.76983649E-02   1.45817837E-02  0.456974030    
 J, XGRID,YGRID,RGRID           58   7.85263106E-02   1.51982205E-02  0.457043350    
 J, XGRID,YGRID,RGRID           59   7.93576017E-02   1.57952067E-02  0.457113713    
 J, XGRID,YGRID,RGRID           60   8.01886246E-02   1.63704939E-02  0.457185030    
 J, XGRID,YGRID,RGRID           61   8.10165554E-02   1.69227142E-02  0.457256496    
 J, XGRID,YGRID,RGRID           62   8.18394348E-02   1.74512435E-02  0.457328379    
 J, XGRID,YGRID,RGRID           63   8.26560855E-02   1.79560874E-02  0.457399964    
 J, XGRID,YGRID,RGRID           64   8.34720507E-02   1.84410661E-02  0.457471848    
 J, XGRID,YGRID,RGRID           65   8.42910260E-02   1.89084057E-02  0.457544357    
 J, XGRID,YGRID,RGRID           66   8.51123407E-02   1.93578023E-02  0.457617253    
 J, XGRID,YGRID,RGRID           67   8.59349221E-02   1.97888520E-02  0.457690120    
 J, XGRID,YGRID,RGRID           68   8.67572650E-02   2.02017501E-02  0.457762927    
 J, XGRID,YGRID,RGRID           69   8.75775293E-02   2.05938909E-02  0.457835525    
 J, XGRID,YGRID,RGRID           70   8.83933604E-02   2.09657252E-02  0.457907349    
 J, XGRID,YGRID,RGRID           71   8.91975537E-02   2.13146731E-02  0.457977861    
 J, XGRID,YGRID,RGRID           72   8.99855345E-02   2.16398593E-02  0.458046496    
 J, XGRID,YGRID,RGRID           73   9.07551646E-02   2.19416376E-02  0.458112955    
 J, XGRID,YGRID,RGRID           74   9.15047377E-02   2.22206246E-02  0.458177090    
 J, XGRID,YGRID,RGRID           75   9.22329277E-02   2.24776678E-02  0.458238900    
 J, XGRID,YGRID,RGRID           76   9.29388255E-02   2.27137860E-02  0.458298177    
 J, XGRID,YGRID,RGRID           77   9.36219245E-02   2.29301341E-02  0.458354771    
 J, XGRID,YGRID,RGRID           78   9.42847207E-02   2.31292490E-02  0.458409041    
 J, XGRID,YGRID,RGRID           79   9.49278772E-02   2.33112499E-02  0.458461016    
 J, XGRID,YGRID,RGRID           80   9.55514014E-02   2.34776549E-02  0.458510667    
 J, XGRID,YGRID,RGRID           81   9.61553305E-02   2.36295424E-02  0.458558112    
 J, XGRID,YGRID,RGRID           82   9.67395827E-02   2.37678476E-02  0.458603323    
 J, XGRID,YGRID,RGRID           83   9.73042101E-02   2.38934550E-02  0.458646297    
 J, XGRID,YGRID,RGRID           84   9.78492126E-02   2.40072142E-02  0.458687127    
 J, XGRID,YGRID,RGRID           85   9.83745456E-02   2.41099373E-02  0.458725780    
 J, XGRID,YGRID,RGRID           86   9.88802388E-02   2.42024139E-02  0.458762378    
 J, XGRID,YGRID,RGRID           87   9.93662924E-02   2.42853910E-02  0.458796948    
 J, XGRID,YGRID,RGRID           88   9.98327062E-02   2.43595708E-02  0.458829522    
 J, XGRID,YGRID,RGRID           89  0.100279458       2.44256426E-02  0.458860248    
 J, XGRID,YGRID,RGRID           90  0.100706540       2.44813152E-02  0.458889008    
 J, XGRID,YGRID,RGRID           91  0.101113997       2.43006032E-02  0.458916008    
 J, XGRID,YGRID,RGRID           92  0.101522118       2.44242530E-02  0.458931059    
 J, XGRID,YGRID,RGRID           93  0.101962730       2.45578438E-02  0.458947033    
 J, XGRID,YGRID,RGRID           94  0.102438420       2.47020610E-02  0.458963901    
 J, XGRID,YGRID,RGRID           95  0.102951951       2.48577520E-02  0.458981663    
 J, XGRID,YGRID,RGRID           96  0.103506349       2.50258297E-02  0.459000289    
 J, XGRID,YGRID,RGRID           97  0.104104891       2.52072774E-02  0.459019959    
 J, XGRID,YGRID,RGRID           98  0.104751088       2.54031606E-02  0.459040523    
 J, XGRID,YGRID,RGRID           99  0.105448708       2.56146248E-02  0.459062010    
 J, XGRID,YGRID,RGRID          100  0.106201828       2.58429125E-02  0.459084302    
 J, XGRID,YGRID,RGRID          101  0.107014947       2.60893591E-02  0.459107459    
 J, XGRID,YGRID,RGRID          102  0.107892774       2.63554119E-02  0.459131360    
 J, XGRID,YGRID,RGRID          103  0.108840480       2.66426299E-02  0.459155828    
 J, XGRID,YGRID,RGRID          104  0.109863624       2.69526951E-02  0.459180921    
 J, XGRID,YGRID,RGRID          105  0.110968232       2.72874292E-02  0.459206283    
 J, XGRID,YGRID,RGRID          106  0.112160780       2.76487917E-02  0.459231913    
 J, XGRID,YGRID,RGRID          107  0.113448247       2.80389003E-02  0.459257483    
 J, XGRID,YGRID,RGRID          108  0.114838205       2.84600426E-02  0.459282666    
 J, XGRID,YGRID,RGRID          109  0.116338834       2.89146863E-02  0.459307373    
 J, XGRID,YGRID,RGRID          110  0.117958903       2.94055007E-02  0.459331065    
 J, XGRID,YGRID,RGRID          111  0.119707905       2.99353581E-02  0.459353387    

  THE BLADE CENTROID ON THE X-Y SURFACE IS AT X, Y=    0.08148   0.01421


  THE J VALUE OF THE CENTROID IS J =           62

  THE CENTROID ON THE STREAM SURFACE IS AT   8.14773291E-02   0.00000000    
  THE HUB SECTION CENTROID IS AT   8.14773291E-02   0.00000000    

  AXIAL & RADIAL COORDINATES ON THE SS AFTER STACKING 
  J  , XGRID,RGRID            1   5.47318161E-02  0.455735773    
  J  , XGRID,RGRID            2   5.58150336E-02  0.455778301    
  J  , XGRID,RGRID            3   5.67862652E-02  0.455815166    
  J  , XGRID,RGRID            4   5.76570667E-02  0.455847114    
  J  , XGRID,RGRID            5   5.84378466E-02  0.455874324    
  J  , XGRID,RGRID            6   5.91378659E-02  0.455897868    
  J  , XGRID,RGRID            7   5.97655065E-02  0.455918670    
  J  , XGRID,RGRID            8   6.03282191E-02  0.455936939    
  J  , XGRID,RGRID            9   6.08327352E-02  0.455953211    
  J  , XGRID,RGRID           10   6.12850599E-02  0.455967575    
  J  , XGRID,RGRID           11   6.16905987E-02  0.455980390    
  J  , XGRID,RGRID           12   6.20541908E-02  0.455991805    
  J  , XGRID,RGRID           13   6.23801649E-02  0.456001967    
  J  , XGRID,RGRID           14   6.26724288E-02  0.456011057    
  J  , XGRID,RGRID           15   6.29344583E-02  0.456019253    
  J  , XGRID,RGRID           16   6.31693751E-02  0.456026495    
  J  , XGRID,RGRID           17   6.33799881E-02  0.456032962    
  J  , XGRID,RGRID           18   6.35688230E-02  0.456038833    
  J  , XGRID,RGRID           19   6.37381300E-02  0.456044137    
  J  , XGRID,RGRID           20   6.38899133E-02  0.456048787    
  J  , XGRID,RGRID           21   6.40259981E-02  0.456052989    
  J  , XGRID,RGRID           22   6.41619712E-02  0.456059247    
  J  , XGRID,RGRID           23   6.43041506E-02  0.456065893    
  J  , XGRID,RGRID           24   6.44530877E-02  0.456072897    
  J  , XGRID,RGRID           25   6.46093637E-02  0.456080407    
  J  , XGRID,RGRID           26   6.47735447E-02  0.456088394    
  J  , XGRID,RGRID           27   6.49461895E-02  0.456096828    
  J  , XGRID,RGRID           28   6.51278943E-02  0.456105828    
  J  , XGRID,RGRID           29   6.53192103E-02  0.456115544    
  J  , XGRID,RGRID           30   6.55207038E-02  0.456125736    
  J  , XGRID,RGRID           31   6.57329783E-02  0.456136882    
  J  , XGRID,RGRID           32   6.59565702E-02  0.456148744    
  J  , XGRID,RGRID           33   6.61920384E-02  0.456161380    
  J  , XGRID,RGRID           34   6.64399862E-02  0.456174821    
  J  , XGRID,RGRID           35   6.67009726E-02  0.456189334    
  J  , XGRID,RGRID           36   6.69754222E-02  0.456204772    
  J  , XGRID,RGRID           37   6.72634095E-02  0.456221342    
  J  , XGRID,RGRID           38   6.75656050E-02  0.456238896    
  J  , XGRID,RGRID           39   6.78827614E-02  0.456257671    
  J  , XGRID,RGRID           40   6.82157055E-02  0.456277817    
  J  , XGRID,RGRID           41   6.85653761E-02  0.456299424    
  J  , XGRID,RGRID           42   6.89327270E-02  0.456322312    
  J  , XGRID,RGRID           43   6.93186820E-02  0.456346959    
  J  , XGRID,RGRID           44   6.97239414E-02  0.456373304    
  J  , XGRID,RGRID           45   7.01499060E-02  0.456401527    
  J  , XGRID,RGRID           46   7.05980584E-02  0.456431806    
  J  , XGRID,RGRID           47   7.10700601E-02  0.456464171    
  J  , XGRID,RGRID           48   7.15678185E-02  0.456499130    
  J  , XGRID,RGRID           49   7.20933080E-02  0.456536561    
  J  , XGRID,RGRID           50   7.26528913E-02  0.456577212    
  J  , XGRID,RGRID           51   7.32546374E-02  0.456621915    
  J  , XGRID,RGRID           52   7.38991871E-02  0.456670463    
  J  , XGRID,RGRID           53   7.45860785E-02  0.456723392    
  J  , XGRID,RGRID           54   7.53135979E-02  0.456780404    
  J  , XGRID,RGRID           55   7.60789812E-02  0.456841469    
  J  , XGRID,RGRID           56   7.68782198E-02  0.456906408    
  J  , XGRID,RGRID           57   7.76983649E-02  0.456974030    
  J  , XGRID,RGRID           58   7.85263106E-02  0.457043350    
  J  , XGRID,RGRID           59   7.93576017E-02  0.457113713    
  J  , XGRID,RGRID           60   8.01886246E-02  0.457185030    
  J  , XGRID,RGRID           61   8.10165554E-02  0.457256496    
  J  , XGRID,RGRID           62   8.18394348E-02  0.457328379    
  J  , XGRID,RGRID           63   8.26560855E-02  0.457399964    
  J  , XGRID,RGRID           64   8.34720507E-02  0.457471848    
  J  , XGRID,RGRID           65   8.42910260E-02  0.457544357    
  J  , XGRID,RGRID           66   8.51123407E-02  0.457617253    
  J  , XGRID,RGRID           67   8.59349221E-02  0.457690120    
  J  , XGRID,RGRID           68   8.67572650E-02  0.457762927    
  J  , XGRID,RGRID           69   8.75775293E-02  0.457835525    
  J  , XGRID,RGRID           70   8.83933604E-02  0.457907349    
  J  , XGRID,RGRID           71   8.91975537E-02  0.457977861    
  J  , XGRID,RGRID           72   8.99855345E-02  0.458046496    
  J  , XGRID,RGRID           73   9.07551646E-02  0.458112955    
  J  , XGRID,RGRID           74   9.15047377E-02  0.458177090    
  J  , XGRID,RGRID           75   9.22329277E-02  0.458238900    
  J  , XGRID,RGRID           76   9.29388255E-02  0.458298177    
  J  , XGRID,RGRID           77   9.36219245E-02  0.458354771    
  J  , XGRID,RGRID           78   9.42847207E-02  0.458409041    
  J  , XGRID,RGRID           79   9.49278772E-02  0.458461016    
  J  , XGRID,RGRID           80   9.55514014E-02  0.458510667    
  J  , XGRID,RGRID           81   9.61553305E-02  0.458558112    
  J  , XGRID,RGRID           82   9.67395827E-02  0.458603323    
  J  , XGRID,RGRID           83   9.73042101E-02  0.458646297    
  J  , XGRID,RGRID           84   9.78492126E-02  0.458687127    
  J  , XGRID,RGRID           85   9.83745456E-02  0.458725780    
  J  , XGRID,RGRID           86   9.88802388E-02  0.458762378    
  J  , XGRID,RGRID           87   9.93662924E-02  0.458796948    
  J  , XGRID,RGRID           88   9.98327062E-02  0.458829522    
  J  , XGRID,RGRID           89  0.100279458      0.458860248    
  J  , XGRID,RGRID           90  0.100706540      0.458889008    
  J  , XGRID,RGRID           91  0.101113997      0.458916008    
  J  , XGRID,RGRID           92  0.101522118      0.458931059    
  J  , XGRID,RGRID           93  0.101962730      0.458947033    
  J  , XGRID,RGRID           94  0.102438420      0.458963901    
  J  , XGRID,RGRID           95  0.102951951      0.458981663    
  J  , XGRID,RGRID           96  0.103506349      0.459000289    
  J  , XGRID,RGRID           97  0.104104891      0.459019959    
  J  , XGRID,RGRID           98  0.104751088      0.459040523    
  J  , XGRID,RGRID           99  0.105448708      0.459062010    
  J  , XGRID,RGRID          100  0.106201828      0.459084302    
  J  , XGRID,RGRID          101  0.107014947      0.459107459    
  J  , XGRID,RGRID          102  0.107892774      0.459131360    
  J  , XGRID,RGRID          103  0.108840480      0.459155828    
  J  , XGRID,RGRID          104  0.109863624      0.459180921    
  J  , XGRID,RGRID          105  0.110968232      0.459206283    
  J  , XGRID,RGRID          106  0.112160780      0.459231913    
  J  , XGRID,RGRID          107  0.113448247      0.459257483    
  J  , XGRID,RGRID          108  0.114838205      0.459282666    
  J  , XGRID,RGRID          109  0.116338834      0.459307373    
  J  , XGRID,RGRID          110  0.117958903      0.459331065    
  J  , XGRID,RGRID          111  0.119707905      0.459353387    

  BLADE TRUE CHORD:AXIAL CHORD RATIO =    1.16474807    


    TKLE      TKTE      TKMAX     XTMAX     XMODLE     XMODTE    TK_TYP 
    0.0200    0.0100    0.1000    0.4500    0.0200    0.0100    2.0000


 FCHORD=    1.00000000      FPERP=    0.00000000     FTKSCALE=    1.00000000    


  CENTRELINE COORDINATES AND THICKNESS FOR INTYPE = 1

    XIN        YIN       TKIN 
   0.00000   0.00000   0.02329
   0.00006   0.00006   0.02338
   0.00025   0.00026   0.02359
   0.00056   0.00058   0.02388
   0.00100   0.00102   0.02426
   0.00156   0.00160   0.02471
   0.00224   0.00230   0.02523
   0.00305   0.00313   0.02582
   0.00398   0.00408   0.02647
   0.00504   0.00516   0.02718
   0.00622   0.00636   0.02795
   0.00752   0.00769   0.02877
   0.00895   0.00913   0.02964
   0.01049   0.01070   0.03057
   0.01216   0.01239   0.03153
   0.01395   0.01420   0.03255
   0.01587   0.01612   0.03361
   0.01790   0.01816   0.03470
   0.02005   0.02032   0.03584
   0.02232   0.02259   0.03701
   0.02472   0.02496   0.03822
   0.02723   0.02745   0.03947
   0.02985   0.03005   0.04074
   0.03260   0.03275   0.04204
   0.03546   0.03555   0.04338
   0.03844   0.03846   0.04474
   0.04153   0.04147   0.04612
   0.04474   0.04457   0.04752
   0.04806   0.04777   0.04895
   0.05149   0.05107   0.05039
   0.05504   0.05446   0.05186
   0.05869   0.05793   0.05333
   0.06246   0.06149   0.05483
   0.06633   0.06514   0.05633
   0.07031   0.06887   0.05785
   0.07440   0.07268   0.05937
   0.07860   0.07657   0.06090
   0.08290   0.08053   0.06244
   0.08730   0.08457   0.06398
   0.09181   0.08868   0.06553
   0.09642   0.09285   0.06707
   0.10113   0.09710   0.06861
   0.10594   0.10140   0.07016
   0.11085   0.10577   0.07169
   0.11585   0.11020   0.07323
   0.12095   0.11468   0.07475
   0.12615   0.11922   0.07627
   0.13144   0.12381   0.07778
   0.13682   0.12845   0.07927
   0.14229   0.13314   0.08076
   0.14784   0.13787   0.08222
   0.15349   0.14265   0.08368
   0.15923   0.14746   0.08511
   0.16504   0.15232   0.08653
   0.17095   0.15721   0.08793
   0.17693   0.16214   0.08931
   0.18299   0.16709   0.09066
   0.18914   0.17208   0.09200
   0.19536   0.17710   0.09330
   0.20166   0.18214   0.09458
   0.20803   0.18721   0.09584
   0.21447   0.19229   0.09706
   0.22099   0.19740   0.09826
   0.22757   0.20252   0.09943
   0.23422   0.20766   0.10056
   0.24094   0.21282   0.10167
   0.24772   0.21798   0.10274
   0.25457   0.22316   0.10377
   0.26148   0.22834   0.10477
   0.26845   0.23354   0.10574
   0.27547   0.23873   0.10666
   0.28255   0.24393   0.10755
   0.28968   0.24913   0.10841
   0.29687   0.25433   0.10922
   0.30411   0.25952   0.10999
   0.31140   0.26471   0.11072
   0.31873   0.26988   0.11142
   0.32611   0.27505   0.11206
   0.33353   0.28021   0.11267
   0.34099   0.28536   0.11324
   0.34850   0.29048   0.11376
   0.35604   0.29560   0.11424
   0.36362   0.30069   0.11467
   0.37123   0.30577   0.11506
   0.37887   0.31083   0.11541
   0.38654   0.31586   0.11571
   0.39424   0.32087   0.11597
   0.40197   0.32585   0.11618
   0.40972   0.33081   0.11634
   0.41750   0.33574   0.11646
   0.42529   0.34064   0.11654
   0.43311   0.34552   0.11657
   0.44094   0.35036   0.11655
   0.44878   0.35517   0.11649
   0.45664   0.35994   0.11638
   0.46451   0.36468   0.11623
   0.47239   0.36938   0.11603
   0.48027   0.37405   0.11579
   0.48816   0.37868   0.11550
   0.49605   0.38327   0.11517
   0.50395   0.38782   0.11480
   0.51184   0.39233   0.11438
   0.51973   0.39680   0.11392
   0.52761   0.40122   0.11341
   0.53549   0.40560   0.11286
   0.54336   0.40993   0.11228
   0.55122   0.41422   0.11165
   0.55906   0.41846   0.11098
   0.56689   0.42265   0.11026
   0.57471   0.42680   0.10951
   0.58250   0.43090   0.10873
   0.59028   0.43495   0.10790
   0.59803   0.43894   0.10703
   0.60576   0.44289   0.10613
   0.61346   0.44679   0.10520
   0.62113   0.45064   0.10422
   0.62877   0.45443   0.10322
   0.63638   0.45817   0.10218
   0.64396   0.46187   0.10111
   0.65150   0.46550   0.10001
   0.65901   0.46909   0.09887
   0.66647   0.47262   0.09771
   0.67389   0.47610   0.09652
   0.68127   0.47953   0.09530
   0.68860   0.48290   0.09406
   0.69589   0.48622   0.09279
   0.70313   0.48949   0.09149
   0.71031   0.49270   0.09018
   0.71745   0.49586   0.08884
   0.72453   0.49896   0.08748
   0.73155   0.50201   0.08610
   0.73852   0.50501   0.08470
   0.74543   0.50795   0.08328
   0.75228   0.51084   0.08185
   0.75906   0.51367   0.08041
   0.76578   0.51645   0.07895
   0.77243   0.51918   0.07748
   0.77901   0.52185   0.07599
   0.78553   0.52447   0.07450
   0.79197   0.52704   0.07300
   0.79834   0.52956   0.07149
   0.80464   0.53202   0.06998
   0.81086   0.53443   0.06846
   0.81701   0.53679   0.06693
   0.82307   0.53910   0.06541
   0.82905   0.54135   0.06388
   0.83496   0.54356   0.06236
   0.84077   0.54571   0.06083
   0.84651   0.54782   0.05931
   0.85216   0.54987   0.05780
   0.85771   0.55187   0.05629
   0.86318   0.55383   0.05478
   0.86856   0.55573   0.05329
   0.87385   0.55759   0.05180
   0.87905   0.55940   0.05032
   0.88415   0.56116   0.04886
   0.88915   0.56287   0.04741
   0.89406   0.56454   0.04597
   0.89887   0.56616   0.04455
   0.90358   0.56773   0.04314
   0.90819   0.56926   0.04176
   0.91270   0.57074   0.04039
   0.91710   0.57218   0.03904
   0.92140   0.57357   0.03771
   0.92560   0.57492   0.03641
   0.92969   0.57623   0.03513
   0.93367   0.57749   0.03387
   0.93754   0.57871   0.03264
   0.94131   0.57988   0.03144
   0.94496   0.58102   0.03026
   0.94851   0.58211   0.02911
   0.95194   0.58316   0.02799
   0.95526   0.58417   0.02691
   0.95847   0.58515   0.02585
   0.96156   0.58608   0.02482
   0.96454   0.58697   0.02383
   0.96740   0.58782   0.02288
   0.97015   0.58863   0.02195
   0.97277   0.58940   0.02107
   0.97528   0.59014   0.02021
   0.97768   0.59084   0.01940
   0.97995   0.59150   0.01862
   0.98210   0.59212   0.01788
   0.98413   0.59270   0.01719
   0.98605   0.59325   0.01653
   0.98784   0.59376   0.01590
   0.98951   0.59424   0.01533
   0.99105   0.59468   0.01479
   0.99248   0.59508   0.01429
   0.99378   0.59545   0.01383
   0.99496   0.59578   0.01342
   0.99602   0.59608   0.01305
   0.99695   0.59634   0.01272
   0.99776   0.59657   0.01244
   0.99844   0.59676   0.01220
   0.99900   0.59691   0.01200
   0.99944   0.59704   0.01185
   0.99975   0.59712   0.01174
   0.99994   0.59717   0.01167
   1.00000   0.59719   0.01165

  BLADE SURFACE COORDINATES GENERATED USING INTYPE = 1

  XUP          YUP       XLOW      YLOW 
   0.00001   0.01165  -0.00001  -0.01165
   0.00007   0.01176   0.00005  -0.01163
   0.00026   0.01205   0.00024  -0.01154
   0.00057   0.01252   0.00055  -0.01136
   0.00101   0.01315   0.00099  -0.01111
   0.00157   0.01395   0.00155  -0.01076
   0.00225   0.01492   0.00223  -0.01032
   0.00306   0.01604   0.00304  -0.00978
   0.00399   0.01732   0.00397  -0.00916
   0.00505   0.01875   0.00503  -0.00843
   0.00623   0.02034   0.00621  -0.00761
   0.00753   0.02207   0.00751  -0.00670
   0.00896   0.02396   0.00894  -0.00569
   0.01050   0.02599   0.01048  -0.00458
   0.01217   0.02816   0.01215  -0.00337
   0.01396   0.03047   0.01394  -0.00207
   0.01588   0.03293   0.01586  -0.00068
   0.01791   0.03552   0.01789   0.00081
   0.02006   0.03824   0.02004   0.00240
   0.02233   0.04109   0.02231   0.00408
   0.02473   0.04408   0.02471   0.00585
   0.02724   0.04719   0.02722   0.00772
   0.02986   0.05042   0.02984   0.00968
   0.03261   0.05377   0.03259   0.01173
   0.03547   0.05724   0.03545   0.01387
   0.03845   0.06083   0.03843   0.01609
   0.04154   0.06453   0.04152   0.01841
   0.04475   0.06834   0.04473   0.02081
   0.04807   0.07225   0.04805   0.02330
   0.05150   0.07627   0.05148   0.02587
   0.05505   0.08038   0.05503   0.02853
   0.05870   0.08460   0.05868   0.03126
   0.06247   0.08891   0.06245   0.03408
   0.06634   0.09331   0.06632   0.03697
   0.07032   0.09779   0.07030   0.03995
   0.07441   0.10237   0.07439   0.04299
   0.07861   0.10702   0.07859   0.04612
   0.08291   0.11175   0.08289   0.04931
   0.08731   0.11656   0.08729   0.05258
   0.09182   0.12144   0.09180   0.05591
   0.09643   0.12639   0.09641   0.05932
   0.10114   0.13140   0.10112   0.06279
   0.10595   0.13648   0.10593   0.06632
   0.11086   0.14162   0.11084   0.06992
   0.11586   0.14681   0.11584   0.07358
   0.12096   0.15206   0.12094   0.07730
   0.12616   0.15735   0.12614   0.08108
   0.13145   0.16270   0.13143   0.08492
   0.13683   0.16809   0.13681   0.08881
   0.14230   0.17352   0.14228   0.09276
   0.14785   0.17898   0.14783   0.09676
   0.15350   0.18449   0.15348   0.10081
   0.15924   0.19002   0.15922   0.10491
   0.16505   0.19558   0.16503   0.10905
   0.17096   0.20118   0.17094   0.11325
   0.17694   0.20679   0.17692   0.11748
   0.18300   0.21243   0.18298   0.12176
   0.18915   0.21808   0.18913   0.12608
   0.19537   0.22375   0.19535   0.13045
   0.20167   0.22943   0.20165   0.13485
   0.20804   0.23512   0.20802   0.13929
   0.21448   0.24082   0.21446   0.14376
   0.22100   0.24653   0.22098   0.14827
   0.22758   0.25224   0.22756   0.15281
   0.23423   0.25795   0.23421   0.15738
   0.24095   0.26365   0.24093   0.16198
   0.24773   0.26935   0.24771   0.16662
   0.25458   0.27505   0.25456   0.17127
   0.26149   0.28073   0.26147   0.17596
   0.26846   0.28640   0.26844   0.18067
   0.27548   0.29206   0.27546   0.18540
   0.28256   0.29771   0.28254   0.19015
   0.28969   0.30333   0.28967   0.19493
   0.29688   0.30894   0.29686   0.19972
   0.30412   0.31451   0.30410   0.20452
   0.31141   0.32007   0.31139   0.20934
   0.31874   0.32559   0.31872   0.21418
   0.32612   0.33109   0.32610   0.21902
   0.33354   0.33655   0.33352   0.22387
   0.34100   0.34197   0.34098   0.22874
   0.34851   0.34736   0.34849   0.23360
   0.35605   0.35272   0.35603   0.23848
   0.36363   0.35803   0.36361   0.24336
   0.37124   0.36330   0.37122   0.24824
   0.37888   0.36853   0.37886   0.25312
   0.38655   0.37371   0.38653   0.25800
   0.39425   0.37885   0.39423   0.26289
   0.40198   0.38394   0.40196   0.26776
   0.40973   0.38898   0.40971   0.27264
   0.41751   0.39397   0.41749   0.27751
   0.42530   0.39891   0.42528   0.28238
   0.43312   0.40380   0.43310   0.28723
   0.44095   0.40863   0.44093   0.29208
   0.44879   0.41341   0.44877   0.29692
   0.45665   0.41813   0.45663   0.30175
   0.46452   0.42279   0.46450   0.30657
   0.47240   0.42740   0.47238   0.31137
   0.48028   0.43195   0.48026   0.31616
   0.48817   0.43643   0.48815   0.32093
   0.49606   0.44086   0.49604   0.32568
   0.50396   0.44522   0.50394   0.33042
   0.51185   0.44952   0.51183   0.33514
   0.51974   0.45376   0.51972   0.33984
   0.52762   0.45793   0.52760   0.34451
   0.53550   0.46203   0.53548   0.34917
   0.54337   0.46607   0.54335   0.35379
   0.55123   0.47004   0.55121   0.35840
   0.55907   0.47395   0.55905   0.36297
   0.56690   0.47779   0.56688   0.36752
   0.57472   0.48156   0.57470   0.37204
   0.58251   0.48526   0.58249   0.37653
   0.59029   0.48889   0.59027   0.38100
   0.59804   0.49246   0.59802   0.38543
   0.60577   0.49596   0.60575   0.38983
   0.61347   0.49939   0.61345   0.39419
   0.62114   0.50275   0.62112   0.39852
   0.62878   0.50604   0.62876   0.40282
   0.63639   0.50926   0.63637   0.40708
   0.64397   0.51242   0.64395   0.41131
   0.65151   0.51551   0.65149   0.41550
   0.65902   0.51853   0.65900   0.41965
   0.66648   0.52148   0.66646   0.42377
   0.67390   0.52436   0.67388   0.42784
   0.68128   0.52718   0.68126   0.43188
   0.68861   0.52993   0.68859   0.43587
   0.69590   0.53262   0.69588   0.43983
   0.70314   0.53523   0.70312   0.44374
   0.71033   0.53779   0.71030   0.44761
   0.71746   0.54027   0.71744   0.45144
   0.72454   0.54270   0.72452   0.45522
   0.73156   0.54506   0.73154   0.45896
   0.73853   0.54736   0.73851   0.46266
   0.74544   0.54959   0.74542   0.46631
   0.75229   0.55176   0.75227   0.46991
   0.75907   0.55387   0.75905   0.47347
   0.76579   0.55592   0.76577   0.47698
   0.77244   0.55792   0.77242   0.48044
   0.77902   0.55985   0.77900   0.48386
   0.78554   0.56172   0.78552   0.48722
   0.79198   0.56354   0.79196   0.49054
   0.79835   0.56530   0.79833   0.49381
   0.80465   0.56701   0.80463   0.49703
   0.81087   0.56866   0.81085   0.50020
   0.81702   0.57026   0.81700   0.50332
   0.82308   0.57180   0.82306   0.50639
   0.82906   0.57329   0.82904   0.50941
   0.83497   0.57474   0.83495   0.51238
   0.84078   0.57613   0.84076   0.51529
   0.84652   0.57747   0.84650   0.51816
   0.85217   0.57877   0.85215   0.52097
   0.85772   0.58002   0.85770   0.52373
   0.86319   0.58122   0.86317   0.52644
   0.86857   0.58238   0.86855   0.52909
   0.87386   0.58349   0.87384   0.53169
   0.87906   0.58456   0.87904   0.53424
   0.88416   0.58559   0.88414   0.53673
   0.88916   0.58658   0.88914   0.53917
   0.89407   0.58752   0.89405   0.54155
   0.89888   0.58843   0.89886   0.54388
   0.90359   0.58930   0.90357   0.54616
   0.90820   0.59014   0.90818   0.54838
   0.91271   0.59094   0.91269   0.55055
   0.91711   0.59170   0.91709   0.55266
   0.92141   0.59243   0.92139   0.55471
   0.92561   0.59313   0.92559   0.55672
   0.92970   0.59379   0.92968   0.55866
   0.93368   0.59442   0.93366   0.56055
   0.93755   0.59503   0.93753   0.56239
   0.94132   0.59560   0.94130   0.56417
   0.94497   0.59615   0.94495   0.56589
   0.94852   0.59667   0.94850   0.56756
   0.95195   0.59716   0.95193   0.56917
   0.95527   0.59763   0.95525   0.57072
   0.95848   0.59807   0.95846   0.57222
   0.96157   0.59849   0.96155   0.57366
   0.96455   0.59888   0.96453   0.57505
   0.96741   0.59926   0.96739   0.57638
   0.97016   0.59961   0.97014   0.57765
   0.97278   0.59994   0.97276   0.57887
   0.97529   0.60025   0.97527   0.58003
   0.97769   0.60054   0.97767   0.58114
   0.97996   0.60081   0.97994   0.58219
   0.98211   0.60106   0.98209   0.58318
   0.98414   0.60130   0.98412   0.58411
   0.98606   0.60152   0.98604   0.58499
   0.98785   0.60172   0.98783   0.58581
   0.98952   0.60190   0.98950   0.58658
   0.99106   0.60207   0.99104   0.58729
   0.99249   0.60223   0.99247   0.58794
   0.99379   0.60237   0.99377   0.58853
   0.99497   0.60249   0.99495   0.58907
   0.99603   0.60260   0.99601   0.58955
   0.99696   0.60270   0.99694   0.58998
   0.99777   0.60279   0.99775   0.59035
   0.99845   0.60286   0.99843   0.59066
   0.99901   0.60291   0.99899   0.59091
   0.99945   0.60296   0.99943   0.59111
   0.99976   0.60299   0.99974   0.59125
   0.99995   0.60301   0.99993   0.59134
   1.00001   0.60302   0.99999   0.59137

XIN,   MODIFIED LEADING EDGE THICKNESS     0.00000     0.00000
XIN,   MODIFIED LEADING EDGE THICKNESS     0.00006     0.09653
XIN,   MODIFIED LEADING EDGE THICKNESS     0.00025     0.19214
XIN,   MODIFIED LEADING EDGE THICKNESS     0.00056     0.28594
XIN,   MODIFIED LEADING EDGE THICKNESS     0.00100     0.37704
XIN,   MODIFIED LEADING EDGE THICKNESS     0.00156     0.46456
XIN,   MODIFIED LEADING EDGE THICKNESS     0.00224     0.54766
XIN,   MODIFIED LEADING EDGE THICKNESS     0.00305     0.62551
XIN,   MODIFIED LEADING EDGE THICKNESS     0.00398     0.69735
XIN,   MODIFIED LEADING EDGE THICKNESS     0.00504     0.76246
XIN,   MODIFIED LEADING EDGE THICKNESS     0.00622     0.82022
XIN,   MODIFIED LEADING EDGE THICKNESS     0.00752     0.87008
XIN,   MODIFIED LEADING EDGE THICKNESS     0.00895     0.91166
XIN,   MODIFIED LEADING EDGE THICKNESS     0.01049     0.94477
XIN,   MODIFIED LEADING EDGE THICKNESS     0.01216     0.96944
XIN,   MODIFIED LEADING EDGE THICKNESS     0.01395     0.98609
XIN,   MODIFIED LEADING EDGE THICKNESS     0.01587     0.99557
XIN,   MODIFIED LEADING EDGE THICKNESS     0.01790     0.99942
 XIN,   MODIFIED TRAILING EDGE THICKNESS     0.99105     0.99442
 XIN,   MODIFIED TRAILING EDGE THICKNESS     0.99248     0.96876
 XIN,   MODIFIED TRAILING EDGE THICKNESS     0.99378     0.92571
 XIN,   MODIFIED TRAILING EDGE THICKNESS     0.99496     0.86823
 XIN,   MODIFIED TRAILING EDGE THICKNESS     0.99602     0.79867
 XIN,   MODIFIED TRAILING EDGE THICKNESS     0.99695     0.71900
 XIN,   MODIFIED TRAILING EDGE THICKNESS     0.99776     0.63090
 XIN,   MODIFIED TRAILING EDGE THICKNESS     0.99844     0.53585
 XIN,   MODIFIED TRAILING EDGE THICKNESS     0.99900     0.43519
 XIN,   MODIFIED TRAILING EDGE THICKNESS     0.99944     0.33013
 XIN,   MODIFIED TRAILING EDGE THICKNESS     0.99975     0.22186
 XIN,   MODIFIED TRAILING EDGE THICKNESS     0.99994     0.11149
 XIN,   MODIFIED TRAILING EDGE THICKNESS     1.00000     0.00000

  POINTS NEARLY PERPENDICULAR TO THE CENTRE LINE BEFORE THINNING 
        N        XUPP      YUPP        XLOW        YLOW 
         1    -0.00450     0.00438     0.00715    -0.00695
         2    -0.00446     0.00446     0.00722    -0.00690
         3    -0.00431     0.00469     0.00744    -0.00674
         4    -0.00407     0.00508     0.00781    -0.00648
         5    -0.00373     0.00563     0.00833    -0.00612
         6    -0.00329     0.00633     0.00899    -0.00565
         7    -0.00276     0.00718     0.00979    -0.00507
         8    -0.00214     0.00819     0.01074    -0.00439
         9    -0.00141     0.00936     0.01184    -0.00360
        10    -0.00059     0.01068     0.01307    -0.00271
        11     0.00032     0.01215     0.01444    -0.00171
        12     0.00140     0.01371     0.01595    -0.00061
        13     0.00259     0.01539     0.01760     0.00061
        14     0.00391     0.01720     0.01939     0.00192
        15     0.00534     0.01914     0.02131     0.00334
        16     0.00689     0.02121     0.02337     0.00486
        17     0.00854     0.02341     0.02555     0.00648
        18     0.01031     0.02573     0.02787     0.00821
        19     0.01219     0.02818     0.03033     0.01004
        20     0.01419     0.03076     0.03291     0.01196
        21     0.01629     0.03345     0.03561     0.01399
        22     0.01850     0.03627     0.03845     0.01611
        23     0.02083     0.03920     0.04141     0.01833
        24     0.02326     0.04225     0.04450     0.02064
        25     0.02581     0.04542     0.04770     0.02304
        26     0.02847     0.04869     0.05103     0.02554
        27     0.03123     0.05208     0.05448     0.02812
        28     0.03410     0.05558     0.05805     0.03079
        29     0.03708     0.05918     0.06174     0.03355
        30     0.04017     0.06289     0.06554     0.03639
        31     0.04337     0.06669     0.06946     0.03932
        32     0.04667     0.07060     0.07349     0.04232
        33     0.05008     0.07460     0.07764     0.04541
        34     0.05360     0.07870     0.08189     0.04857
        35     0.05722     0.08288     0.08625     0.05180
        36     0.06094     0.08716     0.09072     0.05511
        37     0.06477     0.09152     0.09530     0.05849
        38     0.06871     0.09597     0.09998     0.06195
        39     0.07274     0.10049     0.10476     0.06546
        40     0.07688     0.10510     0.10965     0.06905
        41     0.08112     0.10978     0.11463     0.07269
        42     0.08546     0.11453     0.11971     0.07640
        43     0.08990     0.11936     0.12489     0.08017
        44     0.09445     0.12425     0.13016     0.08400
        45     0.09908     0.12921     0.13553     0.08789
        46     0.10382     0.13422     0.14098     0.09182
        47     0.10865     0.13930     0.14653     0.09581
        48     0.11358     0.14444     0.15216     0.09986
        49     0.11860     0.14962     0.15788     0.10395
        50     0.12372     0.15486     0.16368     0.10808
        51     0.12893     0.16015     0.16957     0.11227
        52     0.13423     0.16549     0.17553     0.11650
        53     0.13963     0.17086     0.18158     0.12077
        54     0.14511     0.17628     0.18770     0.12508
        55     0.15068     0.18173     0.19389     0.12942
        56     0.15634     0.18722     0.20017     0.13381
        57     0.16209     0.19274     0.20651     0.13823
        58     0.16792     0.19830     0.21292     0.14269
        59     0.17384     0.20388     0.21940     0.14717
        60     0.17984     0.20948     0.22594     0.15169
        61     0.18592     0.21510     0.23256     0.15624
        62     0.19208     0.22075     0.23923     0.16081
        63     0.19832     0.22641     0.24596     0.16542
        64     0.20464     0.23208     0.25276     0.17004
        65     0.21104     0.23777     0.25961     0.17469
        66     0.21751     0.24347     0.26651     0.17936
        67     0.22405     0.24917     0.27347     0.18405
        68     0.23067     0.25488     0.28048     0.18876
        69     0.23736     0.26059     0.28754     0.19349
        70     0.24412     0.26630     0.29465     0.19824
        71     0.25094     0.27201     0.30180     0.20299
        72     0.25783     0.27772     0.30900     0.20776
        73     0.26479     0.28341     0.31624     0.21254
        74     0.27182     0.28910     0.32352     0.21733
        75     0.27890     0.29478     0.33084     0.22212
        76     0.28605     0.30045     0.33819     0.22691
        77     0.29325     0.30610     0.34558     0.23171
        78     0.30052     0.31173     0.35299     0.23651
        79     0.30783     0.31734     0.36044     0.24132
        80     0.31520     0.32292     0.36792     0.24612
        81     0.32262     0.32848     0.37543     0.25093
        82     0.33010     0.33400     0.38296     0.25573
        83     0.33762     0.33950     0.39052     0.26053
        84     0.34518     0.34497     0.39809     0.26532
        85     0.35280     0.35040     0.40569     0.27011
        86     0.36045     0.35579     0.41330     0.27489
        87     0.36814     0.36115     0.42094     0.27966
        88     0.37588     0.36646     0.42858     0.28442
        89     0.38365     0.37174     0.43624     0.28918
        90     0.39145     0.37697     0.44391     0.29392
        91     0.39929     0.38216     0.45159     0.29865
        92     0.40716     0.38730     0.45927     0.30337
        93     0.41506     0.39239     0.46697     0.30807
        94     0.42298     0.39743     0.47466     0.31276
        95     0.43093     0.40242     0.48236     0.31743
        96     0.43891     0.40735     0.49006     0.32208
        97     0.44690     0.41224     0.49776     0.32671
        98     0.45491     0.41707     0.50545     0.33133
        99     0.46294     0.42184     0.51314     0.33592
       100     0.47098     0.42655     0.52082     0.34049
       101     0.47903     0.43120     0.52850     0.34504
       102     0.48710     0.43580     0.53616     0.34957
       103     0.49518     0.44034     0.54381     0.35406
       104     0.50326     0.44481     0.55145     0.35854
       105     0.51134     0.44922     0.55907     0.36298
       106     0.51943     0.45356     0.56667     0.36739
       107     0.52751     0.45784     0.57426     0.37178
       108     0.53559     0.46208     0.58183     0.37614
       109     0.54367     0.46622     0.58937     0.38048
       110     0.55174     0.47030     0.59689     0.38478
       111     0.55980     0.47430     0.60439     0.38905
       112     0.56784     0.47824     0.61186     0.39329
       113     0.57587     0.48211     0.61930     0.39749
       114     0.58389     0.48590     0.62672     0.40167
       115     0.59188     0.48963     0.63410     0.40581
       116     0.59985     0.49328     0.64145     0.40991
       117     0.60780     0.49686     0.64876     0.41398
       118     0.61573     0.50037     0.65604     0.41802
       119     0.62362     0.50381     0.66328     0.42201
       120     0.63149     0.50718     0.67048     0.42598
       121     0.63932     0.51048     0.67765     0.42990
       122     0.64712     0.51370     0.68476     0.43379
       123     0.65487     0.51686     0.69184     0.43763
       124     0.66259     0.51994     0.69887     0.44144
       125     0.67027     0.52295     0.70585     0.44521
       126     0.67791     0.52588     0.71279     0.44894
       127     0.68549     0.52875     0.71968     0.45263
       128     0.69303     0.53155     0.72651     0.45628
       129     0.70052     0.53428     0.73329     0.45989
       130     0.70796     0.53694     0.74002     0.46345
       131     0.71534     0.53952     0.74669     0.46697
       132     0.72267     0.54204     0.75331     0.47046
       133     0.72993     0.54450     0.75986     0.47389
       134     0.73714     0.54688     0.76636     0.47729
       135     0.74428     0.54920     0.77280     0.48064
       136     0.75135     0.55145     0.77917     0.48394
       137     0.75836     0.55364     0.78548     0.48720
       138     0.76530     0.55576     0.79172     0.49041
       139     0.77217     0.55782     0.79790     0.49358
       140     0.77897     0.55981     0.80400     0.49671
       141     0.78569     0.56177     0.81004     0.49979
       142     0.79233     0.56364     0.81601     0.50282
       143     0.79890     0.56545     0.82190     0.50580
       144     0.80538     0.56720     0.82772     0.50874
       145     0.81179     0.56890     0.83347     0.51163
       146     0.81810     0.57053     0.83914     0.51448
       147     0.82434     0.57211     0.84473     0.51727
       148     0.83048     0.57364     0.85024     0.52002
       149     0.83654     0.57511     0.85567     0.52272
       150     0.84250     0.57653     0.86102     0.52537
       151     0.84838     0.57790     0.86629     0.52797
       152     0.85415     0.57921     0.87147     0.53052
       153     0.85984     0.58048     0.87657     0.53303
       154     0.86542     0.58170     0.88158     0.53548
       155     0.87091     0.58287     0.88651     0.53788
       156     0.87630     0.58399     0.89134     0.54024
       157     0.88158     0.58507     0.89608     0.54254
       158     0.88677     0.58610     0.90074     0.54479
       159     0.89185     0.58709     0.90530     0.54699
       160     0.89682     0.58804     0.90976     0.54914
       161     0.90169     0.58895     0.91414     0.55124
       162     0.90645     0.58982     0.91841     0.55329
       163     0.91109     0.59065     0.92259     0.55529
       164     0.91563     0.59144     0.92667     0.55723
       165     0.92006     0.59220     0.93066     0.55913
       166     0.92438     0.59292     0.93454     0.56097
       167     0.92858     0.59361     0.93832     0.56276
       168     0.93267     0.59426     0.94200     0.56450
       169     0.93664     0.59488     0.94558     0.56618
       170     0.94049     0.59547     0.94905     0.56781
       171     0.94423     0.59603     0.95242     0.56939
       172     0.94785     0.59657     0.95568     0.57092
       173     0.95135     0.59707     0.95884     0.57240
       174     0.95473     0.59755     0.96189     0.57382
       175     0.95798     0.59800     0.96483     0.57519
       176     0.96112     0.59842     0.96766     0.57651
       177     0.96413     0.59882     0.97038     0.57777
       178     0.96702     0.59920     0.97299     0.57898
       179     0.96979     0.59956     0.97550     0.58014
       180     0.97243     0.59989     0.97789     0.58124
       181     0.97495     0.60020     0.98016     0.58229
       182     0.97734     0.60049     0.98233     0.58329
       183     0.97961     0.60076     0.98438     0.58423
       184     0.98175     0.60102     0.98631     0.58512
       185     0.98376     0.60125     0.98814     0.58595
       186     0.98564     0.60147     0.98984     0.58674
       187     0.98740     0.60167     0.99143     0.58746
       188     0.98902     0.60185     0.99291     0.58814
       189     0.99052     0.60201     0.99427     0.58876
       190     0.99189     0.60216     0.99551     0.58933
       191     0.99313     0.60230     0.99663     0.58984
       192     0.99424     0.60241     0.99764     0.59030
       193     0.99522     0.60252     0.99853     0.59070
       194     0.99607     0.60261     0.99930     0.59105
       195     0.99679     0.60268     0.99995     0.59135
       196     0.99738     0.60274     1.00049     0.59159
       197     0.99783     0.60279     1.00090     0.59178
       198     0.99816     0.60283     1.00120     0.59192
       199     0.99836     0.60285     1.00138     0.59200
       200     0.99842     0.60285     1.00144     0.59203
  COORDINATES GOING ROUND THE BLADE AFTER ANY ROTATION
     N        XSURF        YSURF 
         1     0.00104    -0.00101
         2     0.00082    -0.00067
         3     0.00044     0.00008
         4     0.00017     0.00095
         5     0.00003     0.00197
         6    -0.00001     0.00312
         7     0.00008     0.00441
         8     0.00028     0.00584
         9     0.00059     0.00740
        10     0.00103     0.00909
        11     0.00159     0.01090
        12     0.00234     0.01278
        13     0.00326     0.01474
        14     0.00434     0.01678
        15     0.00559     0.01890
        16     0.00700     0.02110
        17     0.00858     0.02337
        18     0.01032     0.02572
        19     0.01219     0.02818
        20     0.01419     0.03076
        21     0.01629     0.03345
        22     0.01850     0.03627
        23     0.02083     0.03920
        24     0.02326     0.04225
        25     0.02581     0.04542
        26     0.02847     0.04869
        27     0.03123     0.05208
        28     0.03410     0.05558
        29     0.03708     0.05918
        30     0.04017     0.06289
        31     0.04337     0.06669
        32     0.04667     0.07060
        33     0.05008     0.07460
        34     0.05360     0.07870
        35     0.05722     0.08288
        36     0.06094     0.08716
        37     0.06477     0.09152
        38     0.06871     0.09597
        39     0.07274     0.10049
        40     0.07688     0.10510
        41     0.08112     0.10978
        42     0.08546     0.11453
        43     0.08990     0.11936
        44     0.09445     0.12425
        45     0.09908     0.12921
        46     0.10382     0.13422
        47     0.10865     0.13930
        48     0.11358     0.14444
        49     0.11860     0.14962
        50     0.12372     0.15486
        51     0.12893     0.16015
        52     0.13423     0.16549
        53     0.13963     0.17086
        54     0.14511     0.17628
        55     0.15068     0.18173
        56     0.15634     0.18722
        57     0.16209     0.19274
        58     0.16792     0.19830
        59     0.17384     0.20388
        60     0.17984     0.20948
        61     0.18592     0.21510
        62     0.19208     0.22075
        63     0.19832     0.22641
        64     0.20464     0.23208
        65     0.21104     0.23777
        66     0.21751     0.24347
        67     0.22405     0.24917
        68     0.23067     0.25488
        69     0.23736     0.26059
        70     0.24412     0.26630
        71     0.25094     0.27201
        72     0.25783     0.27772
        73     0.26479     0.28341
        74     0.27182     0.28910
        75     0.27890     0.29478
        76     0.28605     0.30045
        77     0.29325     0.30610
        78     0.30052     0.31173
        79     0.30783     0.31734
        80     0.31520     0.32292
        81     0.32262     0.32848
        82     0.33010     0.33400
        83     0.33762     0.33950
        84     0.34518     0.34497
        85     0.35280     0.35040
        86     0.36045     0.35579
        87     0.36814     0.36115
        88     0.37588     0.36646
        89     0.38365     0.37174
        90     0.39145     0.37697
        91     0.39929     0.38216
        92     0.40716     0.38730
        93     0.41506     0.39239
        94     0.42298     0.39743
        95     0.43093     0.40242
        96     0.43891     0.40735
        97     0.44690     0.41224
        98     0.45491     0.41707
        99     0.46294     0.42184
       100     0.47098     0.42655
       101     0.47903     0.43120
       102     0.48710     0.43580
       103     0.49518     0.44034
       104     0.50326     0.44481
       105     0.51134     0.44922
       106     0.51943     0.45356
       107     0.52751     0.45784
       108     0.53559     0.46208
       109     0.54367     0.46622
       110     0.55174     0.47030
       111     0.55980     0.47430
       112     0.56784     0.47824
       113     0.57587     0.48211
       114     0.58389     0.48590
       115     0.59188     0.48963
       116     0.59985     0.49328
       117     0.60780     0.49686
       118     0.61573     0.50037
       119     0.62362     0.50381
       120     0.63149     0.50718
       121     0.63932     0.51048
       122     0.64712     0.51370
       123     0.65487     0.51686
       124     0.66259     0.51994
       125     0.67027     0.52295
       126     0.67791     0.52588
       127     0.68549     0.52875
       128     0.69303     0.53155
       129     0.70052     0.53428
       130     0.70796     0.53694
       131     0.71534     0.53952
       132     0.72267     0.54204
       133     0.72993     0.54450
       134     0.73714     0.54688
       135     0.74428     0.54920
       136     0.75135     0.55145
       137     0.75836     0.55364
       138     0.76530     0.55576
       139     0.77217     0.55782
       140     0.77897     0.55981
       141     0.78569     0.56177
       142     0.79233     0.56364
       143     0.79890     0.56545
       144     0.80538     0.56720
       145     0.81179     0.56890
       146     0.81810     0.57053
       147     0.82434     0.57211
       148     0.83048     0.57364
       149     0.83654     0.57511
       150     0.84250     0.57653
       151     0.84838     0.57790
       152     0.85415     0.57921
       153     0.85984     0.58048
       154     0.86542     0.58170
       155     0.87091     0.58287
       156     0.87630     0.58399
       157     0.88158     0.58507
       158     0.88677     0.58610
       159     0.89185     0.58709
       160     0.89682     0.58804
       161     0.90169     0.58895
       162     0.90645     0.58982
       163     0.91109     0.59065
       164     0.91563     0.59144
       165     0.92006     0.59220
       166     0.92438     0.59292
       167     0.92858     0.59361
       168     0.93267     0.59426
       169     0.93664     0.59488
       170     0.94049     0.59547
       171     0.94423     0.59603
       172     0.94785     0.59657
       173     0.95135     0.59707
       174     0.95473     0.59755
       175     0.95798     0.59800
       176     0.96112     0.59842
       177     0.96413     0.59882
       178     0.96702     0.59920
       179     0.96979     0.59956
       180     0.97243     0.59989
       181     0.97495     0.60020
       182     0.97734     0.60049
       183     0.97961     0.60076
       184     0.98175     0.60102
       185     0.98376     0.60125
       186     0.98564     0.60147
       187     0.98740     0.60167
       188     0.98903     0.60181
       189     0.99058     0.60181
       190     0.99202     0.60169
       191     0.99336     0.60148
       192     0.99458     0.60119
       193     0.99568     0.60086
       194     0.99667     0.60048
       195     0.99752     0.60005
       196     0.99826     0.59960
       197     0.99886     0.59911
       198     0.99934     0.59858
       199     0.99970     0.59803
       200     0.99985     0.59774
       201     1.00001     0.59714
       202     1.00004     0.59682
       203     1.00002     0.59616
       204     0.99988     0.59547
       205     0.99961     0.59474
       206     0.99922     0.59398
       207     0.99870     0.59319
       208     0.99806     0.59236
       209     0.99730     0.59152
       210     0.99640     0.59066
       211     0.99537     0.58980
       212     0.99421     0.58897
       213     0.99290     0.58818
       214     0.99143     0.58746
       215     0.98984     0.58674
       216     0.98814     0.58595
       217     0.98631     0.58512
       218     0.98438     0.58423
       219     0.98233     0.58329
       220     0.98016     0.58229
       221     0.97789     0.58124
       222     0.97550     0.58014
       223     0.97299     0.57898
       224     0.97038     0.57777
       225     0.96766     0.57651
       226     0.96483     0.57519
       227     0.96189     0.57382
       228     0.95884     0.57240
       229     0.95568     0.57092
       230     0.95242     0.56939
       231     0.94905     0.56781
       232     0.94558     0.56618
       233     0.94200     0.56450
       234     0.93832     0.56276
       235     0.93454     0.56097
       236     0.93066     0.55913
       237     0.92667     0.55723
       238     0.92259     0.55529
       239     0.91841     0.55329
       240     0.91414     0.55124
       241     0.90976     0.54914
       242     0.90530     0.54699
       243     0.90074     0.54479
       244     0.89608     0.54254
       245     0.89134     0.54024
       246     0.88651     0.53788
       247     0.88158     0.53548
       248     0.87657     0.53303
       249     0.87147     0.53052
       250     0.86629     0.52797
       251     0.86102     0.52537
       252     0.85567     0.52272
       253     0.85024     0.52002
       254     0.84473     0.51727
       255     0.83914     0.51448
       256     0.83347     0.51163
       257     0.82772     0.50874
       258     0.82190     0.50580
       259     0.81601     0.50282
       260     0.81004     0.49979
       261     0.80400     0.49671
       262     0.79790     0.49358
       263     0.79172     0.49041
       264     0.78548     0.48720
       265     0.77917     0.48394
       266     0.77280     0.48064
       267     0.76636     0.47729
       268     0.75986     0.47389
       269     0.75331     0.47046
       270     0.74669     0.46697
       271     0.74002     0.46345
       272     0.73329     0.45989
       273     0.72651     0.45628
       274     0.71968     0.45263
       275     0.71279     0.44894
       276     0.70585     0.44521
       277     0.69887     0.44144
       278     0.69184     0.43763
       279     0.68476     0.43379
       280     0.67765     0.42990
       281     0.67048     0.42598
       282     0.66328     0.42201
       283     0.65604     0.41802
       284     0.64876     0.41398
       285     0.64145     0.40991
       286     0.63410     0.40581
       287     0.62672     0.40167
       288     0.61930     0.39749
       289     0.61186     0.39329
       290     0.60439     0.38905
       291     0.59689     0.38478
       292     0.58937     0.38048
       293     0.58183     0.37614
       294     0.57426     0.37178
       295     0.56667     0.36739
       296     0.55907     0.36298
       297     0.55145     0.35854
       298     0.54381     0.35406
       299     0.53616     0.34957
       300     0.52850     0.34504
       301     0.52082     0.34049
       302     0.51314     0.33592
       303     0.50545     0.33133
       304     0.49776     0.32671
       305     0.49006     0.32208
       306     0.48236     0.31743
       307     0.47466     0.31276
       308     0.46697     0.30807
       309     0.45927     0.30337
       310     0.45159     0.29865
       311     0.44391     0.29392
       312     0.43624     0.28918
       313     0.42858     0.28442
       314     0.42094     0.27966
       315     0.41330     0.27489
       316     0.40569     0.27011
       317     0.39809     0.26532
       318     0.39052     0.26053
       319     0.38296     0.25573
       320     0.37543     0.25093
       321     0.36792     0.24612
       322     0.36044     0.24132
       323     0.35299     0.23651
       324     0.34558     0.23171
       325     0.33819     0.22691
       326     0.33084     0.22212
       327     0.32352     0.21733
       328     0.31624     0.21254
       329     0.30900     0.20776
       330     0.30180     0.20299
       331     0.29465     0.19824
       332     0.28754     0.19349
       333     0.28048     0.18876
       334     0.27347     0.18405
       335     0.26651     0.17936
       336     0.25961     0.17469
       337     0.25276     0.17004
       338     0.24596     0.16542
       339     0.23923     0.16081
       340     0.23256     0.15624
       341     0.22594     0.15169
       342     0.21940     0.14717
       343     0.21292     0.14269
       344     0.20651     0.13823
       345     0.20017     0.13381
       346     0.19389     0.12942
       347     0.18770     0.12508
       348     0.18158     0.12077
       349     0.17553     0.11650
       350     0.16957     0.11227
       351     0.16368     0.10808
       352     0.15788     0.10395
       353     0.15216     0.09986
       354     0.14653     0.09581
       355     0.14098     0.09182
       356     0.13553     0.08789
       357     0.13016     0.08400
       358     0.12489     0.08017
       359     0.11971     0.07640
       360     0.11463     0.07269
       361     0.10965     0.06905
       362     0.10476     0.06546
       363     0.09998     0.06195
       364     0.09530     0.05849
       365     0.09072     0.05511
       366     0.08625     0.05180
       367     0.08189     0.04857
       368     0.07764     0.04541
       369     0.07349     0.04232
       370     0.06946     0.03932
       371     0.06554     0.03639
       372     0.06174     0.03355
       373     0.05805     0.03079
       374     0.05448     0.02812
       375     0.05103     0.02554
       376     0.04770     0.02304
       377     0.04450     0.02064
       378     0.04141     0.01833
       379     0.03845     0.01611
       380     0.03561     0.01399
       381     0.03291     0.01196
       382     0.03033     0.01004
       383     0.02787     0.00822
       384     0.02552     0.00652
       385     0.02325     0.00497
       386     0.02107     0.00358
       387     0.01896     0.00234
       388     0.01694     0.00126
       389     0.01501     0.00032
       390     0.01317    -0.00047
       391     0.01145    -0.00112
       392     0.00983    -0.00164
       393     0.00833    -0.00203
       394     0.00695    -0.00230
       395     0.00570    -0.00244
       396     0.00457    -0.00246
       397     0.00357    -0.00235
       398     0.00270    -0.00212
       399     0.00195    -0.00177
       400     0.00160    -0.00156
  LEADING EDGE POINT =            6  TE POINT =         202

  NO OF SUCT S POINTS         197  NO PRESS S POINTS         205
  XMIN,XMAX, XCHORD    -6.15324825E-06   1.00003672       1.00004292    

   SUCTION SURFACE POINTS FROM LE TO TE.
         1    -0.00001     0.00312
         2     0.00008     0.00441
         3     0.00028     0.00584
         4     0.00059     0.00740
         5     0.00103     0.00909
         6     0.00159     0.01090
         7     0.00234     0.01278
         8     0.00326     0.01474
         9     0.00434     0.01678
        10     0.00559     0.01890
        11     0.00700     0.02110
        12     0.00858     0.02337
        13     0.01032     0.02572
        14     0.01219     0.02818
        15     0.01419     0.03076
        16     0.01629     0.03345
        17     0.01850     0.03627
        18     0.02083     0.03920
        19     0.02326     0.04225
        20     0.02581     0.04542
        21     0.02847     0.04869
        22     0.03123     0.05208
        23     0.03410     0.05558
        24     0.03708     0.05918
        25     0.04017     0.06289
        26     0.04337     0.06669
        27     0.04667     0.07060
        28     0.05008     0.07460
        29     0.05360     0.07870
        30     0.05722     0.08288
        31     0.06094     0.08716
        32     0.06477     0.09152
        33     0.06871     0.09597
        34     0.07274     0.10049
        35     0.07688     0.10510
        36     0.08112     0.10978
        37     0.08546     0.11453
        38     0.08990     0.11936
        39     0.09445     0.12425
        40     0.09908     0.12921
        41     0.10382     0.13422
        42     0.10865     0.13930
        43     0.11358     0.14444
        44     0.11860     0.14962
        45     0.12372     0.15486
        46     0.12893     0.16015
        47     0.13423     0.16549
        48     0.13963     0.17086
        49     0.14511     0.17628
        50     0.15068     0.18173
        51     0.15634     0.18722
        52     0.16209     0.19274
        53     0.16792     0.19830
        54     0.17384     0.20388
        55     0.17984     0.20948
        56     0.18592     0.21510
        57     0.19208     0.22075
        58     0.19832     0.22641
        59     0.20464     0.23208
        60     0.21104     0.23777
        61     0.21751     0.24347
        62     0.22405     0.24917
        63     0.23067     0.25488
        64     0.23736     0.26059
        65     0.24412     0.26630
        66     0.25094     0.27201
        67     0.25783     0.27772
        68     0.26479     0.28341
        69     0.27182     0.28910
        70     0.27890     0.29478
        71     0.28605     0.30045
        72     0.29325     0.30610
        73     0.30052     0.31173
        74     0.30783     0.31734
        75     0.31520     0.32292
        76     0.32262     0.32848
        77     0.33010     0.33400
        78     0.33762     0.33950
        79     0.34518     0.34497
        80     0.35280     0.35040
        81     0.36045     0.35579
        82     0.36814     0.36115
        83     0.37588     0.36646
        84     0.38365     0.37174
        85     0.39145     0.37697
        86     0.39929     0.38216
        87     0.40716     0.38730
        88     0.41506     0.39239
        89     0.42298     0.39743
        90     0.43093     0.40242
        91     0.43891     0.40735
        92     0.44690     0.41224
        93     0.45491     0.41707
        94     0.46294     0.42184
        95     0.47098     0.42655
        96     0.47903     0.43120
        97     0.48710     0.43580
        98     0.49518     0.44034
        99     0.50326     0.44481
       100     0.51134     0.44922
       101     0.51943     0.45356
       102     0.52751     0.45784
       103     0.53559     0.46208
       104     0.54367     0.46622
       105     0.55174     0.47030
       106     0.55980     0.47430
       107     0.56784     0.47824
       108     0.57587     0.48211
       109     0.58389     0.48590
       110     0.59188     0.48963
       111     0.59985     0.49328
       112     0.60780     0.49686
       113     0.61573     0.50037
       114     0.62362     0.50381
       115     0.63149     0.50718
       116     0.63932     0.51048
       117     0.64712     0.51370
       118     0.65487     0.51686
       119     0.66259     0.51994
       120     0.67027     0.52295
       121     0.67791     0.52588
       122     0.68549     0.52875
       123     0.69303     0.53155
       124     0.70052     0.53428
       125     0.70796     0.53694
       126     0.71534     0.53952
       127     0.72267     0.54204
       128     0.72993     0.54450
       129     0.73714     0.54688
       130     0.74428     0.54920
       131     0.75135     0.55145
       132     0.75836     0.55364
       133     0.76530     0.55576
       134     0.77217     0.55782
       135     0.77897     0.55981
       136     0.78569     0.56177
       137     0.79233     0.56364
       138     0.79890     0.56545
       139     0.80538     0.56720
       140     0.81179     0.56890
       141     0.81810     0.57053
       142     0.82434     0.57211
       143     0.83048     0.57364
       144     0.83654     0.57511
       145     0.84250     0.57653
       146     0.84838     0.57790
       147     0.85415     0.57921
       148     0.85984     0.58048
       149     0.86542     0.58170
       150     0.87091     0.58287
       151     0.87630     0.58399
       152     0.88158     0.58507
       153     0.88677     0.58610
       154     0.89185     0.58709
       155     0.89682     0.58804
       156     0.90169     0.58895
       157     0.90645     0.58982
       158     0.91109     0.59065
       159     0.91563     0.59144
       160     0.92006     0.59220
       161     0.92438     0.59292
       162     0.92858     0.59361
       163     0.93267     0.59426
       164     0.93664     0.59488
       165     0.94049     0.59547
       166     0.94423     0.59603
       167     0.94785     0.59657
       168     0.95135     0.59707
       169     0.95473     0.59755
       170     0.95798     0.59800
       171     0.96112     0.59842
       172     0.96413     0.59882
       173     0.96702     0.59920
       174     0.96979     0.59956
       175     0.97243     0.59989
       176     0.97495     0.60020
       177     0.97734     0.60049
       178     0.97961     0.60076
       179     0.98175     0.60102
       180     0.98376     0.60125
       181     0.98564     0.60147
       182     0.98740     0.60167
       183     0.98903     0.60181
       184     0.99058     0.60181
       185     0.99202     0.60169
       186     0.99336     0.60148
       187     0.99458     0.60119
       188     0.99568     0.60086
       189     0.99667     0.60048
       190     0.99752     0.60005
       191     0.99826     0.59960
       192     0.99886     0.59911
       193     0.99934     0.59858
       194     0.99970     0.59803
       195     0.99985     0.59774
       196     1.00001     0.59714
       197     1.00004     0.59682

   PRESSURE SURFACE POINTS FROM LE TO TE.
         1    -0.00001     0.00312
         2     0.00003     0.00197
         3     0.00017     0.00095
         4     0.00044     0.00008
         5     0.00082    -0.00067
         6     0.00104    -0.00101
         7     0.00160    -0.00156
         8     0.00195    -0.00177
         9     0.00270    -0.00212
        10     0.00357    -0.00235
        11     0.00457    -0.00246
        12     0.00570    -0.00244
        13     0.00695    -0.00230
        14     0.00833    -0.00203
        15     0.00983    -0.00164
        16     0.01145    -0.00112
        17     0.01317    -0.00047
        18     0.01501     0.00032
        19     0.01694     0.00126
        20     0.01896     0.00234
        21     0.02107     0.00358
        22     0.02325     0.00497
        23     0.02552     0.00652
        24     0.02787     0.00822
        25     0.03033     0.01004
        26     0.03291     0.01196
        27     0.03561     0.01399
        28     0.03845     0.01611
        29     0.04141     0.01833
        30     0.04450     0.02064
        31     0.04770     0.02304
        32     0.05103     0.02554
        33     0.05448     0.02812
        34     0.05805     0.03079
        35     0.06174     0.03355
        36     0.06554     0.03639
        37     0.06946     0.03932
        38     0.07349     0.04232
        39     0.07764     0.04541
        40     0.08189     0.04857
        41     0.08625     0.05180
        42     0.09072     0.05511
        43     0.09530     0.05849
        44     0.09998     0.06195
        45     0.10476     0.06546
        46     0.10965     0.06905
        47     0.11463     0.07269
        48     0.11971     0.07640
        49     0.12489     0.08017
        50     0.13016     0.08400
        51     0.13553     0.08789
        52     0.14098     0.09182
        53     0.14653     0.09581
        54     0.15216     0.09986
        55     0.15788     0.10395
        56     0.16368     0.10808
        57     0.16957     0.11227
        58     0.17553     0.11650
        59     0.18158     0.12077
        60     0.18770     0.12508
        61     0.19389     0.12942
        62     0.20017     0.13381
        63     0.20651     0.13823
        64     0.21292     0.14269
        65     0.21940     0.14717
        66     0.22594     0.15169
        67     0.23256     0.15624
        68     0.23923     0.16081
        69     0.24596     0.16542
        70     0.25276     0.17004
        71     0.25961     0.17469
        72     0.26651     0.17936
        73     0.27347     0.18405
        74     0.28048     0.18876
        75     0.28754     0.19349
        76     0.29465     0.19824
        77     0.30180     0.20299
        78     0.30900     0.20776
        79     0.31624     0.21254
        80     0.32352     0.21733
        81     0.33084     0.22212
        82     0.33819     0.22691
        83     0.34558     0.23171
        84     0.35299     0.23651
        85     0.36044     0.24132
        86     0.36792     0.24612
        87     0.37543     0.25093
        88     0.38296     0.25573
        89     0.39052     0.26053
        90     0.39809     0.26532
        91     0.40569     0.27011
        92     0.41330     0.27489
        93     0.42094     0.27966
        94     0.42858     0.28442
        95     0.43624     0.28918
        96     0.44391     0.29392
        97     0.45159     0.29865
        98     0.45927     0.30337
        99     0.46697     0.30807
       100     0.47466     0.31276
       101     0.48236     0.31743
       102     0.49006     0.32208
       103     0.49776     0.32671
       104     0.50545     0.33133
       105     0.51314     0.33592
       106     0.52082     0.34049
       107     0.52850     0.34504
       108     0.53616     0.34957
       109     0.54381     0.35406
       110     0.55145     0.35854
       111     0.55907     0.36298
       112     0.56667     0.36739
       113     0.57426     0.37178
       114     0.58183     0.37614
       115     0.58937     0.38048
       116     0.59689     0.38478
       117     0.60439     0.38905
       118     0.61186     0.39329
       119     0.61930     0.39749
       120     0.62672     0.40167
       121     0.63410     0.40581
       122     0.64145     0.40991
       123     0.64876     0.41398
       124     0.65604     0.41802
       125     0.66328     0.42201
       126     0.67048     0.42598
       127     0.67765     0.42990
       128     0.68476     0.43379
       129     0.69184     0.43763
       130     0.69887     0.44144
       131     0.70585     0.44521
       132     0.71279     0.44894
       133     0.71968     0.45263
       134     0.72651     0.45628
       135     0.73329     0.45989
       136     0.74002     0.46345
       137     0.74669     0.46697
       138     0.75331     0.47046
       139     0.75986     0.47389
       140     0.76636     0.47729
       141     0.77280     0.48064
       142     0.77917     0.48394
       143     0.78548     0.48720
       144     0.79172     0.49041
       145     0.79790     0.49358
       146     0.80400     0.49671
       147     0.81004     0.49979
       148     0.81601     0.50282
       149     0.82190     0.50580
       150     0.82772     0.50874
       151     0.83347     0.51163
       152     0.83914     0.51448
       153     0.84473     0.51727
       154     0.85024     0.52002
       155     0.85567     0.52272
       156     0.86102     0.52537
       157     0.86629     0.52797
       158     0.87147     0.53052
       159     0.87657     0.53303
       160     0.88158     0.53548
       161     0.88651     0.53788
       162     0.89134     0.54024
       163     0.89608     0.54254
       164     0.90074     0.54479
       165     0.90530     0.54699
       166     0.90976     0.54914
       167     0.91414     0.55124
       168     0.91841     0.55329
       169     0.92259     0.55529
       170     0.92667     0.55723
       171     0.93066     0.55913
       172     0.93454     0.56097
       173     0.93832     0.56276
       174     0.94200     0.56450
       175     0.94558     0.56618
       176     0.94905     0.56781
       177     0.95242     0.56939
       178     0.95568     0.57092
       179     0.95884     0.57240
       180     0.96189     0.57382
       181     0.96483     0.57519
       182     0.96766     0.57651
       183     0.97038     0.57777
       184     0.97299     0.57898
       185     0.97550     0.58014
       186     0.97789     0.58124
       187     0.98016     0.58229
       188     0.98233     0.58329
       189     0.98438     0.58423
       190     0.98631     0.58512
       191     0.98814     0.58595
       192     0.98984     0.58674
       193     0.99143     0.58746
       194     0.99290     0.58818
       195     0.99421     0.58897
       196     0.99537     0.58980
       197     0.99640     0.59066
       198     0.99730     0.59152
       199     0.99806     0.59236
       200     0.99870     0.59319
       201     0.99922     0.59398
       202     0.99961     0.59474
       203     0.99988     0.59547
       204     1.00002     0.59616
       205     1.00004     0.59682
  POINTS ON THE BLADE TO BE USED FOR PLOTTING 
  AND FINAL INTERPOLATION 
  N           X          YUP        YLOW        THICK 
    1      0.0000      0.0031      0.0031      0.0000
    2      0.0001      0.0041      0.0018      0.0023
    3      0.0002      0.0056      0.0007      0.0049
    4      0.0006      0.0072     -0.0002      0.0074
    5      0.0010      0.0089     -0.0009      0.0099
    6      0.0016      0.0108     -0.0015      0.0123
    7      0.0022      0.0125     -0.0019      0.0144
    8      0.0030      0.0143     -0.0022      0.0165
    9      0.0040      0.0161     -0.0024      0.0185
   10      0.0050      0.0180     -0.0025      0.0204
   11      0.0062      0.0199     -0.0024      0.0223
   12      0.0075      0.0218     -0.0022      0.0240
   13      0.0089      0.0239     -0.0019      0.0257
   14      0.0105      0.0259     -0.0014      0.0274
   15      0.0122      0.0281     -0.0008      0.0290
   16      0.0140      0.0305     -0.0001      0.0306
   17      0.0159      0.0329      0.0007      0.0322
   18      0.0179      0.0355      0.0018      0.0337
   19      0.0201      0.0382      0.0030      0.0352
   20      0.0223      0.0411      0.0044      0.0367
   21      0.0247      0.0440      0.0060      0.0381
   22      0.0272      0.0472      0.0077      0.0394
   23      0.0299      0.0504      0.0097      0.0407
   24      0.0326      0.0537      0.0117      0.0420
   25      0.0355      0.0572      0.0139      0.0433
   26      0.0384      0.0608      0.0161      0.0447
   27      0.0415      0.0645      0.0184      0.0461
   28      0.0447      0.0683      0.0208      0.0475
   29      0.0481      0.0722      0.0233      0.0489
   30      0.0515      0.0762      0.0259      0.0504
   31      0.0550      0.0804      0.0285      0.0518
   32      0.0587      0.0846      0.0313      0.0533
   33      0.0625      0.0889      0.0341      0.0548
   34      0.0663      0.0933      0.0370      0.0563
   35      0.0703      0.0978      0.0399      0.0578
   36      0.0744      0.1023      0.0430      0.0593
   37      0.0786      0.1070      0.0461      0.0609
   38      0.0829      0.1117      0.0493      0.0624
   39      0.0873      0.1165      0.0526      0.0639
   40      0.0918      0.1214      0.0559      0.0655
   41      0.0964      0.1264      0.0593      0.0670
   42      0.1011      0.1314      0.0628      0.0686
   43      0.1059      0.1364      0.0663      0.0701
   44      0.1108      0.1416      0.0699      0.0717
   45      0.1159      0.1468      0.0736      0.0732
   46      0.1210      0.1520      0.0773      0.0747
   47      0.1261      0.1573      0.0811      0.0762
   48      0.1314      0.1627      0.0849      0.0777
   49      0.1368      0.1680      0.0888      0.0792
   50      0.1423      0.1735      0.0928      0.0807
   51      0.1478      0.1789      0.0968      0.0822
   52      0.1535      0.1844      0.1008      0.0836
   53      0.1592      0.1900      0.1049      0.0851
   54      0.1650      0.1955      0.1090      0.0865
   55      0.1709      0.2011      0.1132      0.0879
   56      0.1769      0.2068      0.1175      0.0893
   57      0.1830      0.2124      0.1218      0.0906
   58      0.1891      0.2180      0.1261      0.0920
   59      0.1954      0.2237      0.1304      0.0933
   60      0.2017      0.2294      0.1348      0.0946
   61      0.2080      0.2351      0.1393      0.0958
   62      0.2145      0.2408      0.1438      0.0970
   63      0.2210      0.2465      0.1483      0.0982
   64      0.2276      0.2522      0.1528      0.0994
   65      0.2342      0.2579      0.1574      0.1005
   66      0.2409      0.2636      0.1620      0.1016
   67      0.2477      0.2693      0.1666      0.1027
   68      0.2546      0.2750      0.1713      0.1037
   69      0.2615      0.2807      0.1760      0.1047
   70      0.2684      0.2864      0.1807      0.1057
   71      0.2755      0.2920      0.1854      0.1066
   72      0.2826      0.2977      0.1901      0.1075
   73      0.2897      0.3033      0.1949      0.1084
   74      0.2969      0.3089      0.1997      0.1092
   75      0.3041      0.3145      0.2045      0.1100
   76      0.3114      0.3200      0.2093      0.1107
   77      0.3187      0.3256      0.2142      0.1114
   78      0.3261      0.3310      0.2190      0.1120
   79      0.3335      0.3365      0.2239      0.1126
   80      0.3410      0.3419      0.2287      0.1132
   81      0.3485      0.3473      0.2336      0.1137
   82      0.3560      0.3527      0.2385      0.1142
   83      0.3636      0.3580      0.2434      0.1146
   84      0.3712      0.3633      0.2482      0.1150
   85      0.3789      0.3685      0.2531      0.1154
   86      0.3865      0.3737      0.2580      0.1157
   87      0.3942      0.3788      0.2629      0.1159
   88      0.4020      0.3839      0.2678      0.1161
   89      0.4097      0.3889      0.2726      0.1163
   90      0.4175      0.3939      0.2775      0.1164
   91      0.4253      0.3989      0.2824      0.1165
   92      0.4331      0.4038      0.2872      0.1165
   93      0.4409      0.4086      0.2921      0.1165
   94      0.4488      0.4134      0.2969      0.1164
   95      0.4566      0.4181      0.3017      0.1163
   96      0.4645      0.4227      0.3066      0.1162
   97      0.4724      0.4274      0.3114      0.1160
   98      0.4803      0.4319      0.3162      0.1157
   99      0.4882      0.4364      0.3209      0.1155
  100      0.4961      0.4408      0.3257      0.1151
  101      0.5039      0.4452      0.3304      0.1148
  102      0.5118      0.4495      0.3351      0.1143
  103      0.5197      0.4537      0.3398      0.1139
  104      0.5276      0.4579      0.3445      0.1134
  105      0.5355      0.4620      0.3492      0.1128
  106      0.5434      0.4661      0.3538      0.1123
  107      0.5512      0.4700      0.3584      0.1116
  108      0.5591      0.4739      0.3630      0.1110
  109      0.5669      0.4778      0.3675      0.1103
  110      0.5747      0.4815      0.3720      0.1095
  111      0.5825      0.4852      0.3765      0.1087
  112      0.5903      0.4889      0.3810      0.1079
  113      0.5980      0.4924      0.3854      0.1070
  114      0.6058      0.4959      0.3898      0.1061
  115      0.6135      0.4994      0.3942      0.1052
  116      0.6211      0.5027      0.3985      0.1042
  117      0.6288      0.5060      0.4028      0.1032
  118      0.6364      0.5092      0.4071      0.1022
  119      0.6440      0.5124      0.4113      0.1011
  120      0.6515      0.5155      0.4155      0.1000
  121      0.6590      0.5185      0.4196      0.0988
  122      0.6665      0.5214      0.4238      0.0977
  123      0.6739      0.5243      0.4278      0.0965
  124      0.6813      0.5271      0.4319      0.0953
  125      0.6886      0.5299      0.4359      0.0940
  126      0.6959      0.5326      0.4398      0.0928
  127      0.7031      0.5352      0.4437      0.0915
  128      0.7103      0.5377      0.4476      0.0901
  129      0.7174      0.5402      0.4514      0.0888
  130      0.7245      0.5427      0.4552      0.0874
  131      0.7316      0.5450      0.4590      0.0861
  132      0.7385      0.5473      0.4627      0.0847
  133      0.7454      0.5496      0.4663      0.0832
  134      0.7523      0.5517      0.4699      0.0818
  135      0.7591      0.5538      0.4735      0.0804
  136      0.7658      0.5559      0.4770      0.0789
  137      0.7724      0.5579      0.4804      0.0774
  138      0.7790      0.5598      0.4839      0.0760
  139      0.7855      0.5617      0.4872      0.0745
  140      0.7920      0.5635      0.4905      0.0730
  141      0.7983      0.5653      0.4938      0.0715
  142      0.8046      0.5670      0.4970      0.0700
  143      0.8109      0.5686      0.5002      0.0684
  144      0.8170      0.5702      0.5033      0.0669
  145      0.8231      0.5718      0.5064      0.0654
  146      0.8291      0.5733      0.5094      0.0639
  147      0.8350      0.5747      0.5124      0.0623
  148      0.8408      0.5761      0.5153      0.0608
  149      0.8465      0.5774      0.5182      0.0593
  150      0.8522      0.5787      0.5210      0.0578
  151      0.8577      0.5800      0.5237      0.0563
  152      0.8632      0.5812      0.5264      0.0548
  153      0.8686      0.5823      0.5291      0.0533
  154      0.8739      0.5835      0.5317      0.0518
  155      0.8790      0.5845      0.5342      0.0503
  156      0.8841      0.5856      0.5367      0.0488
  157      0.8892      0.5865      0.5392      0.0474
  158      0.8941      0.5875      0.5415      0.0459
  159      0.8989      0.5884      0.5439      0.0445
  160      0.9036      0.5893      0.5462      0.0431
  161      0.9082      0.5901      0.5484      0.0417
  162      0.9127      0.5909      0.5505      0.0404
  163      0.9171      0.5917      0.5527      0.0390
  164      0.9214      0.5924      0.5547      0.0377
  165      0.9256      0.5931      0.5567      0.0364
  166      0.9297      0.5938      0.5587      0.0351
  167      0.9337      0.5944      0.5605      0.0338
  168      0.9375      0.5950      0.5624      0.0326
  169      0.9413      0.5956      0.5642      0.0314
  170      0.9450      0.5961      0.5659      0.0302
  171      0.9485      0.5966      0.5676      0.0291
  172      0.9519      0.5971      0.5692      0.0280
  173      0.9553      0.5976      0.5707      0.0269
  174      0.9585      0.5980      0.5722      0.0258
  175      0.9616      0.5985      0.5737      0.0248
  176      0.9645      0.5989      0.5750      0.0238
  177      0.9674      0.5992      0.5764      0.0229
  178      0.9701      0.5996      0.5777      0.0219
  179      0.9728      0.5999      0.5789      0.0210
  180      0.9753      0.6002      0.5800      0.0202
  181      0.9777      0.6005      0.5811      0.0194
  182      0.9799      0.6008      0.5822      0.0186
  183      0.9821      0.6010      0.5832      0.0179
  184      0.9841      0.6013      0.5841      0.0172
  185      0.9860      0.6015      0.5850      0.0165
  186      0.9878      0.6017      0.5858      0.0159
  187      0.9895      0.6018      0.5866      0.0152
  188      0.9911      0.6017      0.5873      0.0145
  189      0.9925      0.6016      0.5880      0.0136
  190      0.9938      0.6013      0.5887      0.0126
  191      0.9950      0.6010      0.5895      0.0115
  192      0.9960      0.6007      0.5903      0.0103
  193      0.9970      0.6003      0.5912      0.0091
  194      0.9978      0.5999      0.5920      0.0078
  195      0.9984      0.5994      0.5929      0.0065
  196      0.9990      0.5989      0.5937      0.0052
  197      0.9994      0.5984      0.5945      0.0039
  198      0.9998      0.5978      0.5952      0.0026
  199      0.9999      0.5973      0.5959      0.0013
  200      1.0000      0.5968      0.5968      0.0000
 GRID EXPANSION RATIO UP=    1.11538 DOWN =    1.07955
  AXIAL,TANGENTIAL AND RADIAL COORDINATES ON THE STREAM
  SURFACE BEFORE TRANSFORMING TO R-THETA COORDINATES 
 J, XGRID,YGRID,RGRID            1   5.24754822E-02  -1.01534370E-02  0.500008404    
 J, XGRID,YGRID,RGRID            2   5.36424145E-02  -8.95424839E-03  0.500006080    
 J, XGRID,YGRID,RGRID            3   5.46886213E-02  -7.87910819E-03  0.500004411    
 J, XGRID,YGRID,RGRID            4   5.56266084E-02  -6.91518467E-03  0.500003457    
 J, XGRID,YGRID,RGRID            5   5.64675741E-02  -6.05097320E-03  0.500002980    
 J, XGRID,YGRID,RGRID            6   5.72215356E-02  -5.27615845E-03  0.500003099    
 J, XGRID,YGRID,RGRID            7   5.78975156E-02  -4.58149379E-03  0.500003517    
 J, XGRID,YGRID,RGRID            8   5.85035570E-02  -3.95868719E-03  0.500003994    
 J, XGRID,YGRID,RGRID            9   5.90469204E-02  -3.40030645E-03  0.500004649    
 J, XGRID,YGRID,RGRID           10   5.95340729E-02  -2.89968657E-03  0.500005245    
 J, XGRID,YGRID,RGRID           11   5.99708259E-02  -2.45085265E-03  0.500005901    
 J, XGRID,YGRID,RGRID           12   6.03624061E-02  -2.04844750E-03  0.500006557    
 J, XGRID,YGRID,RGRID           13   6.07134774E-02  -1.68766896E-03  0.500007153    
 J, XGRID,YGRID,RGRID           14   6.10282384E-02  -1.36421050E-03  0.500007808    
 J, XGRID,YGRID,RGRID           15   6.13104329E-02  -1.07421179E-03  0.500008345    
 J, XGRID,YGRID,RGRID           16   6.15634359E-02  -8.14211671E-04  0.500008941    
 J, XGRID,YGRID,RGRID           17   6.17902651E-02  -5.81106928E-04  0.500009358    
 J, XGRID,YGRID,RGRID           18   6.19936436E-02  -3.72115319E-04  0.500009894    
 J, XGRID,YGRID,RGRID           19   6.21759668E-02  -1.84742530E-04  0.500010312    
 J, XGRID,YGRID,RGRID           20   6.23394400E-02  -1.67523103E-05  0.500010669    
 J, XGRID,YGRID,RGRID           21   6.24860004E-02   1.33860405E-04  0.500011027    
 J, XGRID,YGRID,RGRID           22   6.26325607E-02   6.20234816E-04  0.500011086    
 J, XGRID,YGRID,RGRID           23   6.27858043E-02   8.72432429E-04  0.500011206    
 J, XGRID,YGRID,RGRID           24   6.29463345E-02   1.09192170E-03  0.500011265    
 J, XGRID,YGRID,RGRID           25   6.31147847E-02   1.30913686E-03  0.500011325    
 J, XGRID,YGRID,RGRID           26   6.32917508E-02   1.53369096E-03  0.500011384    
 J, XGRID,YGRID,RGRID           27   6.34778813E-02   1.76652218E-03  0.500011563    
 J, XGRID,YGRID,RGRID           28   6.36737570E-02   2.00828770E-03  0.500011563    
 J, XGRID,YGRID,RGRID           29   6.38800189E-02   2.25955737E-03  0.500011742    
 J, XGRID,YGRID,RGRID           30   6.40972555E-02   2.52083293E-03  0.500011802    
 J, XGRID,YGRID,RGRID           31   6.43260926E-02   2.79255956E-03  0.500011742    
 J, XGRID,YGRID,RGRID           32   6.45671561E-02   3.07512889E-03  0.500011861    
 J, XGRID,YGRID,RGRID           33   6.48210496E-02   3.36888479E-03  0.500011921    
 J, XGRID,YGRID,RGRID           34   6.50884062E-02   3.67412460E-03  0.500011921    
 J, XGRID,YGRID,RGRID           35   6.53698370E-02   3.99109907E-03  0.500011981    
 J, XGRID,YGRID,RGRID           36   6.56658038E-02   4.31985641E-03  0.500011981    
 J, XGRID,YGRID,RGRID           37   6.59763813E-02   4.65997588E-03  0.500011921    
 J, XGRID,YGRID,RGRID           38   6.63023070E-02   5.01172058E-03  0.500011981    
 J, XGRID,YGRID,RGRID           39   6.66443780E-02   5.37539180E-03  0.500011802    
 J, XGRID,YGRID,RGRID           40   6.70035034E-02   5.75133087E-03  0.500011802    
 J, XGRID,YGRID,RGRID           41   6.73806742E-02   6.13990379E-03  0.500011623    
 J, XGRID,YGRID,RGRID           42   6.77769557E-02   6.54149335E-03  0.500011563    
 J, XGRID,YGRID,RGRID           43   6.81933463E-02   6.95628254E-03  0.500011444    
 J, XGRID,YGRID,RGRID           44   6.86305910E-02   7.38422852E-03  0.500011206    
 J, XGRID,YGRID,RGRID           45   6.90901652E-02   7.82585796E-03  0.500010908    
 J, XGRID,YGRID,RGRID           46   6.95737377E-02   8.28175899E-03  0.500010669    
 J, XGRID,YGRID,RGRID           47   7.00831041E-02   8.75255000E-03  0.500010312    
 J, XGRID,YGRID,RGRID           48   7.06202537E-02   9.23887361E-03  0.500009954    
 J, XGRID,YGRID,RGRID           49   7.11873993E-02   9.74135008E-03  0.500009596    
 J, XGRID,YGRID,RGRID           50   7.17913881E-02   1.02644516E-02  0.500008941    
 J, XGRID,YGRID,RGRID           51   7.24409148E-02   1.08135762E-02  0.500008345    
 J, XGRID,YGRID,RGRID           52   7.31367320E-02   1.13868546E-02  0.500007629    
 J, XGRID,YGRID,RGRID           53   7.38782659E-02   1.19812666E-02  0.500006795    
 J, XGRID,YGRID,RGRID           54   7.46637806E-02   1.25926640E-02  0.500005960    
 J, XGRID,YGRID,RGRID           55   7.54901916E-02   1.32157942E-02  0.500004888    
 J, XGRID,YGRID,RGRID           56   7.63532296E-02   1.38450367E-02  0.500003755    
 J, XGRID,YGRID,RGRID           57   7.72389248E-02   1.44685265E-02  0.500002563    
 J, XGRID,YGRID,RGRID           58   7.81331062E-02   1.50756789E-02  0.500001073    
 J, XGRID,YGRID,RGRID           59   7.90309533E-02   1.56632923E-02  0.499999851    
 J, XGRID,YGRID,RGRID           60   7.99285546E-02   1.62291639E-02  0.499998331    
 J, XGRID,YGRID,RGRID           61   8.08228552E-02   1.67719498E-02  0.499996901    
 J, XGRID,YGRID,RGRID           62   8.17117020E-02   1.72910560E-02  0.499995381    
 J, XGRID,YGRID,RGRID           63   8.25938880E-02   1.77865047E-02  0.499993980    
 J, XGRID,YGRID,RGRID           64   8.34753662E-02   1.82619859E-02  0.499992311    
 J, XGRID,YGRID,RGRID           65   8.43600929E-02   1.87209994E-02  0.499990821    
 J, XGRID,YGRID,RGRID           66   8.52473378E-02   1.91606171E-02  0.499989122    
 J, XGRID,YGRID,RGRID           67   8.61359760E-02   1.95817724E-02  0.499987662    
 J, XGRID,YGRID,RGRID           68   8.70244205E-02   1.99839063E-02  0.499986202    
 J, XGRID,YGRID,RGRID           69   8.79105181E-02   2.03664023E-02  0.499984622    
 J, XGRID,YGRID,RGRID           70   8.87918919E-02   2.07286216E-02  0.499983132    
 J, XGRID,YGRID,RGRID           71   8.96605998E-02   2.10680608E-02  0.499981672    
 J, XGRID,YGRID,RGRID           72   9.05118063E-02   2.13838946E-02  0.499980271    
 J, XGRID,YGRID,RGRID           73   9.13431793E-02   2.16765013E-02  0.499978840    
 J, XGRID,YGRID,RGRID           74   9.21528339E-02   2.19465345E-02  0.499977529    
 J, XGRID,YGRID,RGRID           75   9.29393694E-02   2.21948586E-02  0.499976426    
 J, XGRID,YGRID,RGRID           76   9.37017947E-02   2.24225651E-02  0.499975234    
 J, XGRID,YGRID,RGRID           77   9.44395363E-02   2.26312149E-02  0.499974072    
 J, XGRID,YGRID,RGRID           78   9.51553583E-02   2.28216071E-02  0.499973208    
 J, XGRID,YGRID,RGRID           79   9.58499312E-02   2.29957309E-02  0.499972224    
 J, XGRID,YGRID,RGRID           80   9.65232551E-02   2.31545959E-02  0.499971390    
 J, XGRID,YGRID,RGRID           81   9.71753374E-02   2.32991669E-02  0.499970615    
 J, XGRID,YGRID,RGRID           82   9.78062004E-02   2.34303754E-02  0.499969959    
 J, XGRID,YGRID,RGRID           83   9.84158143E-02   2.35491060E-02  0.499969304    
 J, XGRID,YGRID,RGRID           84   9.90041718E-02   2.36562267E-02  0.499968648    
 J, XGRID,YGRID,RGRID           85   9.95712951E-02   2.37525329E-02  0.499968052    
 J, XGRID,YGRID,RGRID           86  0.100117162       2.38388274E-02  0.499967575    
 J, XGRID,YGRID,RGRID           87  0.100641832       2.39158459E-02  0.499967217    
 J, XGRID,YGRID,RGRID           88  0.101145230       2.39843130E-02  0.499966860    
 J, XGRID,YGRID,RGRID           89  0.101627395       2.40449011E-02  0.499966592    
 J, XGRID,YGRID,RGRID           90  0.102088310       2.40958929E-02  0.499966264    
 J, XGRID,YGRID,RGRID           91  0.102527998       2.38968562E-02  0.499965996    
 J, XGRID,YGRID,RGRID           92  0.102967665       2.40191575E-02  0.499966621    
 J, XGRID,YGRID,RGRID           93  0.103442341       2.41512917E-02  0.499967396    
 J, XGRID,YGRID,RGRID           94  0.103954762       2.42939387E-02  0.499968201    
 J, XGRID,YGRID,RGRID           95  0.104507923       2.44479310E-02  0.499968916    
 J, XGRID,YGRID,RGRID           96  0.105105110       2.46141776E-02  0.499969840    
 J, XGRID,YGRID,RGRID           97  0.105749823       2.47936472E-02  0.499970943    
 J, XGRID,YGRID,RGRID           98  0.106445812       2.49873940E-02  0.499972045    
 J, XGRID,YGRID,RGRID           99  0.107197143       2.51965523E-02  0.499973238    
 J, XGRID,YGRID,RGRID          100  0.108008258       2.54223514E-02  0.499974519    
 J, XGRID,YGRID,RGRID          101  0.108883917       2.56661102E-02  0.499976009    
 J, XGRID,YGRID,RGRID          102  0.109829210       2.59292629E-02  0.499977529    
 J, XGRID,YGRID,RGRID          103  0.110849716       2.62133479E-02  0.499979168    
 J, XGRID,YGRID,RGRID          104  0.111951426       2.65200324E-02  0.499981105    
 J, XGRID,YGRID,RGRID          105  0.113140740       2.68511157E-02  0.499983072    
 J, XGRID,YGRID,RGRID          106  0.114424706       2.72085387E-02  0.499985158    
 J, XGRID,YGRID,RGRID          107  0.115810759       2.75943950E-02  0.499987304    
 J, XGRID,YGRID,RGRID          108  0.117307119       2.80109458E-02  0.499989688    
 J, XGRID,YGRID,RGRID          109  0.118922502       2.84606330E-02  0.499992132    
 J, XGRID,YGRID,RGRID          110  0.120666407       2.89460961E-02  0.499994576    
 J, XGRID,YGRID,RGRID          111  0.122549027       2.94701774E-02  0.499997020    

  THE BLADE CENTROID ON THE X-Y SURFACE IS AT X, Y=    0.08133   0.01396


  THE J VALUE OF THE CENTROID IS J =           62

  THE CENTROID ON THE STREAM SURFACE IS AT   8.13256875E-02   0.00000000    
  THE HUB SECTION CENTROID IS AT   8.14773291E-02   0.00000000    

  AXIAL & RADIAL COORDINATES ON THE SS AFTER STACKING 
  J  , XGRID,RGRID            1   5.26271239E-02  0.500008404    
  J  , XGRID,RGRID            2   5.37940562E-02  0.500006080    
  J  , XGRID,RGRID            3   5.48402630E-02  0.500004411    
  J  , XGRID,RGRID            4   5.57782501E-02  0.500003457    
  J  , XGRID,RGRID            5   5.66192158E-02  0.500002980    
  J  , XGRID,RGRID            6   5.73731773E-02  0.500003099    
  J  , XGRID,RGRID            7   5.80491573E-02  0.500003517    
  J  , XGRID,RGRID            8   5.86551987E-02  0.500003994    
  J  , XGRID,RGRID            9   5.91985621E-02  0.500004649    
  J  , XGRID,RGRID           10   5.96857145E-02  0.500005245    
  J  , XGRID,RGRID           11   6.01224676E-02  0.500005901    
  J  , XGRID,RGRID           12   6.05140477E-02  0.500006557    
  J  , XGRID,RGRID           13   6.08651191E-02  0.500007153    
  J  , XGRID,RGRID           14   6.11798801E-02  0.500007808    
  J  , XGRID,RGRID           15   6.14620745E-02  0.500008345    
  J  , XGRID,RGRID           16   6.17150776E-02  0.500008941    
  J  , XGRID,RGRID           17   6.19419068E-02  0.500009358    
  J  , XGRID,RGRID           18   6.21452853E-02  0.500009894    
  J  , XGRID,RGRID           19   6.23276085E-02  0.500010312    
  J  , XGRID,RGRID           20   6.24910817E-02  0.500010669    
  J  , XGRID,RGRID           21   6.26376420E-02  0.500011027    
  J  , XGRID,RGRID           22   6.27842024E-02  0.500011086    
  J  , XGRID,RGRID           23   6.29374459E-02  0.500011206    
  J  , XGRID,RGRID           24   6.30979761E-02  0.500011265    
  J  , XGRID,RGRID           25   6.32664263E-02  0.500011325    
  J  , XGRID,RGRID           26   6.34433925E-02  0.500011384    
  J  , XGRID,RGRID           27   6.36295229E-02  0.500011563    
  J  , XGRID,RGRID           28   6.38253987E-02  0.500011563    
  J  , XGRID,RGRID           29   6.40316606E-02  0.500011742    
  J  , XGRID,RGRID           30   6.42488971E-02  0.500011802    
  J  , XGRID,RGRID           31   6.44777343E-02  0.500011742    
  J  , XGRID,RGRID           32   6.47187978E-02  0.500011861    
  J  , XGRID,RGRID           33   6.49726912E-02  0.500011921    
  J  , XGRID,RGRID           34   6.52400479E-02  0.500011921    
  J  , XGRID,RGRID           35   6.55214787E-02  0.500011981    
  J  , XGRID,RGRID           36   6.58174455E-02  0.500011981    
  J  , XGRID,RGRID           37   6.61280230E-02  0.500011921    
  J  , XGRID,RGRID           38   6.64539486E-02  0.500011981    
  J  , XGRID,RGRID           39   6.67960197E-02  0.500011802    
  J  , XGRID,RGRID           40   6.71551451E-02  0.500011802    
  J  , XGRID,RGRID           41   6.75323159E-02  0.500011623    
  J  , XGRID,RGRID           42   6.79285973E-02  0.500011563    
  J  , XGRID,RGRID           43   6.83449879E-02  0.500011444    
  J  , XGRID,RGRID           44   6.87822327E-02  0.500011206    
  J  , XGRID,RGRID           45   6.92418069E-02  0.500010908    
  J  , XGRID,RGRID           46   6.97253793E-02  0.500010669    
  J  , XGRID,RGRID           47   7.02347457E-02  0.500010312    
  J  , XGRID,RGRID           48   7.07718953E-02  0.500009954    
  J  , XGRID,RGRID           49   7.13390410E-02  0.500009596    
  J  , XGRID,RGRID           50   7.19430298E-02  0.500008941    
  J  , XGRID,RGRID           51   7.25925565E-02  0.500008345    
  J  , XGRID,RGRID           52   7.32883736E-02  0.500007629    
  J  , XGRID,RGRID           53   7.40299076E-02  0.500006795    
  J  , XGRID,RGRID           54   7.48154223E-02  0.500005960    
  J  , XGRID,RGRID           55   7.56418332E-02  0.500004888    
  J  , XGRID,RGRID           56   7.65048712E-02  0.500003755    
  J  , XGRID,RGRID           57   7.73905665E-02  0.500002563    
  J  , XGRID,RGRID           58   7.82847479E-02  0.500001073    
  J  , XGRID,RGRID           59   7.91825950E-02  0.499999851    
  J  , XGRID,RGRID           60   8.00801963E-02  0.499998331    
  J  , XGRID,RGRID           61   8.09744969E-02  0.499996901    
  J  , XGRID,RGRID           62   8.18633437E-02  0.499995381    
  J  , XGRID,RGRID           63   8.27455297E-02  0.499993980    
  J  , XGRID,RGRID           64   8.36270079E-02  0.499992311    
  J  , XGRID,RGRID           65   8.45117345E-02  0.499990821    
  J  , XGRID,RGRID           66   8.53989795E-02  0.499989122    
  J  , XGRID,RGRID           67   8.62876177E-02  0.499987662    
  J  , XGRID,RGRID           68   8.71760622E-02  0.499986202    
  J  , XGRID,RGRID           69   8.80621597E-02  0.499984622    
  J  , XGRID,RGRID           70   8.89435336E-02  0.499983132    
  J  , XGRID,RGRID           71   8.98122415E-02  0.499981672    
  J  , XGRID,RGRID           72   9.06634480E-02  0.499980271    
  J  , XGRID,RGRID           73   9.14948210E-02  0.499978840    
  J  , XGRID,RGRID           74   9.23044756E-02  0.499977529    
  J  , XGRID,RGRID           75   9.30910110E-02  0.499976426    
  J  , XGRID,RGRID           76   9.38534364E-02  0.499975234    
  J  , XGRID,RGRID           77   9.45911780E-02  0.499974072    
  J  , XGRID,RGRID           78   9.53070000E-02  0.499973208    
  J  , XGRID,RGRID           79   9.60015729E-02  0.499972224    
  J  , XGRID,RGRID           80   9.66748968E-02  0.499971390    
  J  , XGRID,RGRID           81   9.73269790E-02  0.499970615    
  J  , XGRID,RGRID           82   9.79578421E-02  0.499969959    
  J  , XGRID,RGRID           83   9.85674560E-02  0.499969304    
  J  , XGRID,RGRID           84   9.91558135E-02  0.499968648    
  J  , XGRID,RGRID           85   9.97229367E-02  0.499968052    
  J  , XGRID,RGRID           86  0.100268804      0.499967575    
  J  , XGRID,RGRID           87  0.100793473      0.499967217    
  J  , XGRID,RGRID           88  0.101296872      0.499966860    
  J  , XGRID,RGRID           89  0.101779036      0.499966592    
  J  , XGRID,RGRID           90  0.102239951      0.499966264    
  J  , XGRID,RGRID           91  0.102679640      0.499965996    
  J  , XGRID,RGRID           92  0.103119306      0.499966621    
  J  , XGRID,RGRID           93  0.103593983      0.499967396    
  J  , XGRID,RGRID           94  0.104106404      0.499968201    
  J  , XGRID,RGRID           95  0.104659565      0.499968916    
  J  , XGRID,RGRID           96  0.105256751      0.499969840    
  J  , XGRID,RGRID           97  0.105901465      0.499970943    
  J  , XGRID,RGRID           98  0.106597453      0.499972045    
  J  , XGRID,RGRID           99  0.107348785      0.499973238    
  J  , XGRID,RGRID          100  0.108159900      0.499974519    
  J  , XGRID,RGRID          101  0.109035559      0.499976009    
  J  , XGRID,RGRID          102  0.109980851      0.499977529    
  J  , XGRID,RGRID          103  0.111001357      0.499979168    
  J  , XGRID,RGRID          104  0.112103067      0.499981105    
  J  , XGRID,RGRID          105  0.113292381      0.499983072    
  J  , XGRID,RGRID          106  0.114576347      0.499985158    
  J  , XGRID,RGRID          107  0.115962401      0.499987304    
  J  , XGRID,RGRID          108  0.117458761      0.499989688    
  J  , XGRID,RGRID          109  0.119074143      0.499992132    
  J  , XGRID,RGRID          110  0.120818049      0.499994576    
  J  , XGRID,RGRID          111  0.122700669      0.499997020    

  BLADE TRUE CHORD:AXIAL CHORD RATIO =    1.14113486    


    TKLE      TKTE      TKMAX     XTMAX     XMODLE     XMODTE    TK_TYP 
    0.0200    0.0100    0.1000    0.4500    0.0200    0.0100    2.0000


 FCHORD=    1.00000000      FPERP=    0.00000000     FTKSCALE=    1.00000000    


  CENTRELINE COORDINATES AND THICKNESS FOR INTYPE = 1

    XIN        YIN       TKIN 
   0.00000   0.00000   0.02282
   0.00006   0.00006   0.02291
   0.00025   0.00024   0.02311
   0.00056   0.00053   0.02340
   0.00100   0.00094   0.02377
   0.00156   0.00147   0.02421
   0.00224   0.00211   0.02472
   0.00305   0.00287   0.02530
   0.00398   0.00375   0.02594
   0.00504   0.00474   0.02663
   0.00622   0.00585   0.02738
   0.00752   0.00706   0.02819
   0.00895   0.00839   0.02904
   0.01049   0.00984   0.02995
   0.01216   0.01139   0.03089
   0.01395   0.01305   0.03189
   0.01587   0.01482   0.03292
   0.01790   0.01669   0.03400
   0.02005   0.01867   0.03511
   0.02232   0.02075   0.03626
   0.02472   0.02294   0.03745
   0.02723   0.02523   0.03867
   0.02985   0.02761   0.03991
   0.03260   0.03009   0.04119
   0.03546   0.03267   0.04250
   0.03844   0.03534   0.04383
   0.04153   0.03811   0.04518
   0.04474   0.04096   0.04656
   0.04806   0.04390   0.04796
   0.05149   0.04693   0.04937
   0.05504   0.05004   0.05081
   0.05869   0.05324   0.05225
   0.06246   0.05651   0.05372
   0.06633   0.05986   0.05519
   0.07031   0.06329   0.05667
   0.07440   0.06679   0.05817
   0.07860   0.07037   0.05967
   0.08290   0.07401   0.06117
   0.08730   0.07772   0.06269
   0.09181   0.08150   0.06420
   0.09642   0.08533   0.06571
   0.10113   0.08923   0.06722
   0.10594   0.09319   0.06873
   0.11085   0.09721   0.07024
   0.11585   0.10128   0.07174
   0.12095   0.10540   0.07324
   0.12615   0.10957   0.07472
   0.13144   0.11379   0.07620
   0.13682   0.11806   0.07767
   0.14229   0.12237   0.07912
   0.14784   0.12672   0.08056
   0.15349   0.13111   0.08198
   0.15923   0.13554   0.08339
   0.16504   0.14000   0.08478
   0.17095   0.14450   0.08615
   0.17693   0.14903   0.08750
   0.18299   0.15359   0.08883
   0.18914   0.15817   0.09013
   0.19536   0.16278   0.09141
   0.20166   0.16742   0.09267
   0.20803   0.17208   0.09389
   0.21447   0.17676   0.09510
   0.22099   0.18145   0.09627
   0.22757   0.18616   0.09741
   0.23422   0.19089   0.09852
   0.24094   0.19563   0.09961
   0.24772   0.20038   0.10065
   0.25457   0.20514   0.10167
   0.26148   0.20991   0.10265
   0.26845   0.21469   0.10359
   0.27547   0.21946   0.10450
   0.28255   0.22425   0.10537
   0.28968   0.22903   0.10621
   0.29687   0.23381   0.10700
   0.30411   0.23859   0.10776
   0.31140   0.24336   0.10848
   0.31873   0.24812   0.10916
   0.32611   0.25288   0.10979
   0.33353   0.25762   0.11039
   0.34099   0.26235   0.11094
   0.34850   0.26707   0.11145
   0.35604   0.27178   0.11192
   0.36362   0.27647   0.11235
   0.37123   0.28114   0.11273
   0.37887   0.28579   0.11307
   0.38654   0.29042   0.11336
   0.39424   0.29503   0.11362
   0.40197   0.29962   0.11382
   0.40972   0.30418   0.11398
   0.41750   0.30872   0.11410
   0.42529   0.31323   0.11417
   0.43311   0.31771   0.11420
   0.44094   0.32217   0.11419
   0.44878   0.32659   0.11413
   0.45664   0.33099   0.11402
   0.46451   0.33535   0.11387
   0.47239   0.33968   0.11368
   0.48027   0.34398   0.11344
   0.48816   0.34824   0.11316
   0.49605   0.35246   0.11284
   0.50395   0.35665   0.11247
   0.51184   0.36081   0.11206
   0.51973   0.36492   0.11161
   0.52761   0.36899   0.11111
   0.53549   0.37302   0.11058
   0.54336   0.37701   0.11000
   0.55122   0.38096   0.10938
   0.55906   0.38487   0.10873
   0.56689   0.38873   0.10803
   0.57471   0.39255   0.10729
   0.58250   0.39632   0.10652
   0.59028   0.40005   0.10571
   0.59803   0.40373   0.10486
   0.60576   0.40737   0.10398
   0.61346   0.41096   0.10306
   0.62113   0.41450   0.10211
   0.62877   0.41800   0.10113
   0.63638   0.42145   0.10011
   0.64396   0.42485   0.09906
   0.65150   0.42820   0.09798
   0.65901   0.43151   0.09687
   0.66647   0.43476   0.09573
   0.67389   0.43797   0.09456
   0.68127   0.44113   0.09337
   0.68860   0.44424   0.09215
   0.69589   0.44729   0.09091
   0.70313   0.45030   0.08964
   0.71031   0.45327   0.08835
   0.71745   0.45618   0.08704
   0.72453   0.45904   0.08570
   0.73155   0.46185   0.08435
   0.73852   0.46461   0.08298
   0.74543   0.46732   0.08160
   0.75228   0.46999   0.08019
   0.75906   0.47260   0.07878
   0.76578   0.47517   0.07735
   0.77243   0.47768   0.07591
   0.77901   0.48015   0.07445
   0.78553   0.48257   0.07299
   0.79197   0.48493   0.07152
   0.79834   0.48725   0.07004
   0.80464   0.48953   0.06856
   0.81086   0.49175   0.06707
   0.81701   0.49393   0.06558
   0.82307   0.49606   0.06408
   0.82905   0.49814   0.06259
   0.83496   0.50017   0.06109
   0.84077   0.50216   0.05960
   0.84651   0.50410   0.05811
   0.85216   0.50600   0.05663
   0.85771   0.50785   0.05515
   0.86318   0.50965   0.05367
   0.86856   0.51141   0.05221
   0.87385   0.51312   0.05075
   0.87905   0.51479   0.04930
   0.88415   0.51642   0.04787
   0.88915   0.51800   0.04645
   0.89406   0.51954   0.04504
   0.89887   0.52104   0.04365
   0.90358   0.52249   0.04227
   0.90819   0.52390   0.04091
   0.91270   0.52527   0.03957
   0.91710   0.52660   0.03825
   0.92140   0.52788   0.03695
   0.92560   0.52913   0.03567
   0.92969   0.53034   0.03442
   0.93367   0.53150   0.03319
   0.93754   0.53263   0.03198
   0.94131   0.53372   0.03080
   0.94496   0.53477   0.02965
   0.94851   0.53578   0.02852
   0.95194   0.53675   0.02743
   0.95526   0.53768   0.02636
   0.95847   0.53858   0.02532
   0.96156   0.53944   0.02432
   0.96454   0.54026   0.02335
   0.96740   0.54105   0.02241
   0.97015   0.54180   0.02151
   0.97277   0.54252   0.02064
   0.97528   0.54320   0.01980
   0.97768   0.54384   0.01901
   0.97995   0.54445   0.01825
   0.98210   0.54503   0.01752
   0.98413   0.54557   0.01684
   0.98605   0.54607   0.01619
   0.98784   0.54655   0.01558
   0.98951   0.54699   0.01501
   0.99105   0.54739   0.01449
   0.99248   0.54777   0.01400
   0.99378   0.54811   0.01355
   0.99496   0.54841   0.01315
   0.99602   0.54869   0.01279
   0.99695   0.54893   0.01246
   0.99776   0.54914   0.01219
   0.99844   0.54932   0.01195
   0.99900   0.54946   0.01176
   0.99944   0.54957   0.01161
   0.99975   0.54965   0.01150
   0.99994   0.54970   0.01143
   1.00000   0.54972   0.01141

  BLADE SURFACE COORDINATES GENERATED USING INTYPE = 1

  XUP          YUP       XLOW      YLOW 
   0.00001   0.01141  -0.00001  -0.01141
   0.00007   0.01151   0.00005  -0.01140
   0.00026   0.01179   0.00024  -0.01132
   0.00057   0.01223   0.00055  -0.01117
   0.00101   0.01282   0.00099  -0.01094
   0.00157   0.01357   0.00155  -0.01064
   0.00225   0.01447   0.00223  -0.01025
   0.00306   0.01552   0.00304  -0.00978
   0.00399   0.01672   0.00397  -0.00922
   0.00505   0.01806   0.00503  -0.00857
   0.00623   0.01954   0.00621  -0.00785
   0.00753   0.02116   0.00751  -0.00703
   0.00896   0.02292   0.00894  -0.00613
   0.01050   0.02481   0.01048  -0.00514
   0.01217   0.02683   0.01215  -0.00406
   0.01396   0.02899   0.01394  -0.00290
   0.01588   0.03128   0.01586  -0.00165
   0.01791   0.03369   0.01789  -0.00031
   0.02006   0.03623   0.02004   0.00111
   0.02233   0.03889   0.02231   0.00262
   0.02473   0.04166   0.02471   0.00422
   0.02724   0.04456   0.02722   0.00589
   0.02986   0.04757   0.02984   0.00765
   0.03261   0.05069   0.03259   0.00950
   0.03547   0.05392   0.03545   0.01142
   0.03845   0.05726   0.03843   0.01343
   0.04154   0.06070   0.04152   0.01552
   0.04475   0.06424   0.04473   0.01768
   0.04807   0.06788   0.04805   0.01992
   0.05150   0.07162   0.05148   0.02224
   0.05505   0.07545   0.05503   0.02464
   0.05870   0.07936   0.05868   0.02711
   0.06247   0.08337   0.06245   0.02965
   0.06634   0.08746   0.06632   0.03227
   0.07032   0.09163   0.07030   0.03495
   0.07441   0.09588   0.07439   0.03771
   0.07861   0.10020   0.07859   0.04053
   0.08291   0.10460   0.08289   0.04342
   0.08731   0.10906   0.08729   0.04638
   0.09182   0.11359   0.09180   0.04940
   0.09643   0.11819   0.09641   0.05248
   0.10114   0.12285   0.10112   0.05562
   0.10595   0.12756   0.10593   0.05883
   0.11086   0.13233   0.11084   0.06209
   0.11586   0.13715   0.11584   0.06541
   0.12096   0.14202   0.12094   0.06878
   0.12616   0.14693   0.12614   0.07221
   0.13145   0.15189   0.13143   0.07569
   0.13683   0.15689   0.13681   0.07922
   0.14230   0.16193   0.14228   0.08281
   0.14785   0.16700   0.14783   0.08644
   0.15350   0.17210   0.15348   0.09012
   0.15924   0.17723   0.15922   0.09384
   0.16505   0.18239   0.16503   0.09761
   0.17096   0.18757   0.17094   0.10142
   0.17694   0.19278   0.17692   0.10528
   0.18300   0.19800   0.18298   0.10917
   0.18915   0.20324   0.18913   0.11311
   0.19537   0.20849   0.19535   0.11708
   0.20167   0.21375   0.20165   0.12109
   0.20804   0.21903   0.20802   0.12513
   0.21448   0.22430   0.21446   0.12921
   0.22100   0.22959   0.22098   0.13332
   0.22758   0.23487   0.22756   0.13746
   0.23423   0.24015   0.23421   0.14163
   0.24095   0.24543   0.24093   0.14583
   0.24773   0.25071   0.24771   0.15006
   0.25458   0.25598   0.25456   0.15431
   0.26149   0.26124   0.26147   0.15859
   0.26846   0.26648   0.26844   0.16289
   0.27548   0.27172   0.27546   0.16721
   0.28256   0.27693   0.28254   0.17156
   0.28969   0.28213   0.28967   0.17592
   0.29688   0.28731   0.29686   0.18031
   0.30412   0.29247   0.30410   0.18471
   0.31141   0.29760   0.31139   0.18912
   0.31874   0.30270   0.31872   0.19354
   0.32612   0.30777   0.32610   0.19798
   0.33354   0.31281   0.33352   0.20243
   0.34100   0.31782   0.34098   0.20688
   0.34851   0.32280   0.34849   0.21135
   0.35605   0.32774   0.35603   0.21582
   0.36363   0.33264   0.36361   0.22029
   0.37124   0.33750   0.37122   0.22477
   0.37888   0.34232   0.37886   0.22925
   0.38655   0.34710   0.38653   0.23374
   0.39425   0.35184   0.39423   0.23822
   0.40198   0.35653   0.40196   0.24271
   0.40973   0.36117   0.40971   0.24719
   0.41751   0.36577   0.41749   0.25167
   0.42530   0.37032   0.42528   0.25614
   0.43312   0.37481   0.43310   0.26061
   0.44095   0.37926   0.44093   0.26507
   0.44879   0.38366   0.44877   0.26953
   0.45665   0.38800   0.45663   0.27398
   0.46452   0.39229   0.46450   0.27841
   0.47240   0.39652   0.47238   0.28284
   0.48028   0.40070   0.48026   0.28726
   0.48817   0.40482   0.48815   0.29166
   0.49606   0.40888   0.49604   0.29605
   0.50396   0.41289   0.50394   0.30042
   0.51185   0.41684   0.51183   0.30478
   0.51974   0.42072   0.51972   0.30911
   0.52762   0.42455   0.52760   0.31343
   0.53550   0.42831   0.53548   0.31773
   0.54337   0.43201   0.54335   0.32201
   0.55123   0.43565   0.55121   0.32627
   0.55907   0.43923   0.55905   0.33050
   0.56690   0.44274   0.56688   0.33471
   0.57472   0.44619   0.57470   0.33890
   0.58251   0.44958   0.58249   0.34306
   0.59029   0.45290   0.59027   0.34719
   0.59804   0.45616   0.59802   0.35130
   0.60577   0.45936   0.60575   0.35538
   0.61347   0.46249   0.61345   0.35943
   0.62114   0.46556   0.62112   0.36345
   0.62878   0.46856   0.62876   0.36744
   0.63639   0.47150   0.63637   0.37139
   0.64397   0.47438   0.64395   0.37532
   0.65151   0.47719   0.65149   0.37921
   0.65902   0.47994   0.65900   0.38307
   0.66648   0.48263   0.66646   0.38690
   0.67390   0.48525   0.67388   0.39069
   0.68128   0.48781   0.68126   0.39444
   0.68861   0.49031   0.68859   0.39816
   0.69590   0.49275   0.69588   0.40184
   0.70314   0.49512   0.70312   0.40549
   0.71033   0.49744   0.71030   0.40909
   0.71746   0.49969   0.71744   0.41266
   0.72454   0.50189   0.72452   0.41619
   0.73156   0.50403   0.73154   0.41967
   0.73853   0.50610   0.73851   0.42312
   0.74544   0.50812   0.74542   0.42653
   0.75229   0.51008   0.75227   0.42989
   0.75907   0.51199   0.75905   0.43321
   0.76579   0.51384   0.76577   0.43649
   0.77244   0.51563   0.77242   0.43973
   0.77902   0.51737   0.77900   0.44292
   0.78554   0.51906   0.78552   0.44607
   0.79198   0.52069   0.79196   0.44917
   0.79835   0.52228   0.79833   0.45223
   0.80465   0.52381   0.80463   0.45525
   0.81087   0.52529   0.81085   0.45822
   0.81702   0.52672   0.81700   0.46114
   0.82308   0.52810   0.82306   0.46402
   0.82906   0.52943   0.82904   0.46684
   0.83497   0.53072   0.83495   0.46963
   0.84078   0.53196   0.84076   0.47236
   0.84652   0.53316   0.84650   0.47505
   0.85217   0.53431   0.85215   0.47768
   0.85772   0.53542   0.85770   0.48027
   0.86319   0.53649   0.86317   0.48282
   0.86857   0.53751   0.86855   0.48531
   0.87386   0.53850   0.87384   0.48775
   0.87906   0.53945   0.87904   0.49014
   0.88416   0.54035   0.88414   0.49249
   0.88916   0.54123   0.88914   0.49478
   0.89407   0.54206   0.89405   0.49702
   0.89888   0.54286   0.89886   0.49921
   0.90359   0.54362   0.90357   0.50136
   0.90820   0.54436   0.90818   0.50345
   0.91271   0.54506   0.91269   0.50549
   0.91711   0.54572   0.91709   0.50747
   0.92141   0.54636   0.92139   0.50941
   0.92561   0.54697   0.92559   0.51130
   0.92970   0.54755   0.92968   0.51313
   0.93368   0.54810   0.93366   0.51491
   0.93755   0.54862   0.93753   0.51664
   0.94132   0.54912   0.94130   0.51832
   0.94497   0.54959   0.94495   0.51994
   0.94852   0.55004   0.94850   0.52151
   0.95195   0.55046   0.95193   0.52303
   0.95527   0.55086   0.95525   0.52450
   0.95848   0.55124   0.95846   0.52592
   0.96157   0.55160   0.96155   0.52728
   0.96455   0.55194   0.96453   0.52859
   0.96741   0.55226   0.96739   0.52984
   0.97016   0.55255   0.97014   0.53105
   0.97278   0.55283   0.97276   0.53220
   0.97529   0.55310   0.97527   0.53329
   0.97769   0.55334   0.97767   0.53434
   0.97996   0.55357   0.97994   0.53533
   0.98211   0.55379   0.98209   0.53626
   0.98414   0.55399   0.98412   0.53715
   0.98606   0.55417   0.98604   0.53798
   0.98785   0.55434   0.98783   0.53876
   0.98952   0.55449   0.98950   0.53948
   0.99106   0.55464   0.99104   0.54015
   0.99249   0.55477   0.99247   0.54077
   0.99379   0.55488   0.99377   0.54133
   0.99497   0.55499   0.99495   0.54184
   0.99603   0.55508   0.99601   0.54229
   0.99696   0.55516   0.99694   0.54270
   0.99777   0.55523   0.99775   0.54305
   0.99845   0.55529   0.99843   0.54334
   0.99901   0.55534   0.99899   0.54358
   0.99945   0.55538   0.99943   0.54377
   0.99976   0.55540   0.99974   0.54390
   0.99995   0.55542   0.99993   0.54398
   1.00001   0.55542   0.99999   0.54401

XIN,   MODIFIED LEADING EDGE THICKNESS     0.00000     0.00000
XIN,   MODIFIED LEADING EDGE THICKNESS     0.00006     0.09653
XIN,   MODIFIED LEADING EDGE THICKNESS     0.00025     0.19214
XIN,   MODIFIED LEADING EDGE THICKNESS     0.00056     0.28594
XIN,   MODIFIED LEADING EDGE THICKNESS     0.00100     0.37704
XIN,   MODIFIED LEADING EDGE THICKNESS     0.00156     0.46456
XIN,   MODIFIED LEADING EDGE THICKNESS     0.00224     0.54766
XIN,   MODIFIED LEADING EDGE THICKNESS     0.00305     0.62551
XIN,   MODIFIED LEADING EDGE THICKNESS     0.00398     0.69735
XIN,   MODIFIED LEADING EDGE THICKNESS     0.00504     0.76246
XIN,   MODIFIED LEADING EDGE THICKNESS     0.00622     0.82022
XIN,   MODIFIED LEADING EDGE THICKNESS     0.00752     0.87008
XIN,   MODIFIED LEADING EDGE THICKNESS     0.00895     0.91166
XIN,   MODIFIED LEADING EDGE THICKNESS     0.01049     0.94477
XIN,   MODIFIED LEADING EDGE THICKNESS     0.01216     0.96944
XIN,   MODIFIED LEADING EDGE THICKNESS     0.01395     0.98609
XIN,   MODIFIED LEADING EDGE THICKNESS     0.01587     0.99557
XIN,   MODIFIED LEADING EDGE THICKNESS     0.01790     0.99942
 XIN,   MODIFIED TRAILING EDGE THICKNESS     0.99105     0.99442
 XIN,   MODIFIED TRAILING EDGE THICKNESS     0.99248     0.96876
 XIN,   MODIFIED TRAILING EDGE THICKNESS     0.99378     0.92571
 XIN,   MODIFIED TRAILING EDGE THICKNESS     0.99496     0.86823
 XIN,   MODIFIED TRAILING EDGE THICKNESS     0.99602     0.79867
 XIN,   MODIFIED TRAILING EDGE THICKNESS     0.99695     0.71900
 XIN,   MODIFIED TRAILING EDGE THICKNESS     0.99776     0.63090
 XIN,   MODIFIED TRAILING EDGE THICKNESS     0.99844     0.53585
 XIN,   MODIFIED TRAILING EDGE THICKNESS     0.99900     0.43519
 XIN,   MODIFIED TRAILING EDGE THICKNESS     0.99944     0.33013
 XIN,   MODIFIED TRAILING EDGE THICKNESS     0.99975     0.22186
 XIN,   MODIFIED TRAILING EDGE THICKNESS     0.99994     0.11149
 XIN,   MODIFIED TRAILING EDGE THICKNESS     1.00000     0.00000

  POINTS NEARLY PERPENDICULAR TO THE CENTRE LINE BEFORE THINNING 
        N        XUPP      YUPP        XLOW        YLOW 
         1    -0.00443     0.00469     0.00696    -0.00737
         2    -0.00438     0.00476     0.00704    -0.00732
         3    -0.00423     0.00498     0.00726    -0.00719
         4    -0.00399     0.00535     0.00762    -0.00696
         5    -0.00365     0.00587     0.00814    -0.00663
         6    -0.00321     0.00653     0.00880    -0.00621
         7    -0.00268     0.00734     0.00960    -0.00570
         8    -0.00205     0.00830     0.01054    -0.00510
         9    -0.00132     0.00940     0.01163    -0.00439
        10    -0.00050     0.01064     0.01286    -0.00360
        11     0.00043     0.01203     0.01423    -0.00271
        12     0.00151     0.01349     0.01573    -0.00172
        13     0.00272     0.01507     0.01738    -0.00064
        14     0.00404     0.01677     0.01915     0.00053
        15     0.00547     0.01859     0.02107     0.00180
        16     0.00703     0.02053     0.02311     0.00316
        17     0.00869     0.02258     0.02529     0.00461
        18     0.01047     0.02476     0.02760     0.00615
        19     0.01235     0.02705     0.03004     0.00779
        20     0.01436     0.02946     0.03261     0.00951
        21     0.01647     0.03198     0.03531     0.01133
        22     0.01869     0.03461     0.03813     0.01323
        23     0.02103     0.03735     0.04108     0.01522
        24     0.02347     0.04021     0.04415     0.01729
        25     0.02603     0.04316     0.04735     0.01945
        26     0.02869     0.04622     0.05066     0.02169
        27     0.03147     0.04939     0.05410     0.02401
        28     0.03435     0.05265     0.05765     0.02642
        29     0.03735     0.05602     0.06132     0.02890
        30     0.04045     0.05948     0.06511     0.03145
        31     0.04366     0.06303     0.06901     0.03408
        32     0.04697     0.06667     0.07303     0.03679
        33     0.05040     0.07041     0.07715     0.03957
        34     0.05393     0.07423     0.08139     0.04241
        35     0.05756     0.07814     0.08573     0.04533
        36     0.06130     0.08212     0.09018     0.04831
        37     0.06515     0.08619     0.09474     0.05136
        38     0.06910     0.09034     0.09940     0.05447
        39     0.07315     0.09456     0.10416     0.05765
        40     0.07731     0.09885     0.10903     0.06088
        41     0.08157     0.10322     0.11399     0.06418
        42     0.08593     0.10765     0.11905     0.06753
        43     0.09038     0.11214     0.12421     0.07093
        44     0.09494     0.11670     0.12946     0.07439
        45     0.09960     0.12132     0.13480     0.07790
        46     0.10436     0.12599     0.14023     0.08147
        47     0.10921     0.13072     0.14575     0.08508
        48     0.11416     0.13550     0.15136     0.08874
        49     0.11920     0.14033     0.15706     0.09244
        50     0.12434     0.14521     0.16284     0.09619
        51     0.12957     0.15013     0.16870     0.09998
        52     0.13490     0.15509     0.17464     0.10381
        53     0.14031     0.16009     0.18067     0.10768
        54     0.14582     0.16513     0.18676     0.11159
        55     0.15142     0.17020     0.19294     0.11554
        56     0.15710     0.17531     0.19919     0.11952
        57     0.16287     0.18044     0.20550     0.12353
        58     0.16872     0.18560     0.21189     0.12758
        59     0.17466     0.19079     0.21835     0.13166
        60     0.18069     0.19599     0.22488     0.13577
        61     0.18679     0.20122     0.23146     0.13990
        62     0.19298     0.20646     0.23812     0.14407
        63     0.19924     0.21172     0.24483     0.14826
        64     0.20558     0.21699     0.25160     0.15247
        65     0.21200     0.22226     0.25843     0.15670
        66     0.21850     0.22755     0.26531     0.16096
        67     0.22507     0.23284     0.27225     0.16524
        68     0.23171     0.23814     0.27924     0.16953
        69     0.23842     0.24343     0.28628     0.17385
        70     0.24520     0.24873     0.29337     0.17818
        71     0.25205     0.25402     0.30051     0.18252
        72     0.25896     0.25930     0.30769     0.18688
        73     0.26594     0.26458     0.31492     0.19125
        74     0.27299     0.26985     0.32218     0.19562
        75     0.28010     0.27510     0.32947     0.20000
        76     0.28726     0.28035     0.33681     0.20439
        77     0.29449     0.28557     0.34418     0.20878
        78     0.30177     0.29078     0.35159     0.21318
        79     0.30911     0.29596     0.35902     0.21758
        80     0.31650     0.30113     0.36649     0.22199
        81     0.32394     0.30626     0.37398     0.22639
        82     0.33143     0.31137     0.38150     0.23080
        83     0.33897     0.31644     0.38904     0.23520
        84     0.34655     0.32149     0.39661     0.23960
        85     0.35418     0.32650     0.40420     0.24400
        86     0.36185     0.33148     0.41180     0.24839
        87     0.36956     0.33641     0.41943     0.25278
        88     0.37731     0.34131     0.42707     0.25716
        89     0.38510     0.34617     0.43472     0.26153
        90     0.39292     0.35099     0.44238     0.26590
        91     0.40077     0.35577     0.45006     0.27026
        92     0.40865     0.36050     0.45774     0.27460
        93     0.41656     0.36518     0.46543     0.27894
        94     0.42449     0.36982     0.47312     0.28326
        95     0.43245     0.37440     0.48082     0.28757
        96     0.44043     0.37894     0.48852     0.29186
        97     0.44843     0.38343     0.49622     0.29614
        98     0.45645     0.38786     0.50391     0.30040
        99     0.46448     0.39224     0.51160     0.30464
       100     0.47253     0.39659     0.51929     0.30887
       101     0.48059     0.40086     0.52697     0.31308
       102     0.48866     0.40507     0.53463     0.31727
       103     0.49674     0.40923     0.54229     0.32143
       104     0.50482     0.41332     0.54993     0.32557
       105     0.51291     0.41735     0.55756     0.32969
       106     0.52099     0.42133     0.56517     0.33379
       107     0.52907     0.42524     0.57277     0.33786
       108     0.53715     0.42909     0.58035     0.34191
       109     0.54522     0.43287     0.58790     0.34593
       110     0.55329     0.43659     0.59543     0.34993
       111     0.56134     0.44024     0.60294     0.35390
       112     0.56938     0.44383     0.61043     0.35784
       113     0.57740     0.44736     0.61788     0.36175
       114     0.58540     0.45081     0.62531     0.36563
       115     0.59339     0.45420     0.63270     0.36948
       116     0.60135     0.45753     0.64007     0.37331
       117     0.60929     0.46079     0.64740     0.37710
       118     0.61720     0.46398     0.65469     0.38086
       119     0.62508     0.46710     0.66195     0.38458
       120     0.63293     0.47016     0.66917     0.38828
       121     0.64075     0.47315     0.67635     0.39194
       122     0.64853     0.47607     0.68348     0.39557
       123     0.65628     0.47893     0.69058     0.39916
       124     0.66398     0.48172     0.69763     0.40272
       125     0.67164     0.48444     0.70463     0.40624
       126     0.67925     0.48710     0.71159     0.40973
       127     0.68682     0.48969     0.71849     0.41318
       128     0.69434     0.49221     0.72535     0.41660
       129     0.70181     0.49467     0.73215     0.41997
       130     0.70923     0.49707     0.73890     0.42331
       131     0.71659     0.49940     0.74559     0.42661
       132     0.72389     0.50167     0.75223     0.42987
       133     0.73114     0.50388     0.75881     0.43309
       134     0.73832     0.50602     0.76533     0.43627
       135     0.74544     0.50810     0.77178     0.43941
       136     0.75249     0.51014     0.77818     0.44252
       137     0.75948     0.51210     0.78451     0.44558
       138     0.76639     0.51400     0.79078     0.44860
       139     0.77324     0.51584     0.79697     0.45158
       140     0.78001     0.51763     0.80310     0.45451
       141     0.78671     0.51936     0.80916     0.45741
       142     0.79333     0.52103     0.81515     0.46026
       143     0.79987     0.52264     0.82107     0.46307
       144     0.80633     0.52420     0.82691     0.46583
       145     0.81271     0.52571     0.83268     0.46856
       146     0.81900     0.52717     0.83837     0.47123
       147     0.82521     0.52857     0.84398     0.47387
       148     0.83133     0.52992     0.84952     0.47646
       149     0.83736     0.53123     0.85497     0.47900
       150     0.84330     0.53248     0.86034     0.48150
       151     0.84915     0.53369     0.86563     0.48395
       152     0.85491     0.53485     0.87083     0.48636
       153     0.86057     0.53597     0.87595     0.48872
       154     0.86613     0.53704     0.88098     0.49104
       155     0.87159     0.53807     0.88593     0.49330
       156     0.87696     0.53906     0.89078     0.49553
       157     0.88222     0.54001     0.89554     0.49770
       158     0.88738     0.54091     0.90021     0.49983
       159     0.89244     0.54178     0.90479     0.50191
       160     0.89739     0.54261     0.90928     0.50394
       161     0.90224     0.54340     0.91367     0.50593
       162     0.90698     0.54416     0.91796     0.50787
       163     0.91161     0.54488     0.92216     0.50975
       164     0.91613     0.54557     0.92626     0.51160
       165     0.92054     0.54623     0.93026     0.51339
       166     0.92483     0.54685     0.93415     0.51513
       167     0.92902     0.54744     0.93795     0.51683
       168     0.93309     0.54801     0.94165     0.51847
       169     0.93704     0.54855     0.94524     0.52007
       170     0.94088     0.54905     0.94872     0.52161
       171     0.94460     0.54954     0.95211     0.52311
       172     0.94820     0.54999     0.95538     0.52456
       173     0.95169     0.55042     0.95855     0.52596
       174     0.95505     0.55083     0.96161     0.52731
       175     0.95829     0.55122     0.96457     0.52860
       176     0.96142     0.55158     0.96741     0.52985
       177     0.96442     0.55192     0.97014     0.53105
       178     0.96730     0.55224     0.97277     0.53220
       179     0.97005     0.55254     0.97528     0.53330
       180     0.97268     0.55282     0.97768     0.53434
       181     0.97519     0.55308     0.97996     0.53534
       182     0.97757     0.55333     0.98214     0.53628
       183     0.97983     0.55356     0.98419     0.53718
       184     0.98195     0.55377     0.98614     0.53802
       185     0.98396     0.55397     0.98797     0.53882
       186     0.98583     0.55415     0.98968     0.53956
       187     0.98758     0.55431     0.99128     0.54025
       188     0.98920     0.55446     0.99276     0.54089
       189     0.99069     0.55460     0.99412     0.54148
       190     0.99206     0.55473     0.99537     0.54202
       191     0.99329     0.55484     0.99650     0.54251
       192     0.99440     0.55494     0.99751     0.54294
       193     0.99537     0.55502     0.99840     0.54333
       194     0.99622     0.55510     0.99918     0.54366
       195     0.99693     0.55516     0.99983     0.54394
       196     0.99752     0.55521     1.00037     0.54417
       197     0.99798     0.55525     1.00078     0.54435
       198     0.99830     0.55528     1.00108     0.54448
       199     0.99850     0.55529     1.00126     0.54456
       200     0.99856     0.55530     1.00132     0.54459
  COORDINATES GOING ROUND THE BLADE AFTER ANY ROTATION
     N        XSURF        YSURF 
         1     0.00099    -0.00105
         2     0.00078    -0.00070
         3     0.00041     0.00007
         4     0.00016     0.00096
         5     0.00002     0.00197
         6     0.00000     0.00312
         7     0.00010     0.00439
         8     0.00031     0.00579
         9     0.00064     0.00731
        10     0.00109     0.00895
        11     0.00167     0.01070
        12     0.00243     0.01250
        13     0.00336     0.01438
        14     0.00445     0.01633
        15     0.00571     0.01833
        16     0.00714     0.02041
        17     0.00873     0.02254
        18     0.01047     0.02475
        19     0.01235     0.02705
        20     0.01436     0.02946
        21     0.01647     0.03198
        22     0.01869     0.03461
        23     0.02103     0.03735
        24     0.02347     0.04021
        25     0.02603     0.04316
        26     0.02869     0.04622
        27     0.03147     0.04939
        28     0.03435     0.05265
        29     0.03735     0.05602
        30     0.04045     0.05948
        31     0.04366     0.06303
        32     0.04697     0.06667
        33     0.05040     0.07041
        34     0.05393     0.07423
        35     0.05756     0.07814
        36     0.06130     0.08212
        37     0.06515     0.08619
        38     0.06910     0.09034
        39     0.07315     0.09456
        40     0.07731     0.09885
        41     0.08157     0.10322
        42     0.08593     0.10765
        43     0.09038     0.11214
        44     0.09494     0.11670
        45     0.09960     0.12132
        46     0.10436     0.12599
        47     0.10921     0.13072
        48     0.11416     0.13550
        49     0.11920     0.14033
        50     0.12434     0.14521
        51     0.12957     0.15013
        52     0.13490     0.15509
        53     0.14031     0.16009
        54     0.14582     0.16513
        55     0.15142     0.17020
        56     0.15710     0.17531
        57     0.16287     0.18044
        58     0.16872     0.18560
        59     0.17466     0.19079
        60     0.18069     0.19599
        61     0.18679     0.20122
        62     0.19298     0.20646
        63     0.19924     0.21172
        64     0.20558     0.21699
        65     0.21200     0.22226
        66     0.21850     0.22755
        67     0.22507     0.23284
        68     0.23171     0.23814
        69     0.23842     0.24343
        70     0.24520     0.24873
        71     0.25205     0.25402
        72     0.25896     0.25930
        73     0.26594     0.26458
        74     0.27299     0.26985
        75     0.28010     0.27510
        76     0.28726     0.28035
        77     0.29449     0.28557
        78     0.30177     0.29078
        79     0.30911     0.29596
        80     0.31650     0.30113
        81     0.32394     0.30626
        82     0.33143     0.31137
        83     0.33897     0.31644
        84     0.34655     0.32149
        85     0.35418     0.32650
        86     0.36185     0.33148
        87     0.36956     0.33641
        88     0.37731     0.34131
        89     0.38510     0.34617
        90     0.39292     0.35099
        91     0.40077     0.35577
        92     0.40865     0.36050
        93     0.41656     0.36518
        94     0.42449     0.36982
        95     0.43245     0.37440
        96     0.44043     0.37894
        97     0.44843     0.38343
        98     0.45645     0.38786
        99     0.46448     0.39224
       100     0.47253     0.39659
       101     0.48059     0.40086
       102     0.48866     0.40507
       103     0.49674     0.40923
       104     0.50482     0.41332
       105     0.51291     0.41735
       106     0.52099     0.42133
       107     0.52907     0.42524
       108     0.53715     0.42909
       109     0.54522     0.43287
       110     0.55329     0.43659
       111     0.56134     0.44024
       112     0.56938     0.44383
       113     0.57740     0.44736
       114     0.58540     0.45081
       115     0.59339     0.45420
       116     0.60135     0.45753
       117     0.60929     0.46079
       118     0.61720     0.46398
       119     0.62508     0.46710
       120     0.63293     0.47016
       121     0.64075     0.47315
       122     0.64853     0.47607
       123     0.65628     0.47893
       124     0.66398     0.48172
       125     0.67164     0.48444
       126     0.67925     0.48710
       127     0.68682     0.48969
       128     0.69434     0.49221
       129     0.70181     0.49467
       130     0.70923     0.49707
       131     0.71659     0.49940
       132     0.72389     0.50167
       133     0.73114     0.50388
       134     0.73832     0.50602
       135     0.74544     0.50810
       136     0.75249     0.51014
       137     0.75948     0.51210
       138     0.76639     0.51400
       139     0.77324     0.51584
       140     0.78001     0.51763
       141     0.78671     0.51936
       142     0.79333     0.52103
       143     0.79987     0.52264
       144     0.80633     0.52420
       145     0.81271     0.52571
       146     0.81900     0.52717
       147     0.82521     0.52857
       148     0.83133     0.52992
       149     0.83736     0.53123
       150     0.84330     0.53248
       151     0.84915     0.53369
       152     0.85491     0.53485
       153     0.86057     0.53597
       154     0.86613     0.53704
       155     0.87159     0.53807
       156     0.87696     0.53906
       157     0.88222     0.54001
       158     0.88738     0.54091
       159     0.89244     0.54178
       160     0.89739     0.54261
       161     0.90224     0.54340
       162     0.90698     0.54416
       163     0.91161     0.54488
       164     0.91613     0.54557
       165     0.92054     0.54623
       166     0.92483     0.54685
       167     0.92902     0.54744
       168     0.93309     0.54801
       169     0.93704     0.54855
       170     0.94088     0.54905
       171     0.94460     0.54954
       172     0.94820     0.54999
       173     0.95169     0.55042
       174     0.95505     0.55083
       175     0.95829     0.55122
       176     0.96142     0.55158
       177     0.96442     0.55192
       178     0.96730     0.55224
       179     0.97005     0.55254
       180     0.97268     0.55282
       181     0.97519     0.55308
       182     0.97757     0.55333
       183     0.97983     0.55356
       184     0.98195     0.55377
       185     0.98396     0.55397
       186     0.98583     0.55415
       187     0.98758     0.55431
       188     0.98921     0.55443
       189     0.99075     0.55440
       190     0.99218     0.55425
       191     0.99350     0.55403
       192     0.99471     0.55373
       193     0.99580     0.55338
       194     0.99676     0.55299
       195     0.99761     0.55256
       196     0.99832     0.55209
       197     0.99892     0.55160
       198     0.99938     0.55108
       199     0.99973     0.55053
       200     0.99987     0.55024
       201     1.00002     0.54964
       202     1.00003     0.54933
       203     1.00000     0.54868
       204     0.99984     0.54800
       205     0.99956     0.54729
       206     0.99916     0.54655
       207     0.99863     0.54577
       208     0.99798     0.54497
       209     0.99720     0.54415
       210     0.99629     0.54332
       211     0.99525     0.54249
       212     0.99407     0.54169
       213     0.99275     0.54093
       214     0.99128     0.54025
       215     0.98968     0.53956
       216     0.98797     0.53882
       217     0.98614     0.53802
       218     0.98419     0.53718
       219     0.98214     0.53628
       220     0.97996     0.53534
       221     0.97768     0.53434
       222     0.97528     0.53330
       223     0.97277     0.53220
       224     0.97014     0.53105
       225     0.96741     0.52985
       226     0.96457     0.52860
       227     0.96161     0.52731
       228     0.95855     0.52596
       229     0.95538     0.52456
       230     0.95211     0.52311
       231     0.94872     0.52161
       232     0.94524     0.52007
       233     0.94165     0.51847
       234     0.93795     0.51683
       235     0.93415     0.51513
       236     0.93026     0.51339
       237     0.92626     0.51160
       238     0.92216     0.50975
       239     0.91796     0.50787
       240     0.91367     0.50593
       241     0.90928     0.50394
       242     0.90479     0.50191
       243     0.90021     0.49983
       244     0.89554     0.49770
       245     0.89078     0.49553
       246     0.88593     0.49330
       247     0.88098     0.49104
       248     0.87595     0.48872
       249     0.87083     0.48636
       250     0.86563     0.48395
       251     0.86034     0.48150
       252     0.85497     0.47900
       253     0.84952     0.47646
       254     0.84398     0.47387
       255     0.83837     0.47123
       256     0.83268     0.46856
       257     0.82691     0.46583
       258     0.82107     0.46307
       259     0.81515     0.46026
       260     0.80916     0.45741
       261     0.80310     0.45451
       262     0.79697     0.45158
       263     0.79078     0.44860
       264     0.78451     0.44558
       265     0.77818     0.44252
       266     0.77178     0.43941
       267     0.76533     0.43627
       268     0.75881     0.43309
       269     0.75223     0.42987
       270     0.74559     0.42661
       271     0.73890     0.42331
       272     0.73215     0.41997
       273     0.72535     0.41660
       274     0.71849     0.41318
       275     0.71159     0.40973
       276     0.70463     0.40624
       277     0.69763     0.40272
       278     0.69058     0.39916
       279     0.68348     0.39557
       280     0.67635     0.39194
       281     0.66917     0.38828
       282     0.66195     0.38458
       283     0.65469     0.38086
       284     0.64740     0.37710
       285     0.64007     0.37331
       286     0.63270     0.36948
       287     0.62531     0.36563
       288     0.61788     0.36175
       289     0.61043     0.35784
       290     0.60294     0.35390
       291     0.59543     0.34993
       292     0.58790     0.34593
       293     0.58035     0.34191
       294     0.57277     0.33786
       295     0.56517     0.33379
       296     0.55756     0.32969
       297     0.54993     0.32557
       298     0.54229     0.32143
       299     0.53463     0.31727
       300     0.52697     0.31308
       301     0.51929     0.30887
       302     0.51160     0.30464
       303     0.50391     0.30040
       304     0.49622     0.29614
       305     0.48852     0.29186
       306     0.48082     0.28757
       307     0.47312     0.28326
       308     0.46543     0.27894
       309     0.45774     0.27460
       310     0.45006     0.27026
       311     0.44238     0.26590
       312     0.43472     0.26153
       313     0.42707     0.25716
       314     0.41943     0.25278
       315     0.41180     0.24839
       316     0.40420     0.24400
       317     0.39661     0.23960
       318     0.38904     0.23520
       319     0.38150     0.23080
       320     0.37398     0.22639
       321     0.36649     0.22199
       322     0.35902     0.21758
       323     0.35159     0.21318
       324     0.34418     0.20878
       325     0.33681     0.20439
       326     0.32947     0.20000
       327     0.32218     0.19562
       328     0.31492     0.19125
       329     0.30769     0.18688
       330     0.30051     0.18252
       331     0.29337     0.17818
       332     0.28628     0.17385
       333     0.27924     0.16953
       334     0.27225     0.16524
       335     0.26531     0.16096
       336     0.25843     0.15670
       337     0.25160     0.15247
       338     0.24483     0.14825
       339     0.23812     0.14407
       340     0.23146     0.13990
       341     0.22488     0.13577
       342     0.21835     0.13166
       343     0.21189     0.12758
       344     0.20550     0.12353
       345     0.19919     0.11952
       346     0.19294     0.11554
       347     0.18676     0.11159
       348     0.18067     0.10768
       349     0.17464     0.10381
       350     0.16870     0.09998
       351     0.16284     0.09619
       352     0.15706     0.09244
       353     0.15136     0.08874
       354     0.14575     0.08508
       355     0.14023     0.08147
       356     0.13480     0.07790
       357     0.12946     0.07439
       358     0.12421     0.07093
       359     0.11905     0.06753
       360     0.11399     0.06418
       361     0.10903     0.06088
       362     0.10416     0.05765
       363     0.09940     0.05447
       364     0.09474     0.05136
       365     0.09018     0.04831
       366     0.08573     0.04533
       367     0.08139     0.04241
       368     0.07715     0.03957
       369     0.07303     0.03679
       370     0.06901     0.03408
       371     0.06511     0.03145
       372     0.06132     0.02890
       373     0.05765     0.02642
       374     0.05410     0.02401
       375     0.05066     0.02169
       376     0.04735     0.01945
       377     0.04415     0.01729
       378     0.04108     0.01522
       379     0.03813     0.01323
       380     0.03531     0.01133
       381     0.03261     0.00951
       382     0.03004     0.00779
       383     0.02760     0.00616
       384     0.02526     0.00465
       385     0.02300     0.00328
       386     0.02083     0.00205
       387     0.01874     0.00098
       388     0.01673     0.00005
       389     0.01481    -0.00073
       390     0.01299    -0.00139
       391     0.01127    -0.00191
       392     0.00967    -0.00231
       393     0.00819    -0.00259
       394     0.00682    -0.00275
       395     0.00558    -0.00280
       396     0.00447    -0.00274
       397     0.00348    -0.00256
       398     0.00262    -0.00227
       399     0.00188    -0.00186
       400     0.00154    -0.00163
  LEADING EDGE POINT =            6  TE POINT =         202

  NO OF SUCT S POINTS         197  NO PRESS S POINTS         205
  XMIN,XMAX, XCHORD     2.19489448E-06   1.00003374       1.00003159    

   SUCTION SURFACE POINTS FROM LE TO TE.
         1     0.00000     0.00312
         2     0.00010     0.00439
         3     0.00031     0.00579
         4     0.00064     0.00731
         5     0.00109     0.00895
         6     0.00167     0.01070
         7     0.00243     0.01250
         8     0.00336     0.01438
         9     0.00445     0.01633
        10     0.00571     0.01833
        11     0.00714     0.02041
        12     0.00873     0.02254
        13     0.01047     0.02475
        14     0.01235     0.02705
        15     0.01436     0.02946
        16     0.01647     0.03198
        17     0.01869     0.03461
        18     0.02103     0.03735
        19     0.02347     0.04021
        20     0.02603     0.04316
        21     0.02869     0.04622
        22     0.03147     0.04939
        23     0.03435     0.05265
        24     0.03735     0.05602
        25     0.04045     0.05948
        26     0.04366     0.06303
        27     0.04697     0.06667
        28     0.05040     0.07041
        29     0.05393     0.07423
        30     0.05756     0.07814
        31     0.06130     0.08212
        32     0.06515     0.08619
        33     0.06910     0.09034
        34     0.07315     0.09456
        35     0.07731     0.09885
        36     0.08157     0.10322
        37     0.08593     0.10765
        38     0.09038     0.11214
        39     0.09494     0.11670
        40     0.09960     0.12132
        41     0.10436     0.12599
        42     0.10921     0.13072
        43     0.11416     0.13550
        44     0.11920     0.14033
        45     0.12434     0.14521
        46     0.12957     0.15013
        47     0.13490     0.15509
        48     0.14031     0.16009
        49     0.14582     0.16513
        50     0.15142     0.17020
        51     0.15710     0.17531
        52     0.16287     0.18044
        53     0.16872     0.18560
        54     0.17466     0.19079
        55     0.18069     0.19599
        56     0.18679     0.20122
        57     0.19298     0.20646
        58     0.19924     0.21172
        59     0.20558     0.21699
        60     0.21200     0.22226
        61     0.21850     0.22755
        62     0.22507     0.23284
        63     0.23171     0.23814
        64     0.23842     0.24343
        65     0.24520     0.24873
        66     0.25205     0.25402
        67     0.25896     0.25930
        68     0.26594     0.26458
        69     0.27299     0.26985
        70     0.28010     0.27510
        71     0.28726     0.28035
        72     0.29449     0.28557
        73     0.30177     0.29078
        74     0.30911     0.29596
        75     0.31650     0.30113
        76     0.32394     0.30626
        77     0.33143     0.31137
        78     0.33897     0.31644
        79     0.34655     0.32149
        80     0.35418     0.32650
        81     0.36185     0.33148
        82     0.36956     0.33641
        83     0.37731     0.34131
        84     0.38510     0.34617
        85     0.39292     0.35099
        86     0.40077     0.35577
        87     0.40865     0.36050
        88     0.41656     0.36518
        89     0.42449     0.36982
        90     0.43245     0.37440
        91     0.44043     0.37894
        92     0.44843     0.38343
        93     0.45645     0.38786
        94     0.46448     0.39224
        95     0.47253     0.39659
        96     0.48059     0.40086
        97     0.48866     0.40507
        98     0.49674     0.40923
        99     0.50482     0.41332
       100     0.51291     0.41735
       101     0.52099     0.42133
       102     0.52907     0.42524
       103     0.53715     0.42909
       104     0.54522     0.43287
       105     0.55329     0.43659
       106     0.56134     0.44024
       107     0.56938     0.44383
       108     0.57740     0.44736
       109     0.58540     0.45081
       110     0.59339     0.45420
       111     0.60135     0.45753
       112     0.60929     0.46079
       113     0.61720     0.46398
       114     0.62508     0.46710
       115     0.63293     0.47016
       116     0.64075     0.47315
       117     0.64853     0.47607
       118     0.65628     0.47893
       119     0.66398     0.48172
       120     0.67164     0.48444
       121     0.67925     0.48710
       122     0.68682     0.48969
       123     0.69434     0.49221
       124     0.70181     0.49467
       125     0.70923     0.49707
       126     0.71659     0.49940
       127     0.72389     0.50167
       128     0.73114     0.50388
       129     0.73832     0.50602
       130     0.74544     0.50810
       131     0.75249     0.51014
       132     0.75948     0.51210
       133     0.76639     0.51400
       134     0.77324     0.51584
       135     0.78001     0.51763
       136     0.78671     0.51936
       137     0.79333     0.52103
       138     0.79987     0.52264
       139     0.80633     0.52420
       140     0.81271     0.52571
       141     0.81900     0.52717
       142     0.82521     0.52857
       143     0.83133     0.52992
       144     0.83736     0.53123
       145     0.84330     0.53248
       146     0.84915     0.53369
       147     0.85491     0.53485
       148     0.86057     0.53597
       149     0.86613     0.53704
       150     0.87159     0.53807
       151     0.87696     0.53906
       152     0.88222     0.54001
       153     0.88738     0.54091
       154     0.89244     0.54178
       155     0.89739     0.54261
       156     0.90224     0.54340
       157     0.90698     0.54416
       158     0.91161     0.54488
       159     0.91613     0.54557
       160     0.92054     0.54623
       161     0.92483     0.54685
       162     0.92902     0.54744
       163     0.93309     0.54801
       164     0.93704     0.54855
       165     0.94088     0.54905
       166     0.94460     0.54954
       167     0.94820     0.54999
       168     0.95169     0.55042
       169     0.95505     0.55083
       170     0.95829     0.55122
       171     0.96142     0.55158
       172     0.96442     0.55192
       173     0.96730     0.55224
       174     0.97005     0.55254
       175     0.97268     0.55282
       176     0.97519     0.55308
       177     0.97757     0.55333
       178     0.97983     0.55356
       179     0.98195     0.55377
       180     0.98396     0.55397
       181     0.98583     0.55415
       182     0.98758     0.55431
       183     0.98921     0.55443
       184     0.99075     0.55440
       185     0.99218     0.55425
       186     0.99350     0.55403
       187     0.99471     0.55373
       188     0.99580     0.55338
       189     0.99676     0.55299
       190     0.99761     0.55256
       191     0.99832     0.55209
       192     0.99892     0.55160
       193     0.99938     0.55108
       194     0.99973     0.55053
       195     0.99987     0.55024
       196     1.00002     0.54964
       197     1.00003     0.54933

   PRESSURE SURFACE POINTS FROM LE TO TE.
         1     0.00000     0.00312
         2     0.00002     0.00197
         3     0.00016     0.00096
         4     0.00041     0.00007
         5     0.00078    -0.00070
         6     0.00099    -0.00105
         7     0.00154    -0.00163
         8     0.00188    -0.00186
         9     0.00262    -0.00227
        10     0.00348    -0.00256
        11     0.00447    -0.00274
        12     0.00558    -0.00280
        13     0.00682    -0.00275
        14     0.00819    -0.00259
        15     0.00967    -0.00231
        16     0.01127    -0.00191
        17     0.01299    -0.00139
        18     0.01481    -0.00073
        19     0.01673     0.00005
        20     0.01874     0.00098
        21     0.02083     0.00205
        22     0.02300     0.00328
        23     0.02526     0.00465
        24     0.02760     0.00616
        25     0.03004     0.00779
        26     0.03261     0.00951
        27     0.03531     0.01133
        28     0.03813     0.01323
        29     0.04108     0.01522
        30     0.04415     0.01729
        31     0.04735     0.01945
        32     0.05066     0.02169
        33     0.05410     0.02401
        34     0.05765     0.02642
        35     0.06132     0.02890
        36     0.06511     0.03145
        37     0.06901     0.03408
        38     0.07303     0.03679
        39     0.07715     0.03957
        40     0.08139     0.04241
        41     0.08573     0.04533
        42     0.09018     0.04831
        43     0.09474     0.05136
        44     0.09940     0.05447
        45     0.10416     0.05765
        46     0.10903     0.06088
        47     0.11399     0.06418
        48     0.11905     0.06753
        49     0.12421     0.07093
        50     0.12946     0.07439
        51     0.13480     0.07790
        52     0.14023     0.08147
        53     0.14575     0.08508
        54     0.15136     0.08874
        55     0.15706     0.09244
        56     0.16284     0.09619
        57     0.16870     0.09998
        58     0.17464     0.10381
        59     0.18067     0.10768
        60     0.18676     0.11159
        61     0.19294     0.11554
        62     0.19919     0.11952
        63     0.20550     0.12353
        64     0.21189     0.12758
        65     0.21835     0.13166
        66     0.22488     0.13577
        67     0.23146     0.13990
        68     0.23812     0.14407
        69     0.24483     0.14825
        70     0.25160     0.15247
        71     0.25843     0.15670
        72     0.26531     0.16096
        73     0.27225     0.16524
        74     0.27924     0.16953
        75     0.28628     0.17385
        76     0.29337     0.17818
        77     0.30051     0.18252
        78     0.30769     0.18688
        79     0.31492     0.19125
        80     0.32218     0.19562
        81     0.32947     0.20000
        82     0.33681     0.20439
        83     0.34418     0.20878
        84     0.35159     0.21318
        85     0.35902     0.21758
        86     0.36649     0.22199
        87     0.37398     0.22639
        88     0.38150     0.23080
        89     0.38904     0.23520
        90     0.39661     0.23960
        91     0.40420     0.24400
        92     0.41180     0.24839
        93     0.41943     0.25278
        94     0.42707     0.25716
        95     0.43472     0.26153
        96     0.44238     0.26590
        97     0.45006     0.27026
        98     0.45774     0.27460
        99     0.46543     0.27894
       100     0.47312     0.28326
       101     0.48082     0.28757
       102     0.48852     0.29186
       103     0.49622     0.29614
       104     0.50391     0.30040
       105     0.51160     0.30464
       106     0.51929     0.30887
       107     0.52697     0.31308
       108     0.53463     0.31727
       109     0.54229     0.32143
       110     0.54993     0.32557
       111     0.55756     0.32969
       112     0.56517     0.33379
       113     0.57277     0.33786
       114     0.58035     0.34191
       115     0.58790     0.34593
       116     0.59543     0.34993
       117     0.60294     0.35390
       118     0.61043     0.35784
       119     0.61788     0.36175
       120     0.62531     0.36563
       121     0.63270     0.36948
       122     0.64007     0.37331
       123     0.64740     0.37710
       124     0.65469     0.38086
       125     0.66195     0.38458
       126     0.66917     0.38828
       127     0.67635     0.39194
       128     0.68348     0.39557
       129     0.69058     0.39916
       130     0.69763     0.40272
       131     0.70463     0.40624
       132     0.71159     0.40973
       133     0.71849     0.41318
       134     0.72535     0.41660
       135     0.73215     0.41997
       136     0.73890     0.42331
       137     0.74559     0.42661
       138     0.75223     0.42987
       139     0.75881     0.43309
       140     0.76533     0.43627
       141     0.77178     0.43941
       142     0.77818     0.44252
       143     0.78451     0.44558
       144     0.79078     0.44860
       145     0.79697     0.45158
       146     0.80310     0.45451
       147     0.80916     0.45741
       148     0.81515     0.46026
       149     0.82107     0.46307
       150     0.82691     0.46583
       151     0.83268     0.46856
       152     0.83837     0.47123
       153     0.84398     0.47387
       154     0.84952     0.47646
       155     0.85497     0.47900
       156     0.86034     0.48150
       157     0.86563     0.48395
       158     0.87083     0.48636
       159     0.87595     0.48872
       160     0.88098     0.49104
       161     0.88593     0.49330
       162     0.89078     0.49553
       163     0.89554     0.49770
       164     0.90021     0.49983
       165     0.90479     0.50191
       166     0.90928     0.50394
       167     0.91367     0.50593
       168     0.91796     0.50787
       169     0.92216     0.50975
       170     0.92626     0.51160
       171     0.93026     0.51339
       172     0.93415     0.51513
       173     0.93795     0.51683
       174     0.94165     0.51847
       175     0.94524     0.52007
       176     0.94872     0.52161
       177     0.95211     0.52311
       178     0.95538     0.52456
       179     0.95855     0.52596
       180     0.96161     0.52731
       181     0.96457     0.52860
       182     0.96741     0.52985
       183     0.97014     0.53105
       184     0.97277     0.53220
       185     0.97528     0.53330
       186     0.97768     0.53434
       187     0.97996     0.53534
       188     0.98214     0.53628
       189     0.98419     0.53718
       190     0.98614     0.53802
       191     0.98797     0.53882
       192     0.98968     0.53956
       193     0.99128     0.54025
       194     0.99275     0.54093
       195     0.99407     0.54169
       196     0.99525     0.54249
       197     0.99629     0.54332
       198     0.99720     0.54415
       199     0.99798     0.54497
       200     0.99863     0.54577
       201     0.99916     0.54655
       202     0.99956     0.54729
       203     0.99984     0.54800
       204     1.00000     0.54868
       205     1.00003     0.54933
  POINTS ON THE BLADE TO BE USED FOR PLOTTING 
  AND FINAL INTERPOLATION 
  N           X          YUP        YLOW        THICK 
    1      0.0000      0.0031      0.0031      0.0000
    2      0.0001      0.0039      0.0016      0.0023
    3      0.0002      0.0054      0.0006      0.0048
    4      0.0006      0.0070     -0.0003      0.0072
    5      0.0010      0.0086     -0.0011      0.0097
    6      0.0016      0.0104     -0.0016      0.0120
    7      0.0022      0.0121     -0.0021      0.0141
    8      0.0030      0.0138     -0.0024      0.0162
    9      0.0040      0.0155     -0.0027      0.0181
   10      0.0050      0.0173     -0.0028      0.0200
   11      0.0062      0.0191     -0.0028      0.0218
   12      0.0075      0.0209     -0.0027      0.0236
   13      0.0089      0.0228     -0.0024      0.0253
   14      0.0105      0.0248     -0.0021      0.0269
   15      0.0122      0.0268     -0.0016      0.0285
   16      0.0140      0.0290     -0.0010      0.0300
   17      0.0159      0.0313     -0.0003      0.0316
   18      0.0179      0.0337      0.0006      0.0331
   19      0.0201      0.0362      0.0017      0.0346
   20      0.0223      0.0389      0.0029      0.0360
   21      0.0247      0.0416      0.0043      0.0373
   22      0.0272      0.0445      0.0059      0.0386
   23      0.0299      0.0476      0.0077      0.0399
   24      0.0326      0.0507      0.0095      0.0412
   25      0.0355      0.0539      0.0114      0.0425
   26      0.0384      0.0572      0.0134      0.0438
   27      0.0415      0.0607      0.0155      0.0452
   28      0.0447      0.0642      0.0177      0.0465
   29      0.0481      0.0679      0.0199      0.0479
   30      0.0515      0.0716      0.0223      0.0493
   31      0.0550      0.0754      0.0246      0.0508
   32      0.0587      0.0793      0.0271      0.0522
   33      0.0625      0.0833      0.0297      0.0537
   34      0.0663      0.0874      0.0323      0.0552
   35      0.0703      0.0916      0.0350      0.0566
   36      0.0744      0.0959      0.0377      0.0581
   37      0.0786      0.1002      0.0405      0.0596
   38      0.0829      0.1046      0.0434      0.0611
   39      0.0873      0.1090      0.0464      0.0627
   40      0.0918      0.1136      0.0494      0.0642
   41      0.0964      0.1182      0.0525      0.0657
   42      0.1011      0.1228      0.0556      0.0672
   43      0.1059      0.1275      0.0588      0.0687
   44      0.1108      0.1323      0.0621      0.0702
   45      0.1159      0.1371      0.0654      0.0717
   46      0.1210      0.1420      0.0688      0.0732
   47      0.1261      0.1469      0.0722      0.0747
   48      0.1314      0.1519      0.0757      0.0762
   49      0.1368      0.1569      0.0792      0.0776
   50      0.1423      0.1619      0.0828      0.0791
   51      0.1478      0.1670      0.0864      0.0805
   52      0.1535      0.1721      0.0901      0.0819
   53      0.1592      0.1772      0.0938      0.0834
   54      0.1650      0.1824      0.0976      0.0847
   55      0.1709      0.1875      0.1014      0.0861
   56      0.1769      0.1927      0.1053      0.0875
   57      0.1830      0.1980      0.1092      0.0888
   58      0.1891      0.2032      0.1131      0.0901
   59      0.1954      0.2085      0.1171      0.0914
   60      0.2017      0.2137      0.1211      0.0926
   61      0.2080      0.2190      0.1251      0.0939
   62      0.2145      0.2243      0.1292      0.0951
   63      0.2210      0.2296      0.1333      0.0962
   64      0.2276      0.2348      0.1375      0.0974
   65      0.2342      0.2401      0.1416      0.0985
   66      0.2409      0.2454      0.1458      0.0996
   67      0.2477      0.2507      0.1501      0.1006
   68      0.2546      0.2559      0.1543      0.1016
   69      0.2615      0.2612      0.1586      0.1026
   70      0.2684      0.2664      0.1629      0.1036
   71      0.2755      0.2717      0.1672      0.1045
   72      0.2826      0.2769      0.1716      0.1053
   73      0.2897      0.2821      0.1759      0.1062
   74      0.2969      0.2873      0.1803      0.1070
   75      0.3041      0.2924      0.1847      0.1077
   76      0.3114      0.2976      0.1891      0.1084
   77      0.3187      0.3027      0.1935      0.1091
   78      0.3261      0.3077      0.1980      0.1098
   79      0.3335      0.3128      0.2024      0.1104
   80      0.3410      0.3178      0.2069      0.1109
   81      0.3485      0.3228      0.2113      0.1114
   82      0.3560      0.3277      0.2158      0.1119
   83      0.3636      0.3326      0.2203      0.1123
   84      0.3712      0.3375      0.2248      0.1127
   85      0.3789      0.3423      0.2293      0.1130
   86      0.3865      0.3471      0.2337      0.1133
   87      0.3942      0.3518      0.2382      0.1136
   88      0.4020      0.3565      0.2427      0.1138
   89      0.4097      0.3611      0.2472      0.1139
   90      0.4175      0.3657      0.2517      0.1141
   91      0.4253      0.3703      0.2561      0.1141
   92      0.4331      0.3748      0.2606      0.1142
   93      0.4409      0.3792      0.2651      0.1141
   94      0.4488      0.3836      0.2695      0.1141
   95      0.4566      0.3880      0.2740      0.1140
   96      0.4645      0.3922      0.2784      0.1138
   97      0.4724      0.3965      0.2828      0.1137
   98      0.4803      0.4007      0.2873      0.1134
   99      0.4882      0.4048      0.2917      0.1131
  100      0.4961      0.4089      0.2961      0.1128
  101      0.5039      0.4129      0.3004      0.1125
  102      0.5118      0.4168      0.3048      0.1120
  103      0.5197      0.4207      0.3091      0.1116
  104      0.5276      0.4245      0.3134      0.1111
  105      0.5355      0.4283      0.3177      0.1106
  106      0.5434      0.4320      0.3220      0.1100
  107      0.5512      0.4356      0.3263      0.1094
  108      0.5591      0.4392      0.3305      0.1087
  109      0.5669      0.4427      0.3347      0.1080
  110      0.5747      0.4462      0.3389      0.1073
  111      0.5825      0.4496      0.3431      0.1065
  112      0.5903      0.4529      0.3472      0.1057
  113      0.5980      0.4561      0.3513      0.1048
  114      0.6058      0.4593      0.3554      0.1040
  115      0.6135      0.4625      0.3594      0.1030
  116      0.6211      0.4655      0.3634      0.1021
  117      0.6288      0.4685      0.3674      0.1011
  118      0.6364      0.4715      0.3714      0.1001
  119      0.6440      0.4743      0.3753      0.0990
  120      0.6515      0.4772      0.3792      0.0979
  121      0.6590      0.4799      0.3831      0.0968
  122      0.6665      0.4826      0.3869      0.0957
  123      0.6739      0.4852      0.3907      0.0945
  124      0.6813      0.4878      0.3944      0.0933
  125      0.6886      0.4903      0.3982      0.0921
  126      0.6959      0.4927      0.4018      0.0909
  127      0.7031      0.4951      0.4055      0.0896
  128      0.7103      0.4974      0.4091      0.0883
  129      0.7174      0.4997      0.4127      0.0870
  130      0.7245      0.5019      0.4162      0.0857
  131      0.7316      0.5040      0.4197      0.0843
  132      0.7385      0.5061      0.4231      0.0829
  133      0.7454      0.5081      0.4265      0.0816
  134      0.7523      0.5101      0.4299      0.0802
  135      0.7591      0.5120      0.4332      0.0788
  136      0.7658      0.5138      0.4365      0.0773
  137      0.7724      0.5156      0.4397      0.0759
  138      0.7790      0.5174      0.4429      0.0744
  139      0.7855      0.5190      0.4461      0.0730
  140      0.7920      0.5207      0.4492      0.0715
  141      0.7983      0.5223      0.4522      0.0700
  142      0.8046      0.5238      0.4552      0.0685
  143      0.8109      0.5253      0.4582      0.0670
  144      0.8170      0.5267      0.4611      0.0656
  145      0.8231      0.5281      0.4640      0.0641
  146      0.8291      0.5294      0.4668      0.0626
  147      0.8350      0.5307      0.4696      0.0611
  148      0.8408      0.5319      0.4724      0.0596
  149      0.8465      0.5331      0.4750      0.0581
  150      0.8522      0.5343      0.4777      0.0566
  151      0.8577      0.5354      0.4803      0.0551
  152      0.8632      0.5365      0.4828      0.0536
  153      0.8686      0.5375      0.4853      0.0522
  154      0.8739      0.5385      0.4878      0.0507
  155      0.8790      0.5394      0.4901      0.0493
  156      0.8841      0.5403      0.4925      0.0478
  157      0.8892      0.5412      0.4948      0.0464
  158      0.8941      0.5420      0.4970      0.0450
  159      0.8989      0.5428      0.4992      0.0436
  160      0.9036      0.5436      0.5014      0.0422
  161      0.9082      0.5443      0.5034      0.0409
  162      0.9127      0.5450      0.5055      0.0395
  163      0.9171      0.5457      0.5075      0.0382
  164      0.9214      0.5463      0.5094      0.0369
  165      0.9256      0.5469      0.5113      0.0356
  166      0.9297      0.5475      0.5131      0.0344
  167      0.9337      0.5481      0.5149      0.0332
  168      0.9375      0.5486      0.5166      0.0320
  169      0.9413      0.5491      0.5183      0.0308
  170      0.9450      0.5496      0.5199      0.0296
  171      0.9485      0.5500      0.5215      0.0285
  172      0.9519      0.5504      0.5230      0.0274
  173      0.9553      0.5508      0.5245      0.0263
  174      0.9585      0.5512      0.5259      0.0253
  175      0.9616      0.5516      0.5273      0.0243
  176      0.9645      0.5519      0.5286      0.0233
  177      0.9674      0.5522      0.5298      0.0224
  178      0.9701      0.5525      0.5310      0.0215
  179      0.9728      0.5528      0.5322      0.0206
  180      0.9753      0.5531      0.5333      0.0198
  181      0.9777      0.5533      0.5343      0.0190
  182      0.9799      0.5536      0.5353      0.0182
  183      0.9821      0.5538      0.5363      0.0175
  184      0.9841      0.5540      0.5372      0.0168
  185      0.9860      0.5542      0.5380      0.0162
  186      0.9878      0.5543      0.5388      0.0156
  187      0.9895      0.5544      0.5395      0.0149
  188      0.9911      0.5543      0.5402      0.0142
  189      0.9925      0.5542      0.5408      0.0134
  190      0.9938      0.5539      0.5415      0.0124
  191      0.9950      0.5536      0.5423      0.0113
  192      0.9960      0.5533      0.5431      0.0101
  193      0.9970      0.5529      0.5439      0.0089
  194      0.9978      0.5524      0.5448      0.0077
  195      0.9984      0.5519      0.5456      0.0064
  196      0.9990      0.5514      0.5464      0.0051
  197      0.9994      0.5509      0.5471      0.0038
  198      0.9998      0.5504      0.5478      0.0026
  199      0.9999      0.5498      0.5485      0.0013
  200      1.0000      0.5493      0.5493      0.0000
 GRID EXPANSION RATIO UP=    1.11538 DOWN =    1.07955
  AXIAL,TANGENTIAL AND RADIAL COORDINATES ON THE STREAM
  SURFACE BEFORE TRANSFORMING TO R-THETA COORDINATES 
 J, XGRID,YGRID,RGRID            1   5.01796305E-02  -1.00350538E-02  0.544344008    
 J, XGRID,YGRID,RGRID            2   5.14342636E-02  -8.84909928E-03  0.544286549    
 J, XGRID,YGRID,RGRID            3   5.25592454E-02  -7.78582413E-03  0.544238210    
 J, XGRID,YGRID,RGRID            4   5.35679646E-02  -6.83253864E-03  0.544197381    
 J, XGRID,YGRID,RGRID            5   5.44724204E-02  -5.97786391E-03  0.544162810    
 J, XGRID,YGRID,RGRID            6   5.52833751E-02  -5.21160010E-03  0.544133961    
 J, XGRID,YGRID,RGRID            7   5.60104996E-02  -4.52460116E-03  0.544109702    
 J, XGRID,YGRID,RGRID            8   5.66624403E-02  -3.90866818E-03  0.544088900    
 J, XGRID,YGRID,RGRID            9   5.72469607E-02  -3.35644954E-03  0.544070780    
 J, XGRID,YGRID,RGRID           10   5.77710383E-02  -2.86135427E-03  0.544055223    
 J, XGRID,YGRID,RGRID           11   5.82409129E-02  -2.41747359E-03  0.544041574    
 J, XGRID,YGRID,RGRID           12   5.86621873E-02  -2.01950944E-03  0.544029593    
 J, XGRID,YGRID,RGRID           13   5.90399019E-02  -1.66271219E-03  0.544019163    
 J, XGRID,YGRID,RGRID           14   5.93785457E-02  -1.34282326E-03  0.544009924    
 J, XGRID,YGRID,RGRID           15   5.96821643E-02  -1.05602480E-03  0.544001758    
 J, XGRID,YGRID,RGRID           16   5.99543676E-02  -7.98893918E-04  0.543994486    
 J, XGRID,YGRID,RGRID           17   6.01984300E-02  -5.68361604E-04  0.543988109    
 J, XGRID,YGRID,RGRID           18   6.04172498E-02  -3.61676357E-04  0.543982506    
 J, XGRID,YGRID,RGRID           19   6.06134273E-02  -1.76371395E-04  0.543977439    
 J, XGRID,YGRID,RGRID           20   6.07893094E-02  -1.02350541E-05  0.543972969    
 J, XGRID,YGRID,RGRID           21   6.09470010E-02   1.38715550E-04  0.543968976    
 J, XGRID,YGRID,RGRID           22   6.11045808E-02   6.42567640E-04  0.543962479    
 J, XGRID,YGRID,RGRID           23   6.12693615E-02   8.99764593E-04  0.543955684    
 J, XGRID,YGRID,RGRID           24   6.14419468E-02   1.12105499E-03  0.543948352    
 J, XGRID,YGRID,RGRID           25   6.16230629E-02   1.33902172E-03  0.543940783    
 J, XGRID,YGRID,RGRID           26   6.18133321E-02   1.56420062E-03  0.543932617    
 J, XGRID,YGRID,RGRID           27   6.20134249E-02   1.79758598E-03  0.543923795    
 J, XGRID,YGRID,RGRID           28   6.22239932E-02   2.03984068E-03  0.543914437    
 J, XGRID,YGRID,RGRID           29   6.24457113E-02   2.29153968E-03  0.543904424    
 J, XGRID,YGRID,RGRID           30   6.26792312E-02   2.55318685E-03  0.543893695    
 J, XGRID,YGRID,RGRID           31   6.29252270E-02   2.82522570E-03  0.543882251    
 J, XGRID,YGRID,RGRID           32   6.31843582E-02   3.10804788E-03  0.543870032    
 J, XGRID,YGRID,RGRID           33   6.34572580E-02   3.40199564E-03  0.543856919    
 J, XGRID,YGRID,RGRID           34   6.37446120E-02   3.70736211E-03  0.543842852    
 J, XGRID,YGRID,RGRID           35   6.40470758E-02   4.02439479E-03  0.543827832    
 J, XGRID,YGRID,RGRID           36   6.43651709E-02   4.35313862E-03  0.543811738    
 J, XGRID,YGRID,RGRID           37   6.46989420E-02   4.69316728E-03  0.543794632    
 J, XGRID,YGRID,RGRID           38   6.50491714E-02   5.04473876E-03  0.543776214    
 J, XGRID,YGRID,RGRID           39   6.54167682E-02   5.40814968E-03  0.543756545    
 J, XGRID,YGRID,RGRID           40   6.58026561E-02   5.78373484E-03  0.543735564    
 J, XGRID,YGRID,RGRID           41   6.62079230E-02   6.17185095E-03  0.543713152    
 J, XGRID,YGRID,RGRID           42   6.66336939E-02   6.57287380E-03  0.543689072    
 J, XGRID,YGRID,RGRID           43   6.70810491E-02   6.98697800E-03  0.543663323    
 J, XGRID,YGRID,RGRID           44   6.75507784E-02   7.41410768E-03  0.543635786    
 J, XGRID,YGRID,RGRID           45   6.80444911E-02   7.85478298E-03  0.543606222    
 J, XGRID,YGRID,RGRID           46   6.85639307E-02   8.30957294E-03  0.543574572    
 J, XGRID,YGRID,RGRID           47   6.91110268E-02   8.77908431E-03  0.543540418    
 J, XGRID,YGRID,RGRID           48   6.96879923E-02   9.26394016E-03  0.543504000    
 J, XGRID,YGRID,RGRID           49   7.02970847E-02   9.76474024E-03  0.543464601    
 J, XGRID,YGRID,RGRID           50   7.09457397E-02   1.02859149E-02  0.543421984    
 J, XGRID,YGRID,RGRID           51   7.16432482E-02   1.08328192E-02  0.543375075    
 J, XGRID,YGRID,RGRID           52   7.23903999E-02   1.14035420E-02  0.543323994    
 J, XGRID,YGRID,RGRID           53   7.31866285E-02   1.19950520E-02  0.543268502    
 J, XGRID,YGRID,RGRID           54   7.40299821E-02   1.26031619E-02  0.543208480    
 J, XGRID,YGRID,RGRID           55   7.49172121E-02   1.32226273E-02  0.543144405    
 J, XGRID,YGRID,RGRID           56   7.58437142E-02   1.38478177E-02  0.543076277    
 J, XGRID,YGRID,RGRID           57   7.67944753E-02   1.44669199E-02  0.543005288    
 J, XGRID,YGRID,RGRID           58   7.77543187E-02   1.50694111E-02  0.542932630    
 J, XGRID,YGRID,RGRID           59   7.87180066E-02   1.56521127E-02  0.542858601    
 J, XGRID,YGRID,RGRID           60   7.96814188E-02   1.62128508E-02  0.542784154    
 J, XGRID,YGRID,RGRID           61   8.06412473E-02   1.67502742E-02  0.542709053    
 J, XGRID,YGRID,RGRID           62   8.15952346E-02   1.72650795E-02  0.542634070    
 J, XGRID,YGRID,RGRID           63   8.25420022E-02   1.77546777E-02  0.542559147    
 J, XGRID,YGRID,RGRID           64   8.34880024E-02   1.82241760E-02  0.542483926    
 J, XGRID,YGRID,RGRID           65   8.44374895E-02   1.86757352E-02  0.542408526    
 J, XGRID,YGRID,RGRID           66   8.53896961E-02   1.91090703E-02  0.542332768    
 J, XGRID,YGRID,RGRID           67   8.63433704E-02   1.95237454E-02  0.542256892    
 J, XGRID,YGRID,RGRID           68   8.72968286E-02   1.99192129E-02  0.542181373    
 J, XGRID,YGRID,RGRID           69   8.82478207E-02   2.02948768E-02  0.542106271    
 J, XGRID,YGRID,RGRID           70   8.91937092E-02   2.06501167E-02  0.542032003    
 J, XGRID,YGRID,RGRID           71   9.01260674E-02   2.09825095E-02  0.541959167    
 J, XGRID,YGRID,RGRID           72   9.10396352E-02   2.12912690E-02  0.541888595    
 J, XGRID,YGRID,RGRID           73   9.19319764E-02   2.15768106E-02  0.541820288    
 J, XGRID,YGRID,RGRID           74   9.28010345E-02   2.18397751E-02  0.541754603    
 J, XGRID,YGRID,RGRID           75   9.36453119E-02   2.20818892E-02  0.541691482    
 J, XGRID,YGRID,RGRID           76   9.44637060E-02   2.23024637E-02  0.541631162    
 J, XGRID,YGRID,RGRID           77   9.52557027E-02   2.25036424E-02  0.541573703    
 J, XGRID,YGRID,RGRID           78   9.60241854E-02   2.26873700E-02  0.541518807    
 J, XGRID,YGRID,RGRID           79   9.67698693E-02   2.28549223E-02  0.541466355    
 J, XGRID,YGRID,RGRID           80   9.74927992E-02   2.30073147E-02  0.541416347    
 J, XGRID,YGRID,RGRID           81   9.81929749E-02   2.31455248E-02  0.541368842    
 J, XGRID,YGRID,RGRID           82   9.88703519E-02   2.32704971E-02  0.541323602    
 J, XGRID,YGRID,RGRID           83   9.95249972E-02   2.33831275E-02  0.541280925    
 J, XGRID,YGRID,RGRID           84  0.100156844       2.34842803E-02  0.541240513    
 J, XGRID,YGRID,RGRID           85  0.100765921       2.35747807E-02  0.541202307    
 J, XGRID,YGRID,RGRID           86  0.101352230       2.36554183E-02  0.541166246    
 J, XGRID,YGRID,RGRID           87  0.101915754       2.37269476E-02  0.541132390    
 J, XGRID,YGRID,RGRID           88  0.102456488       2.37900876E-02  0.541100681    
 J, XGRID,YGRID,RGRID           89  0.102974460       2.38455385E-02  0.541070879    
 J, XGRID,YGRID,RGRID           90  0.103469640       2.38920823E-02  0.541042984    
 J, XGRID,YGRID,RGRID           91  0.103941977       2.36732997E-02  0.541016936    
 J, XGRID,YGRID,RGRID           92  0.104414940       2.37950478E-02  0.541001678    
 J, XGRID,YGRID,RGRID           93  0.104925513       2.39265878E-02  0.540985525    
 J, XGRID,YGRID,RGRID           94  0.105476744       2.40685903E-02  0.540968597    
 J, XGRID,YGRID,RGRID           95  0.106071830       2.42218897E-02  0.540950596    
 J, XGRID,YGRID,RGRID           96  0.106714264       2.43873857E-02  0.540931761    
 J, XGRID,YGRID,RGRID           97  0.107407853       2.45660450E-02  0.540912032    
 J, XGRID,YGRID,RGRID           98  0.108156592       2.47589201E-02  0.540891409    
 J, XGRID,YGRID,RGRID           99  0.108964980       2.49671359E-02  0.540869951    
 J, XGRID,YGRID,RGRID          100  0.109837659       2.51919162E-02  0.540847719    
 J, XGRID,YGRID,RGRID          101  0.110779822       2.54345797E-02  0.540824771    
 J, XGRID,YGRID,RGRID          102  0.111796975       2.56965458E-02  0.540801227    
 J, XGRID,YGRID,RGRID          103  0.112895079       2.59793531E-02  0.540777206    
 J, XGRID,YGRID,RGRID          104  0.114080563       2.62846574E-02  0.540752828    
 J, XGRID,YGRID,RGRID          105  0.115360439       2.66142506E-02  0.540728450    
 J, XGRID,YGRID,RGRID          106  0.116742156       2.69700605E-02  0.540704072    
 J, XGRID,YGRID,RGRID          107  0.118233837       2.73541771E-02  0.540680051    
 J, XGRID,YGRID,RGRID          108  0.119844258       2.77688503E-02  0.540656924    
 J, XGRID,YGRID,RGRID          109  0.121582851       2.82165110E-02  0.540634990    
 J, XGRID,YGRID,RGRID          110  0.123459816       2.86997855E-02  0.540614545    
 J, XGRID,YGRID,RGRID          111  0.125486076       2.92215049E-02  0.540596187    

  THE BLADE CENTROID ON THE X-Y SURFACE IS AT X, Y=    0.08118   0.01382


  THE J VALUE OF THE CENTROID IS J =           62

  THE CENTROID ON THE STREAM SURFACE IS AT   8.11769888E-02   0.00000000    
  THE HUB SECTION CENTROID IS AT   8.14773291E-02   0.00000000    

  AXIAL & RADIAL COORDINATES ON THE SS AFTER STACKING 
  J  , XGRID,RGRID            1   5.04799709E-02  0.544344008    
  J  , XGRID,RGRID            2   5.17346039E-02  0.544286549    
  J  , XGRID,RGRID            3   5.28595857E-02  0.544238210    
  J  , XGRID,RGRID            4   5.38683049E-02  0.544197381    
  J  , XGRID,RGRID            5   5.47727607E-02  0.544162810    
  J  , XGRID,RGRID            6   5.55837154E-02  0.544133961    
  J  , XGRID,RGRID            7   5.63108400E-02  0.544109702    
  J  , XGRID,RGRID            8   5.69627807E-02  0.544088900    
  J  , XGRID,RGRID            9   5.75473011E-02  0.544070780    
  J  , XGRID,RGRID           10   5.80713786E-02  0.544055223    
  J  , XGRID,RGRID           11   5.85412532E-02  0.544041574    
  J  , XGRID,RGRID           12   5.89625277E-02  0.544029593    
  J  , XGRID,RGRID           13   5.93402423E-02  0.544019163    
  J  , XGRID,RGRID           14   5.96788861E-02  0.544009924    
  J  , XGRID,RGRID           15   5.99825047E-02  0.544001758    
  J  , XGRID,RGRID           16   6.02547079E-02  0.543994486    
  J  , XGRID,RGRID           17   6.04987703E-02  0.543988109    
  J  , XGRID,RGRID           18   6.07175902E-02  0.543982506    
  J  , XGRID,RGRID           19   6.09137677E-02  0.543977439    
  J  , XGRID,RGRID           20   6.10896498E-02  0.543972969    
  J  , XGRID,RGRID           21   6.12473413E-02  0.543968976    
  J  , XGRID,RGRID           22   6.14049211E-02  0.543962479    
  J  , XGRID,RGRID           23   6.15697019E-02  0.543955684    
  J  , XGRID,RGRID           24   6.17422871E-02  0.543948352    
  J  , XGRID,RGRID           25   6.19234033E-02  0.543940783    
  J  , XGRID,RGRID           26   6.21136725E-02  0.543932617    
  J  , XGRID,RGRID           27   6.23137653E-02  0.543923795    
  J  , XGRID,RGRID           28   6.25243336E-02  0.543914437    
  J  , XGRID,RGRID           29   6.27460480E-02  0.543904424    
  J  , XGRID,RGRID           30   6.29795715E-02  0.543893695    
  J  , XGRID,RGRID           31   6.32255673E-02  0.543882251    
  J  , XGRID,RGRID           32   6.34846985E-02  0.543870032    
  J  , XGRID,RGRID           33   6.37575984E-02  0.543856919    
  J  , XGRID,RGRID           34   6.40449524E-02  0.543842852    
  J  , XGRID,RGRID           35   6.43474162E-02  0.543827832    
  J  , XGRID,RGRID           36   6.46655113E-02  0.543811738    
  J  , XGRID,RGRID           37   6.49992824E-02  0.543794632    
  J  , XGRID,RGRID           38   6.53495118E-02  0.543776214    
  J  , XGRID,RGRID           39   6.57171085E-02  0.543756545    
  J  , XGRID,RGRID           40   6.61029965E-02  0.543735564    
  J  , XGRID,RGRID           41   6.65082633E-02  0.543713152    
  J  , XGRID,RGRID           42   6.69340342E-02  0.543689072    
  J  , XGRID,RGRID           43   6.73813894E-02  0.543663323    
  J  , XGRID,RGRID           44   6.78511187E-02  0.543635786    
  J  , XGRID,RGRID           45   6.83448315E-02  0.543606222    
  J  , XGRID,RGRID           46   6.88642710E-02  0.543574572    
  J  , XGRID,RGRID           47   6.94113672E-02  0.543540418    
  J  , XGRID,RGRID           48   6.99883327E-02  0.543504000    
  J  , XGRID,RGRID           49   7.05974251E-02  0.543464601    
  J  , XGRID,RGRID           50   7.12460801E-02  0.543421984    
  J  , XGRID,RGRID           51   7.19435886E-02  0.543375075    
  J  , XGRID,RGRID           52   7.26907402E-02  0.543323994    
  J  , XGRID,RGRID           53   7.34869689E-02  0.543268502    
  J  , XGRID,RGRID           54   7.43303224E-02  0.543208480    
  J  , XGRID,RGRID           55   7.52175525E-02  0.543144405    
  J  , XGRID,RGRID           56   7.61440545E-02  0.543076277    
  J  , XGRID,RGRID           57   7.70948157E-02  0.543005288    
  J  , XGRID,RGRID           58   7.80546591E-02  0.542932630    
  J  , XGRID,RGRID           59   7.90183470E-02  0.542858601    
  J  , XGRID,RGRID           60   7.99817592E-02  0.542784154    
  J  , XGRID,RGRID           61   8.09415877E-02  0.542709053    
  J  , XGRID,RGRID           62   8.18955749E-02  0.542634070    
  J  , XGRID,RGRID           63   8.28423426E-02  0.542559147    
  J  , XGRID,RGRID           64   8.37883428E-02  0.542483926    
  J  , XGRID,RGRID           65   8.47378299E-02  0.542408526    
  J  , XGRID,RGRID           66   8.56900364E-02  0.542332768    
  J  , XGRID,RGRID           67   8.66437107E-02  0.542256892    
  J  , XGRID,RGRID           68   8.75971690E-02  0.542181373    
  J  , XGRID,RGRID           69   8.85481611E-02  0.542106271    
  J  , XGRID,RGRID           70   8.94940495E-02  0.542032003    
  J  , XGRID,RGRID           71   9.04264078E-02  0.541959167    
  J  , XGRID,RGRID           72   9.13399756E-02  0.541888595    
  J  , XGRID,RGRID           73   9.22323167E-02  0.541820288    
  J  , XGRID,RGRID           74   9.31013748E-02  0.541754603    
  J  , XGRID,RGRID           75   9.39456522E-02  0.541691482    
  J  , XGRID,RGRID           76   9.47640464E-02  0.541631162    
  J  , XGRID,RGRID           77   9.55560431E-02  0.541573703    
  J  , XGRID,RGRID           78   9.63245258E-02  0.541518807    
  J  , XGRID,RGRID           79   9.70702097E-02  0.541466355    
  J  , XGRID,RGRID           80   9.77931395E-02  0.541416347    
  J  , XGRID,RGRID           81   9.84933153E-02  0.541368842    
  J  , XGRID,RGRID           82   9.91706923E-02  0.541323602    
  J  , XGRID,RGRID           83   9.98253375E-02  0.541280925    
  J  , XGRID,RGRID           84  0.100457184      0.541240513    
  J  , XGRID,RGRID           85  0.101066262      0.541202307    
  J  , XGRID,RGRID           86  0.101652570      0.541166246    
  J  , XGRID,RGRID           87  0.102216095      0.541132390    
  J  , XGRID,RGRID           88  0.102756828      0.541100681    
  J  , XGRID,RGRID           89  0.103274800      0.541070879    
  J  , XGRID,RGRID           90  0.103769980      0.541042984    
  J  , XGRID,RGRID           91  0.104242317      0.541016936    
  J  , XGRID,RGRID           92  0.104715280      0.541001678    
  J  , XGRID,RGRID           93  0.105225854      0.540985525    
  J  , XGRID,RGRID           94  0.105777085      0.540968597    
  J  , XGRID,RGRID           95  0.106372170      0.540950596    
  J  , XGRID,RGRID           96  0.107014604      0.540931761    
  J  , XGRID,RGRID           97  0.107708193      0.540912032    
  J  , XGRID,RGRID           98  0.108456932      0.540891409    
  J  , XGRID,RGRID           99  0.109265320      0.540869951    
  J  , XGRID,RGRID          100  0.110137999      0.540847719    
  J  , XGRID,RGRID          101  0.111080162      0.540824771    
  J  , XGRID,RGRID          102  0.112097315      0.540801227    
  J  , XGRID,RGRID          103  0.113195419      0.540777206    
  J  , XGRID,RGRID          104  0.114380904      0.540752828    
  J  , XGRID,RGRID          105  0.115660779      0.540728450    
  J  , XGRID,RGRID          106  0.117042497      0.540704072    
  J  , XGRID,RGRID          107  0.118534178      0.540680051    
  J  , XGRID,RGRID          108  0.120144598      0.540656924    
  J  , XGRID,RGRID          109  0.121883191      0.540634990    
  J  , XGRID,RGRID          110  0.123760156      0.540614545    
  J  , XGRID,RGRID          111  0.125786424      0.540596187    
